"card_id","chapter_id","event_id","title","illustration_existante","fichier_svg","statut"
"CARD-005-homere","THM-005","EVT-0022","Homère : des récits partagés par les Grecs","non","EVT-0022.svg","nouvelle illustration"
"CARD-005-olympie","THM-005","EVT-0023","Olympie : un sanctuaire commun aux Grecs","oui","EVT-0023.svg","illustration validée intacte"
"CARD-005-rome","THM-005","EVT-0024","Rome : distinguer légende et histoire","non","EVT-0024.svg","nouvelle illustration"
"CARD-005-bible","THM-005","EVT-0026","La Bible hébraïque : une écriture progressive","non","EVT-0026.svg","nouvelle illustration"
"CARD-005-jerusalem","THM-005","EVT-0027","Jérusalem conquise et l’exil à Babylone","non","EVT-0027.svg","nouvelle illustration"
"CARD-005-retour","THM-005","EVT-0028","Revenir après l’exil","non","EVT-0028.svg","nouvelle illustration"
"CARD-005-clisthene","THM-005","EVT-0372","Clisthène : réorganiser la cité d’Athènes","non","EVT-0372.svg","nouvelle illustration"
"CARD-005-athenes","THM-005","EVT-0029","Athènes au temps de Périclès : une démocratie limitée","non","EVT-0029.svg","nouvelle illustration"
"CARD-016-entree-guerre","THM-016","EVT-0089","Une crise européenne devient une guerre mondiale","non","EVT-0089.svg","nouvelle illustration"
"CARD-016-armeniens","THM-016","EVT-0090","Le génocide des Arméniens : des civils visés","non","EVT-0090.svg","nouvelle illustration"
"CARD-016-verdun","THM-016","EVT-0482","Verdun : combattre dans une guerre totale","non","EVT-0482.svg","nouvelle illustration"
"CARD-016-bolcheviks","THM-016","EVT-0484","Les bolcheviks prennent le pouvoir en Russie","non","EVT-0484.svg","nouvelle illustration"
"CARD-016-armistice","THM-016","EVT-0091","L’armistice : arrêter les combats, construire la paix","oui","EVT-0091.svg","illustration validée intacte"
"CARD-016-nazisme","THM-016","","L’Allemagne nazie : un régime totalitaire","non","","motif sans événement canonique"
"CARD-016-matignon","THM-016","EVT-0094","Le Front populaire et les accords de Matignon","non","EVT-0094.svg","nouvelle illustration"
"CARD-016-pologne","THM-016","EVT-0097","L’invasion de la Pologne ouvre la guerre en Europe","oui","EVT-0097.svg","illustration validée intacte"
"CARD-016-vichy","THM-016","EVT-0107","Vichy : une rupture avec la République","non","EVT-0107.svg","nouvelle illustration"
"CARD-016-cnr","THM-016","EVT-0016","Le CNR : unir les résistances","oui","EVT-0016.svg","illustration validée intacte"
"CARD-016-auschwitz","THM-016","EVT-0518","Auschwitz : comprendre le génocide","non","EVT-0518.svg","nouvelle illustration"
"CARD-016-capitulation","THM-016","EVT-0101","La capitulation allemande met fin à la guerre en Europe","non","EVT-0101.svg","nouvelle illustration"
"CARD-020-constantinople","THM-020","EVT-0062","Constantinople : une rupture dans les équilibres méditerranéens","oui","EVT-0062.svg","illustration validée intacte"
"CARD-020-erasme","THM-020","EVT-0149","Érasme : l’humanisme comme démarche intellectuelle","non","EVT-0149.svg","nouvelle illustration"
"CARD-020-colomb","THM-020","EVT-0063","Colomb : des contacts qui ouvrent la conquête","oui","EVT-0063.svg","illustration validée intacte"
"CARD-020-sixtine","THM-020","EVT-0147","Michel-Ange : créer sous le patronage de l’Église","non","EVT-0147.svg","nouvelle illustration"
"CARD-020-luther","THM-020","EVT-0064","Luther : une contestation qui ouvre la Réforme","oui","EVT-0064.svg","illustration validée intacte"
"CARD-020-circumnavigation","THM-020","EVT-0143","Magellan-Elcano : une expédition fait le tour du monde","non","EVT-0143.svg","nouvelle illustration"
"CARD-020-valladolid","THM-020","EVT-0144","Valladolid : débattre de la légitimité de la conquête","non","EVT-0144.svg","nouvelle illustration"
"CARD-020-plantations","THM-020","EVT-0145","Plantations et traite : un processus de longue durée","non","EVT-0145.svg","nouvelle illustration"
"CARD-028-crise","THM-028","EVT-0494","La crise économique fragilise les démocraties","non","EVT-0494.svg","nouvelle illustration"
"CARD-028-hitler","THM-028","EVT-0497","Hitler chancelier : une nomination suivie de la dictature","oui","EVT-0497.svg","illustration validée intacte"
"CARD-028-new-deal","THM-028","EVT-0243","Le New Deal : intervenir dans le cadre démocratique","non","EVT-0243.svg","nouvelle illustration"
"CARD-028-pleins-pouvoirs","THM-028","EVT-0499","Les pleins pouvoirs accélèrent la destruction de la démocratie","non","EVT-0499.svg","nouvelle illustration"
"CARD-028-nuremberg","THM-028","EVT-0501","Les lois de Nuremberg institutionnalisent l’exclusion","non","EVT-0501.svg","nouvelle illustration"
"CARD-028-espagne","THM-028","EVT-0502","La guerre d’Espagne internationalise les affrontements politiques","non","EVT-0502.svg","nouvelle illustration"
"CARD-028-munich","THM-028","EVT-0504","Munich : les limites de l’apaisement","non","EVT-0504.svg","nouvelle illustration"
"CARD-028-pogrom","THM-028","EVT-0244","Le pogrom de novembre : une escalade des persécutions","non","EVT-0244.svg","nouvelle illustration"
"CARD-028-appel","THM-028","EVT-0014","L’appel de de Gaulle : poursuivre la guerre malgré la défaite","oui","EVT-0014.svg","illustration validée intacte"
"CARD-001-fete-nationale","THM-001","EVT-0002","Une fête pour rassembler les citoyens","non","EVT-0002.svg","nouvelle illustration"
"CARD-001-ecole-gratuite","THM-001","EVT-0003","L’école publique devient gratuite","oui","EVT-0003.svg","illustration validée intacte"
"CARD-001-instruction-obligatoire","THM-001","EVT-0004","Apprendre devient une obligation","non","EVT-0004.svg","nouvelle illustration"
"CARD-001-centenaire-republique","THM-001","EVT-0001","Célébrer la République et son histoire","non","EVT-0001.svg","nouvelle illustration"
"CARD-001-liberte-conscience","THM-001","EVT-0005","La liberté de croire ou de ne pas croire","non","EVT-0005.svg","nouvelle illustration"
"CARD-001-citoyennete-femmes","THM-001","EVT-0006","Les femmes obtiennent le droit de vote","oui","EVT-0006.svg","illustration validée intacte"
"CARD-002-machines-usines","THM-002","EVT-0009","Produire avec des machines","non","EVT-0009.svg","nouvelle illustration"
"CARD-002-industrie-france","THM-002","EVT-0010","L’industrie transforme la France","non","EVT-0010.svg","nouvelle illustration"
"CARD-002-canuts","THM-002","EVT-0453","Les ouvriers de la soie se révoltent","oui","EVT-0453.svg","illustration validée intacte"
"CARD-002-paris-transforme","THM-002","EVT-0192","Une ville change de visage","non","EVT-0192.svg","nouvelle illustration"
"CARD-002-syndicats","THM-002","EVT-0476","Se réunir pour défendre ses droits","non","EVT-0476.svg","nouvelle illustration"
"CARD-002-population-urbaine","THM-002","EVT-0011","Les villes accueillent davantage d’habitants","non","EVT-0011.svg","nouvelle illustration"
"CARD-003-premiere-guerre","THM-003","EVT-0012","Une guerre qui mobilise les sociétés","oui","EVT-0012.svg","illustration validée intacte"
"CARD-003-seconde-guerre","THM-003","EVT-0013","Une nouvelle guerre mondiale","oui","EVT-0013.svg","illustration validée intacte"
"CARD-003-refuser-defaite","THM-003","EVT-0014","Refuser d’arrêter le combat","oui","EVT-0014.svg","illustration validée intacte"
"CARD-003-rafle-veldhiv","THM-003","EVT-0015","Des familles juives arrêtées","non","EVT-0015.svg","nouvelle illustration"
"CARD-003-resistance-unie","THM-003","EVT-0016","Réunir les résistants","oui","EVT-0016.svg","illustration validée intacte"
"CARD-003-debarquement","THM-003","EVT-0017","Ouvrir la voie à la libération","oui","EVT-0017.svg","illustration validée intacte"
"CARD-003-schuman-paix","THM-003","EVT-0018","Construire la paix par la coopération","oui","EVT-0018.svg","illustration validée intacte"
"CARD-003-communaute-europeenne","THM-003","EVT-0118","Des pays européens organisent leurs échanges","oui","EVT-0118.svg","illustration validée intacte"
"CARD-004-outils-pierre","THM-004","EVT-0338","Fabriquer des outils de pierre","oui","EVT-0338.svg","illustration validée intacte"
"CARD-004-agriculture","THM-004","EVT-0340","Cultiver et élever des animaux","oui","EVT-0340.svg","illustration validée intacte"
"CARD-004-catalhoyuk","THM-004","EVT-2042","Habiter un grand village","non","EVT-2042.svg","nouvelle illustration"
"CARD-004-premiers-etats","THM-004","EVT-0342","Organiser les premiers États","non","EVT-0342.svg","nouvelle illustration"
"CARD-004-ecriture","THM-004","EVT-0341","Garder des traces avec l’écriture","non","EVT-0341.svg","nouvelle illustration"
"CARD-004-pyramide","THM-004","EVT-0368","Une pyramide montre la puissance du pharaon","oui","EVT-0368.svg","illustration validée intacte"
"CARD-004-hammurabi","THM-004","EVT-0369","Le roi affirme son autorité par des lois","non","EVT-0369.svg","nouvelle illustration"
"CARD-006-han","THM-006","EVT-0041","La Chine des Han : un autre grand empire","non","EVT-0041.svg","nouvelle illustration"
"CARD-006-auguste","THM-006","EVT-0031","Auguste concentre le pouvoir à Rome","non","EVT-0031.svg","nouvelle illustration"
"CARD-006-paix-romaine","THM-006","EVT-0033","Vivre et circuler dans l’Empire romain","non","EVT-0033.svg","nouvelle illustration"
"CARD-006-jerusalem-temple","THM-006","EVT-0036","Rome réprime une révolte en Judée","non","EVT-0036.svg","nouvelle illustration"
"CARD-006-caracalla","THM-006","EVT-0034","La citoyenneté romaine s’élargit","non","EVT-0034.svg","nouvelle illustration"
"CARD-006-liberte-chretiens","THM-006","EVT-0388","Le christianisme peut être pratiqué ouvertement","oui","EVT-0388.svg","illustration validée intacte"
"CARD-006-nicee","THM-006","EVT-0037","Un concile cherche une croyance commune","non","EVT-0037.svg","nouvelle illustration"
"CARD-006-religion-imperiale","THM-006","EVT-0039","Le pouvoir impérial soutient une religion","non","EVT-0039.svg","nouvelle illustration"
"CARD-007-hegire","THM-007","EVT-0042","L’hégire : une communauté s’organise","oui","EVT-0042.svg","illustration validée intacte"
"CARD-007-charlemagne","THM-007","EVT-0044","Un empereur chrétien en Occident","oui","EVT-0044.svg","illustration validée intacte"
"CARD-007-chretientes-separees","THM-007","EVT-0045","Des chrétientés qui se séparent progressivement","non","EVT-0045.svg","nouvelle illustration"
"CARD-007-manzikert","THM-007","EVT-0400","Une défaite fragilise Byzance","non","EVT-0400.svg","nouvelle illustration"
"CARD-007-appel-croisade","THM-007","EVT-0399","Le pape appelle à la croisade","non","EVT-0399.svg","nouvelle illustration"
"CARD-007-constantinople-croises","THM-007","EVT-0046","Des croisés attaquent une ville chrétienne","non","EVT-0046.svg","nouvelle illustration"
"CARD-007-empire-mongol","THM-007","EVT-0403","Les Mongols construisent un empire","non","EVT-0403.svg","nouvelle illustration"
"CARD-008-justinien","THM-008","EVT-0047","Justinien veut restaurer la puissance romaine","non","EVT-0047.svg","nouvelle illustration"
"CARD-008-couronnement-imperial","THM-008","EVT-0044","Un couronnement affirme une nouvelle autorité","oui","EVT-0044.svg","illustration validée intacte"
"CARD-008-verdun-partage","THM-008","EVT-0048","Partager un empire ne crée pas des nations modernes","non","EVT-0048.svg","nouvelle illustration"
"CARD-008-jerusalem-croisade","THM-008","EVT-0049","La prise de Jérusalem ouvre une domination nouvelle","non","EVT-0049.svg","nouvelle illustration"
"CARD-008-sac-constantinople","THM-008","EVT-0046","Le pillage transforme les rapports entre chrétientés","non","EVT-0046.svg","nouvelle illustration"
"CARD-008-bagdad-mongols","THM-008","EVT-0051","Bagdad tombe aux mains des Mongols","non","EVT-0051.svg","nouvelle illustration"
"CARD-009-hugues-capet","THM-009","EVT-0052","Un roi au pouvoir encore limité","non","EVT-0052.svg","nouvelle illustration"
"CARD-009-campagnes-medievales","THM-009","EVT-0053","Les campagnes nourrissent une population croissante","oui","EVT-0053.svg","illustration validée intacte"
"CARD-009-bouvines-royaume","THM-009","EVT-0054","Une victoire renforce le roi","non","EVT-0054.svg","nouvelle illustration"
"CARD-009-magna-carta","THM-009","EVT-0401","Des grands du royaume limitent le roi","oui","EVT-0401.svg","illustration validée intacte"
"CARD-009-eglise-latran","THM-009","EVT-0402","L’Église organise la vie des croyants","non","EVT-0402.svg","nouvelle illustration"
"CARD-009-guerre-cent-ans","THM-009","EVT-0055","La guerre transforme les royaumes","non","EVT-0055.svg","nouvelle illustration"
"CARD-009-jacquerie","THM-009","EVT-0408","Des paysans se soulèvent","non","EVT-0408.svg","nouvelle illustration"
"CARD-009-castillon","THM-009","EVT-0056","La victoire accompagne le renforcement monarchique","non","EVT-0056.svg","nouvelle illustration"
"CARD-010-philippe-auguste","THM-010","EVT-0057","Gouverner un royaume plus étendu","non","EVT-0057.svg","nouvelle illustration"
"CARD-010-louis-ix","THM-010","EVT-0058","Louis IX affirme une justice royale","oui","EVT-0058.svg","illustration validée intacte"
"CARD-010-saint-louis","THM-010","EVT-0059","Un roi devient une figure religieuse","non","EVT-0059.svg","nouvelle illustration"
"CARD-010-etats-generaux","THM-010","EVT-0060","Le roi cherche des soutiens dans le royaume","non","EVT-0060.svg","nouvelle illustration"
"CARD-010-conflit-dynastique","THM-010","EVT-0055","Des droits au trône deviennent un conflit durable","non","EVT-0055.svg","nouvelle illustration"
"CARD-010-peste-noire","THM-010","EVT-0061","Une épidémie bouleverse la société","non","EVT-0061.svg","nouvelle illustration"
"CARD-010-fin-combats","THM-010","EVT-0056","Sortir d’une longue guerre","non","EVT-0056.svg","nouvelle illustration"
"CARD-011-constantinople","THM-011","EVT-0062","Une conquête change les équilibres méditerranéens","oui","EVT-0062.svg","illustration validée intacte"
"CARD-011-colomb-ameriques","THM-011","EVT-0063","Un voyage ouvre des contacts et des conquêtes","oui","EVT-0063.svg","illustration validée intacte"
"CARD-011-tordesillas","THM-011","EVT-0418","Deux royaumes revendiquent des espaces lointains","oui","EVT-0418.svg","illustration validée intacte"
"CARD-011-vasco-de-gama","THM-011","EVT-0419","Une route maritime relie l’Europe à l’océan Indien","oui","EVT-0419.svg","illustration validée intacte"
"CARD-011-luther-reforme","THM-011","EVT-0064","Luther conteste des pratiques de l’Église","oui","EVT-0064.svg","illustration validée intacte"
"CARD-011-copernic","THM-011","EVT-0420","Repenser la place de la Terre","oui","EVT-0420.svg","illustration validée intacte"
"CARD-011-nantes-paix","THM-011","EVT-0065","Organiser la coexistence après les guerres de Religion","oui","EVT-0065.svg","illustration validée intacte"
"CARD-011-louis-xiv-pouvoir","THM-011","EVT-0066","Louis XIV gouverne personnellement","non","EVT-0066.svg","nouvelle illustration"
"CARD-012-imprimerie","THM-012","EVT-0414","L’imprimerie facilite la circulation des idées","oui","EVT-0414.svg","illustration validée intacte"
"CARD-012-contacts-atlantiques","THM-012","EVT-0063","Les contacts atlantiques créent des rapports inégaux","oui","EVT-0063.svg","illustration validée intacte"
"CARD-012-idees-protestantes","THM-012","EVT-0064","Des textes religieux deviennent un débat européen","oui","EVT-0064.svg","illustration validée intacte"
"CARD-012-magellan-depart","THM-012","EVT-0069","Magellan lance une expédition vers l’ouest","non","EVT-0069.svg","nouvelle illustration"
"CARD-012-elcano-retour","THM-012","EVT-0070","Elcano achève le premier tour du monde","non","EVT-0070.svg","nouvelle illustration"
"CARD-012-concile-trente","THM-012","EVT-0072","L’Église catholique se réforme aussi","non","EVT-0072.svg","nouvelle illustration"
"CARD-012-guerres-religion","THM-012","EVT-0073","La division religieuse devient une guerre civile","non","EVT-0073.svg","nouvelle illustration"
"CARD-012-revocation-nantes","THM-012","EVT-0076","Le roi retire des droits aux protestants","oui","EVT-0076.svg","illustration validée intacte"
"CARD-013-traite-atlantique","THM-013","","Le commerce atlantique repose aussi sur la violence","non","","motif sans événement canonique"
"CARD-013-encyclopedie","THM-013","","L’Encyclopédie diffuse les savoirs et l’esprit critique","non","","motif sans événement canonique"
"CARD-013-rousseau-souverainete","THM-013","EVT-0432","Rousseau réfléchit à la souveraineté du peuple","non","EVT-0432.svg","nouvelle illustration"
"CARD-013-independance-americaine","THM-013","EVT-0434","Les colonies américaines revendiquent leur indépendance","oui","EVT-0434.svg","illustration validée intacte"
"CARD-013-revolution-francaise","THM-013","","La Révolution transforme les fondements du pouvoir","non","","motif sans événement canonique"
"CARD-013-saint-domingue-insurrection","THM-013","EVT-0439","À Saint-Domingue, les esclaves prennent part à la Révolution","non","EVT-0439.svg","nouvelle illustration"
"CARD-013-premiere-abolition","THM-013","EVT-0078","La Convention abolit l’esclavage dans les colonies","non","EVT-0078.svg","nouvelle illustration"
"CARD-013-retour-esclavage","THM-013","EVT-0079","Bonaparte engage un retour à l’ordre esclavagiste","non","EVT-0079.svg","nouvelle illustration"
"CARD-013-haiti-independance","THM-013","EVT-0447","Haïti devient indépendante à l’issue d’une révolution","non","EVT-0447.svg","nouvelle illustration"
"CARD-013-napoleon-heritages","THM-013","","Napoléon conserve et limite les héritages révolutionnaires","non","","motif sans événement canonique"
"CARD-014-industrialisation","THM-014","","L’industrialisation transforme la production et le travail","non","","motif sans événement canonique"
"CARD-014-canuts-conflit-social","THM-014","EVT-0453","Les canuts réclament de meilleures conditions de travail","oui","EVT-0453.svg","illustration validée intacte"
"CARD-014-famine-migrations","THM-014","EVT-0457","La famine irlandaise entraîne une émigration massive","non","EVT-0457.svg","nouvelle illustration"
"CARD-014-printemps-peuples","THM-014","","Les peuples réclament des libertés et des nations","non","","motif sans événement canonique"
"CARD-014-abolition-definitive","THM-014","","L’esclavage est de nouveau aboli dans les colonies françaises","non","","motif sans événement canonique"
"CARD-014-cipayes-resistance","THM-014","EVT-0463","La révolte des Cipayes conteste la domination britannique","non","EVT-0463.svg","nouvelle illustration"
"CARD-014-internationale-ouvriere","THM-014","EVT-0469","Les travailleurs cherchent à s’organiser au-delà des frontières","non","EVT-0469.svg","nouvelle illustration"
"CARD-014-suez-echanges","THM-014","EVT-0471","Le canal de Suez rapproche les routes maritimes","oui","EVT-0471.svg","illustration validée intacte"
"CARD-014-mondialisation-coloniale","THM-014","","L’expansion des échanges accompagne la domination coloniale","non","","motif sans événement canonique"
"CARD-014-seconde-industrialisation","THM-014","","De nouvelles industries élargissent les transformations économiques","non","","motif sans événement canonique"
"CARD-015-suffrage-masculin","THM-015","","Le suffrage universel reste réservé aux hommes","non","","motif sans événement canonique"
"CARD-015-daubie-education","THM-015","EVT-0086","Julie-Victoire Daubié ouvre une voie dans l’enseignement","non","EVT-0086.svg","nouvelle illustration"
"CARD-015-installation-republique","THM-015","","La République doit encore s’enraciner","non","","motif sans événement canonique"
"CARD-015-ecole-gratuite","THM-015","EVT-0003","La gratuité élargit l’accès à l’école publique","oui","EVT-0003.svg","illustration validée intacte"
"CARD-015-instruction-laique","THM-015","EVT-0004","L’instruction obligatoire accompagne la laïcisation de l’école","non","EVT-0004.svg","nouvelle illustration"
"CARD-015-dreyfus-injustice","THM-015","EVT-0082","L’affaire Dreyfus met la République à l’épreuve","non","EVT-0082.svg","nouvelle illustration"
"CARD-015-zola-engagement","THM-015","EVT-0083","Zola utilise la presse pour dénoncer l’injustice","non","EVT-0083.svg","nouvelle illustration"
"CARD-015-separation-laicite","THM-015","","La séparation affirme la liberté de conscience","non","","motif sans événement canonique"
"CARD-015-dreyfus-rehabilitation","THM-015","EVT-0084","La réhabilitation montre qu’une injustice peut être corrigée","non","EVT-0084.svg","nouvelle illustration"
"CARD-015-libre-salaire","THM-015","EVT-0088","Le libre salaire fait progresser l’autonomie des femmes mariées","non","EVT-0088.svg","nouvelle illustration"
"CARD-017-onu-paix","THM-017","","L’ONU cherche à organiser la sécurité collective","non","","motif sans événement canonique"
"CARD-017-doctrine-truman","THM-017","EVT-0110","Deux blocs rivaux se structurent autour des superpuissances","non","EVT-0110.svg","nouvelle illustration"
"CARD-017-inde-decolonisation","THM-017","EVT-0522","L’indépendance de l’Inde montre la complexité de la décolonisation","non","EVT-0522.svg","nouvelle illustration"
"CARD-017-berlin-blocus","THM-017","EVT-0111","Le blocus de Berlin met les alliances à l’épreuve","non","EVT-0111.svg","nouvelle illustration"
"CARD-017-schuman-cooperation","THM-017","EVT-0018","La coopération européenne veut rendre une nouvelle guerre plus difficile","oui","EVT-0018.svg","illustration validée intacte"
"CARD-017-bandung-voix-nouvelles","THM-017","EVT-0526","À Bandung, de nouveaux États affirment leur place","oui","EVT-0526.svg","illustration validée intacte"
"CARD-017-rome-marche-commun","THM-017","EVT-0118","Les traités de Rome approfondissent la coopération européenne","oui","EVT-0118.svg","illustration validée intacte"
"CARD-017-mur-division","THM-017","EVT-0113","Le mur de Berlin rend la division visible et contraignante","non","EVT-0113.svg","nouvelle illustration"
"CARD-017-evian-decolonisation","THM-017","EVT-0120","Les accords d’Évian ouvrent la voie à l’indépendance algérienne","non","EVT-0120.svg","nouvelle illustration"
"CARD-017-cuba-risque-nucleaire","THM-017","EVT-0533","La crise de Cuba révèle le danger nucléaire","non","EVT-0533.svg","nouvelle illustration"
"CARD-017-ouverture-mur","THM-017","EVT-0114","L’ouverture du mur accélère la fin de la division européenne","oui","EVT-0114.svg","illustration validée intacte"
"CARD-017-fin-urss","THM-017","EVT-0115","La disparition de l’URSS transforme les équilibres mondiaux","oui","EVT-0115.svg","illustration validée intacte"
"CARD-018-cnr-reconstruction","THM-018","EVT-0109","La Résistance prépare aussi la reconstruction du pays","non","EVT-0109.svg","nouvelle illustration"
"CARD-018-vote-femmes","THM-018","EVT-0006","Les Françaises obtiennent les droits politiques","oui","EVT-0006.svg","illustration validée intacte"
"CARD-018-securite-sociale","THM-018","EVT-0128","La Sécurité sociale organise une protection collective","oui","EVT-0128.svg","illustration validée intacte"
"CARD-018-cinquieme-republique","THM-018","","La Ve République renforce l’exécutif","non","","motif sans événement canonique"
"CARD-018-reforme-presidentielle","THM-018","","La réforme présidentielle change le rapport aux électeurs","non","","motif sans événement canonique"
"CARD-018-autonomie-femmes","THM-018","EVT-0129","La loi renforce l’autonomie des femmes mariées","non","EVT-0129.svg","nouvelle illustration"
"CARD-018-mai-contestation","THM-018","EVT-0537","Mai ouvre une contestation étudiante et sociale","oui","EVT-0537.svg","illustration validée intacte"
"CARD-018-loi-veil","THM-018","EVT-0132","La loi Veil transforme les droits et la santé des femmes","non","EVT-0132.svg","nouvelle illustration"
"CARD-018-alternance-politique","THM-018","","L’alternance éprouve la continuité des institutions","non","","motif sans événement canonique"
"CARD-018-abolition-peine-mort","THM-018","EVT-0133","L’abolition de la peine de mort affirme un choix de justice","non","EVT-0133.svg","nouvelle illustration"
"CARD-018-decentralisation","THM-018","EVT-0134","La décentralisation redistribue des pouvoirs dans les territoires","non","EVT-0134.svg","nouvelle illustration"
"CARD-019-pericles-democratie","THM-019","EVT-0136","Athènes associe participation civique et puissance maritime","non","EVT-0136.svg","nouvelle illustration"
"CARD-019-auguste-principat","THM-019","EVT-0031","Auguste transforme la République en pouvoir impérial","non","EVT-0031.svg","nouvelle illustration"
"CARD-019-constantin-unification","THM-019","EVT-0038","Constantin réunit le pouvoir et soutient le christianisme","non","EVT-0038.svg","nouvelle illustration"
"CARD-019-nicee-unite","THM-019","EVT-0037","Le concile de Nicée relie débats religieux et autorité impériale","non","EVT-0037.svg","nouvelle illustration"
"CARD-019-constantinople-capitale","THM-019","EVT-0139","Constantinople déplace le centre du pouvoir vers l’Orient","non","EVT-0139.svg","nouvelle illustration"
"CARD-019-bernard-croisade","THM-019","EVT-0140","La prédication mobilise les chrétiens pour la croisade","non","EVT-0140.svg","nouvelle illustration"
"CARD-019-deuxieme-croisade","THM-019","EVT-0141","La deuxième croisade révèle les limites de la mobilisation","non","EVT-0141.svg","nouvelle illustration"
"CARD-019-venise-reseaux","THM-019","EVT-0142","Venise construit sa puissance par les réseaux maritimes","non","EVT-0142.svg","nouvelle illustration"
"CARD-021-villers-administration","THM-021","EVT-0151","Villers-Cotterêts renforce l’administration monarchique","non","EVT-0151.svg","nouvelle illustration"
"CARD-021-nantes-paix","THM-021","EVT-0065","L’édit de Nantes organise une coexistence limitée","oui","EVT-0065.svg","illustration validée intacte"
"CARD-021-guerre-civile-anglaise","THM-021","EVT-0427","Le roi et le Parlement s’affrontent en Angleterre","non","EVT-0427.svg","nouvelle illustration"
"CARD-021-charles-execution","THM-021","EVT-0428","L’exécution de Charles Ier rompt avec la monarchie","non","EVT-0428.svg","nouvelle illustration"
"CARD-021-compagnie-indes","THM-021","EVT-0152","Colbert associe puissance de l’État et commerce lointain","non","EVT-0152.svg","nouvelle illustration"
"CARD-021-habeas-corpus","THM-021","EVT-0156","L’Habeas Corpus protège contre certaines détentions arbitraires","non","EVT-0156.svg","nouvelle illustration"
"CARD-021-versailles-pouvoir","THM-021","EVT-0154","Versailles met en scène et organise le pouvoir royal","non","EVT-0154.svg","nouvelle illustration"
"CARD-021-revocation-intolerance","THM-021","EVT-0076","La révocation impose l’unité religieuse par la contrainte","oui","EVT-0076.svg","illustration validée intacte"
"CARD-021-bill-rights","THM-021","EVT-0157","Le Bill of Rights encadre la monarchie anglaise","non","EVT-0157.svg","nouvelle illustration"
"CARD-021-voltaire-angleterre","THM-021","EVT-0160","Voltaire compare les sociétés pour critiquer les autorités","non","EVT-0160.svg","nouvelle illustration"
"CARD-021-washington-republique","THM-021","EVT-0161","Washington incarne une république fondée sur une constitution","non","EVT-0161.svg","nouvelle illustration"
"CARD-022-galilee-observation","THM-022","EVT-0162","Galilée fait de l’observation un argument scientifique","non","EVT-0162.svg","nouvelle illustration"
"CARD-022-galilee-condamnation","THM-022","EVT-0163","La condamnation de Galilée révèle un conflit d’autorités","non","EVT-0163.svg","nouvelle illustration"
"CARD-022-nu-pieds-impot","THM-022","EVT-0167","Les Va Nu-pieds contestent les exigences fiscales","non","EVT-0167.svg","nouvelle illustration"
"CARD-022-newcomen-technique","THM-022","EVT-0164","La machine de Newcomen répond aux besoins des mines","non","EVT-0164.svg","nouvelle illustration"
"CARD-022-salons-sociabilite","THM-022","EVT-0169","Les salons organisent la circulation des idées","non","EVT-0169.svg","nouvelle illustration"
"CARD-022-encyclopedie-metiers","THM-022","EVT-0166","L’Encyclopédie donne une place nouvelle aux sciences et aux métiers","non","EVT-0166.svg","nouvelle illustration"
"CARD-022-chatelet-newton","THM-022","EVT-0165","Émilie du Châtelet traduit et explique les sciences","non","EVT-0165.svg","nouvelle illustration"
"CARD-022-paris-inegalites","THM-022","EVT-0168","La croissance urbaine ne supprime pas la pauvreté","non","EVT-0168.svg","nouvelle illustration"
"CARD-022-ports-traite","THM-022","EVT-0170","La prospérité portuaire dépend aussi de l’économie esclavagiste","non","EVT-0170.svg","nouvelle illustration"
"CARD-024-bastille-mobilisation","THM-024","EVT-0173","La prise de la Bastille révèle le rôle du peuple parisien","oui","EVT-0173.svg","illustration validée intacte"
"CARD-024-abolition-privileges","THM-024","EVT-0174","L’abolition des privilèges remet en cause la société d’ordres","non","EVT-0174.svg","nouvelle illustration"
"CARD-024-declaration-droits","THM-024","EVT-0175","Les droits proclamés ouvrent des débats sur leur universalité","oui","EVT-0175.svg","illustration validée intacte"
"CARD-024-premiere-republique","THM-024","EVT-0442","La République rompt avec la souveraineté monarchique","non","EVT-0442.svg","nouvelle illustration"
"CARD-024-execution-roi","THM-024","EVT-0179","L’exécution du roi approfondit la rupture révolutionnaire","non","EVT-0179.svg","nouvelle illustration"
"CARD-024-roland-femmes-politique","THM-024","EVT-0172","Madame Roland illustre l’engagement et l’exclusion politiques des femmes","non","EVT-0172.svg","nouvelle illustration"
"CARD-024-brumaire-pouvoir","THM-024","EVT-0446","Le coup d’État de Brumaire concentre le pouvoir","oui","EVT-0446.svg","illustration validée intacte"
"CARD-024-code-civil","THM-024","EVT-0180","Le Code civil unifie le droit tout en fixant des hiérarchies","oui","EVT-0180.svg","illustration validée intacte"
"CARD-024-vienne-restauration","THM-024","EVT-0181","Le congrès de Vienne cherche un équilibre après les conquêtes","non","EVT-0181.svg","nouvelle illustration"
"CARD-024-chios-nationalites","THM-024","EVT-0183","Chios mobilise les opinions autour de la cause grecque","non","EVT-0183.svg","nouvelle illustration"
"CARD-024-trois-glorieuses","THM-024","EVT-0184","Les Trois Glorieuses relancent les contestations européennes","non","EVT-0184.svg","nouvelle illustration"
"CARD-025-deuxieme-republique","THM-025","EVT-0186","La Deuxième République naît avec des attentes politiques et sociales","non","EVT-0186.svg","nouvelle illustration"
"CARD-025-suffrage-universel-masculin","THM-025","EVT-0187","Le suffrage universel masculin change l’échelle de la participation","non","EVT-0187.svg","nouvelle illustration"
"CARD-025-abolition-colonies","THM-025","EVT-0188","La seconde abolition pose la question de l’égalité coloniale","non","EVT-0188.svg","nouvelle illustration"
"CARD-025-journees-juin","THM-025","EVT-0458","Les journées de Juin révèlent la fracture sociale de la République","non","EVT-0458.svg","nouvelle illustration"
"CARD-025-coup-etat-bonaparte","THM-025","EVT-0459","Louis-Napoléon Bonaparte renverse l’ordre constitutionnel","non","EVT-0459.svg","nouvelle illustration"
"CARD-025-second-empire","THM-025","EVT-0460","Le Second Empire associe autorité politique et modernisation","non","EVT-0460.svg","nouvelle illustration"
"CARD-025-paris-haussmann","THM-025","EVT-0192","Les travaux d’Haussmann transforment l’espace et la société urbaine","non","EVT-0192.svg","nouvelle illustration"
"CARD-025-turin-frontieres","THM-025","EVT-0197","Le traité de Turin montre le rôle de la diplomatie dans les frontières","non","EVT-0197.svg","nouvelle illustration"
"CARD-025-unification-italienne","THM-025","EVT-0465","L’unification italienne combine mouvement national et action des États","non","EVT-0465.svg","nouvelle illustration"
"CARD-025-coalition-ouvriere","THM-025","EVT-0196","La loi Ollivier ouvre une possibilité d’action collective","non","EVT-0196.svg","nouvelle illustration"
"CARD-025-guerre-prusse","THM-025","EVT-0472","La guerre franco-prussienne bouleverse les régimes et les territoires","non","EVT-0472.svg","nouvelle illustration"
"CARD-025-empire-allemand","THM-025","EVT-0200","La proclamation de l’Empire allemand met en scène une nouvelle puissance","non","EVT-0200.svg","nouvelle illustration"
"CARD-026-commune-projets","THM-026","EVT-0201","La Commune exprime des projets républicains concurrents","non","EVT-0201.svg","nouvelle illustration"
"CARD-026-semaine-sanglante","THM-026","EVT-0204","La Semaine sanglante laisse une fracture durable","non","EVT-0204.svg","nouvelle illustration"
"CARD-026-syndicats-legaux","THM-026","EVT-0476","La légalisation des syndicats encadre la défense collective","non","EVT-0476.svg","nouvelle illustration"
"CARD-026-exposition-progres","THM-026","EVT-0226","L’Exposition universelle met en scène le progrès et la puissance","non","EVT-0226.svg","nouvelle illustration"
"CARD-026-fourmies-conflit","THM-026","EVT-0225","Fourmies révèle les tensions entre libertés et répression sociale","non","EVT-0225.svg","nouvelle illustration"
"CARD-026-fachoda-imperialisme","THM-026","EVT-0475","Fachoda révèle les rivalités entre empires coloniaux","non","EVT-0475.svg","nouvelle illustration"
"CARD-026-creusot-paternalisme","THM-026","EVT-0345","Au Creusot, le paternalisme associe protection et contrôle","non","EVT-0345.svg","nouvelle illustration"
"CARD-027-tannenberg-fronts","THM-027","EVT-0206","Tannenberg rappelle que la guerre se déroule sur plusieurs fronts","non","EVT-0206.svg","nouvelle illustration"
"CARD-027-marne-front","THM-027","EVT-0207","La Marne met en échec une victoire allemande rapide","non","EVT-0207.svg","nouvelle illustration"
"CARD-027-dardanelles-guerre-mondiale","THM-027","EVT-0208","Les Dardanelles montrent l’élargissement des opérations","non","EVT-0208.svg","nouvelle illustration"
"CARD-027-somme-guerre-usure","THM-027","EVT-0210","La Somme illustre la guerre d’usure industrielle","oui","EVT-0210.svg","illustration validée intacte"
"CARD-027-michael-limites-offensive","THM-027","EVT-0212","L’offensive Michael montre les limites d’une percée militaire","non","EVT-0212.svg","nouvelle illustration"
"CARD-029-indochine-guerre-coloniale","THM-029","EVT-0250","L’Indochine relie décolonisation et rivalités internationales","non","EVT-0250.svg","nouvelle illustration"
"CARD-029-dien-bien-phu-puissance","THM-029","EVT-0251","Diên Biên Phu montre les limites d’une supériorité militaire supposée","non","EVT-0251.svg","nouvelle illustration"
"CARD-029-geneve-negociation","THM-029","EVT-0253","À Genève, la sortie de guerre devient une négociation internationale","non","EVT-0253.svg","nouvelle illustration"
"CARD-029-geneve-division","THM-029","EVT-0254","Le compromis de Genève laisse une division provisoire au Vietnam","non","EVT-0254.svg","nouvelle illustration"
"CARD-029-cessez-feu-application","THM-029","EVT-0255","Appliquer un cessez-le-feu exige plus qu’une signature","non","EVT-0255.svg","nouvelle illustration"
"CARD-030-petrole-crise","THM-030","EVT-0905","Le pétrole devient un levier économique et géopolitique","non","EVT-0905.svg","nouvelle illustration"
"CARD-030-portugal-democratisation","THM-030","EVT-0266","La révolution portugaise ouvre une transition démocratique","oui","EVT-0266.svg","illustration validée intacte"
"CARD-030-veil-transformation-sociale","THM-030","EVT-0132","La loi Veil traduit une transformation des droits et des rapports sociaux","non","EVT-0132.svg","nouvelle illustration"
"CARD-030-chine-reformes","THM-030","EVT-0541","Les réformes chinoises dissocient ouverture économique et démocratie","non","EVT-0541.svg","nouvelle illustration"
"CARD-030-iran-revolution","THM-030","EVT-0542","La révolution iranienne bouleverse l’ordre politique régional","non","EVT-0542.svg","nouvelle illustration"
"CARD-030-mitterrand-alternance","THM-030","EVT-0364","L’alternance française confronte les projets politiques aux contraintes économiques","non","EVT-0364.svg","nouvelle illustration"
"CARD-030-badinter-justice","THM-030","EVT-0133","L’abolition de la peine de mort affirme un principe dans le débat public","non","EVT-0133.svg","nouvelle illustration"
"CARD-030-tiananmen-repression","THM-030","EVT-0546","La répression de Tian’anmen montre les limites de l’ouverture politique","non","EVT-0546.svg","nouvelle illustration"
"CARD-030-berlin-rupture","THM-030","EVT-0114","L’ouverture du mur manifeste une crise des régimes de l’Est","oui","EVT-0114.svg","illustration validée intacte"
"CARD-030-urss-dislocation","THM-030","EVT-0115","La disparition de l’URSS met fin au cadre bipolaire","oui","EVT-0115.svg","illustration validée intacte"
"CARD-031-manche-cooperation","THM-031","EVT-0256","Le tunnel sous la Manche matérialise une coopération entre États","oui","EVT-0256.svg","illustration validée intacte"
"CARD-031-manche-reseaux","THM-031","EVT-0257","Relier deux territoires exige de rendre leurs réseaux compatibles","non","EVT-0257.svg","nouvelle illustration"
"CARD-031-manche-symbole","THM-031","EVT-0259","L’inauguration transforme l’ouvrage en symbole politique","non","EVT-0259.svg","nouvelle illustration"
"CARD-031-manche-fret","THM-031","EVT-0260","Le fret relie l’infrastructure aux chaînes de production","non","EVT-0260.svg","nouvelle illustration"
"CARD-031-eurostar-mobilites","THM-031","EVT-0261","Eurostar transforme les mobilités sans supprimer la frontière","non","EVT-0261.svg","nouvelle illustration"
"CARD-036-athenes-citoyennete","THM-036","","Athènes éclaire la démocratie par ses pratiques et ses exclusions","non","","motif sans événement canonique"
"CARD-036-constant-libertes","THM-036","EVT-0262","Constant relie libertés individuelles et garanties politiques","non","EVT-0262.svg","nouvelle illustration"
"CARD-036-tocqueville-majorite","THM-036","EVT-0263","Tocqueville interroge les risques internes de la démocratie","non","EVT-0263.svg","nouvelle illustration"
"CARD-036-chili-rupture","THM-036","EVT-0265","Le coup d’État chilien montre la fragilité d’un régime électoral","non","EVT-0265.svg","nouvelle illustration"
"CARD-036-portugal-transition","THM-036","EVT-0266","Au Portugal, renverser la dictature ouvre plusieurs futurs possibles","oui","EVT-0266.svg","illustration validée intacte"
"CARD-036-portugal-constitution","THM-036","EVT-0267","Une constitution stabilise les règles de la démocratie","non","EVT-0267.svg","nouvelle illustration"
"CARD-036-espagne-compromis","THM-036","EVT-0268","La transition espagnole repose sur des compromis institutionnels","non","EVT-0268.svg","nouvelle illustration"
"CARD-036-maastricht-democratie","THM-036","EVT-0271","L’Union européenne pose la question de la représentation à plusieurs échelles","oui","EVT-0271.svg","illustration validée intacte"
"CARD-037-ottomans-constantinople","THM-037","EVT-0062","La prise de Constantinople manifeste la puissance ottomane","oui","EVT-0062.svg","illustration validée intacte"
"CARD-037-lepante-limites","THM-037","EVT-0618","Lépante invite à distinguer défaite et déclin durable","oui","EVT-0618.svg","illustration validée intacte"
"CARD-037-sevres-demembrement","THM-037","EVT-0235","Le traité de Sèvres projette un démembrement de l’Empire","non","EVT-0235.svg","nouvelle illustration"
"CARD-037-lausanne-recomposition","THM-037","EVT-0240","Lausanne consacre une recomposition après l’effondrement impérial","non","EVT-0240.svg","nouvelle illustration"
"CARD-037-urss-heritages-puissance","THM-037","EVT-0115","La fin de l’URSS transforme les ressources de la puissance russe","oui","EVT-0115.svg","illustration validée intacte"
"CARD-037-google-numerique","THM-037","EVT-0943","Les entreprises numériques deviennent des acteurs de puissance","non","EVT-0943.svg","nouvelle illustration"
"CARD-037-poutine-reaffirmation","THM-037","EVT-1028","La présidence de Poutine accompagne une stratégie de réaffirmation","non","EVT-1028.svg","nouvelle illustration"
"CARD-037-crimee-force-droit","THM-037","EVT-1004","L’annexion de la Crimée confronte puissance et droit international","non","EVT-1004.svg","nouvelle illustration"
"CARD-038-berlin-colonisation","THM-038","EVT-0273","La conférence de Berlin fixe des règles coloniales sans représentants africains","non","EVT-0273.svg","nouvelle illustration"
"CARD-038-coree-frontiere-guerre","THM-038","EVT-0275","La guerre de Corée transforme une division en affrontement international","non","EVT-0275.svg","nouvelle illustration"
"CARD-038-coree-armistice","THM-038","EVT-0276","L’armistice stabilise une ligne sans produire une paix définitive","non","EVT-0276.svg","nouvelle illustration"
"CARD-038-montego-frontieres-marines","THM-038","EVT-0278","Le droit de la mer organise plusieurs types d’espaces","non","EVT-0278.svg","nouvelle illustration"
"CARD-038-schengen-projet","THM-038","EVT-0280","Schengen envisage une circulation plus libre entre États","non","EVT-0280.svg","nouvelle illustration"
"CARD-038-frontiere-germano-polonaise","THM-038","EVT-0277","La reconnaissance diplomatique consolide une frontière héritée de la guerre","non","EVT-0277.svg","nouvelle illustration"
"CARD-038-schengen-application","THM-038","EVT-0282","La mise en application de Schengen transforme les pratiques de frontière","non","EVT-0282.svg","nouvelle illustration"
"CARD-039-havas-agence","THM-039","EVT-0283","Les agences organisent une production collective de l’information","non","EVT-0283.svg","nouvelle illustration"
"CARD-039-zola-presse-opinion","THM-039","EVT-0083","La presse de l’affaire Dreyfus informe et mobilise","non","EVT-0083.svg","nouvelle illustration"
"CARD-039-dreyfus-verification","THM-039","EVT-0084","La réhabilitation rappelle que répéter une accusation ne la prouve pas","non","EVT-0084.svg","nouvelle illustration"
"CARD-039-afp-liberation","THM-039","EVT-0284","La naissance de l’AFP relie information et changement de régime","non","EVT-0284.svg","nouvelle illustration"
"CARD-039-afp-independance","THM-039","EVT-0285","Le statut de l’AFP cherche à protéger son indépendance","non","EVT-0285.svg","nouvelle illustration"
"CARD-039-audiovisuel-medias","THM-039","","La radio et la télévision transforment l’expérience de l’information","non","","motif sans événement canonique"
"CARD-040-charlemagne-couronnement","THM-040","EVT-0044","Le couronnement de Charlemagne unit et distingue deux autorités","oui","EVT-0044.svg","illustration validée intacte"
"CARD-040-calife-empereur","THM-040","","Califes et empereurs articulent autrement politique et religion","non","","motif sans événement canonique"
"CARD-040-separation-francaise","THM-040","EVT-0005","La séparation française organise l’autonomie du pouvoir public","non","EVT-0005.svg","nouvelle illustration"
"CARD-040-abolition-califat","THM-040","EVT-0366","L’abolition du califat transforme la légitimation de l’État turc","non","EVT-0366.svg","nouvelle illustration"
"CARD-040-pakistan-partition","THM-040","EVT-0862","La naissance du Pakistan relie identité religieuse et projet national","non","EVT-0862.svg","nouvelle illustration"
"CARD-040-inde-pluralisme","THM-040","EVT-0522","L’Inde indépendante doit organiser la diversité religieuse","non","EVT-0522.svg","nouvelle illustration"
"CARD-041-spoutnik-puissance","THM-041","EVT-0286","Spoutnik fait de l’espace un terrain de rivalité","oui","EVT-0286.svg","illustration validée intacte"
"CARD-041-gagarine-prestige","THM-041","EVT-0287","Le vol de Gagarine donne un visage humain à la compétition spatiale","oui","EVT-0287.svg","illustration validée intacte"
"CARD-041-apollo-mobilisation","THM-041","EVT-0289","Apollo montre l’ampleur des moyens d’une conquête spatiale","oui","EVT-0289.svg","illustration validée intacte"
"CARD-041-mer-droits-ressources","THM-041","EVT-0278","Montego Bay organise l’accès aux ressources maritimes","non","EVT-0278.svg","nouvelle illustration"
"CARD-041-iss-cooperation","THM-041","EVT-0290","L’ISS montre qu’une coopération peut survivre aux rivalités","oui","EVT-0290.svg","illustration validée intacte"
"CARD-041-bbnj-negociation","THM-041","EVT-0293","L’accord BBNJ élargit la coopération sur la biodiversité marine","non","EVT-0293.svg","nouvelle illustration"
"CARD-041-bbnj-application","THM-041","EVT-0294","L’entrée en vigueur ouvre le travail de mise en œuvre","non","EVT-0294.svg","nouvelle illustration"
"CARD-042-westphalie-negocier","THM-042","EVT-0295","Westphalie montre comment négocier la fin d’une guerre","non","EVT-0295.svg","nouvelle illustration"
"CARD-042-israel-conflit","THM-042","EVT-0298","La création d’Israël s’inscrit dans un conflit aux mémoires opposées","oui","EVT-0298.svg","illustration validée intacte"
"CARD-042-koweit-agression","THM-042","EVT-0299","L’invasion du Koweït pose la question de la sécurité collective","non","EVT-0299.svg","nouvelle illustration"
"CARD-042-golfe-coalition","THM-042","EVT-0300","La coalition du Golfe distingue objectif militaire et règlement politique","non","EVT-0300.svg","nouvelle illustration"
"CARD-042-annan-onu","THM-042","EVT-0296","Kofi Annan incarne les possibilités et les contraintes de l’ONU","non","EVT-0296.svg","nouvelle illustration"
"CARD-042-irak-controverse","THM-042","EVT-0302","L’invasion de l’Irak révèle les divisions sur l’usage de la force","non","EVT-0302.svg","nouvelle illustration"
"CARD-042-onu-bilan-limites","THM-042","EVT-0297","Construire la paix suppose une action au-delà des opérations militaires","non","EVT-0297.svg","nouvelle illustration"
"CARD-043-nuremberg-preuves","THM-043","EVT-0307","Nuremberg transforme des crimes en objets de jugement","non","EVT-0307.svg","nouvelle illustration"
"CARD-043-nuremberg-jugement","THM-043","EVT-0308","Le jugement de Nuremberg fonde un héritage et laisse des limites","non","EVT-0308.svg","nouvelle illustration"
"CARD-043-tpiy-justice","THM-043","EVT-0305","Le TPIY cherche à établir les responsabilités individuelles","non","EVT-0305.svg","nouvelle illustration"
"CARD-043-rwanda-genocide","THM-043","EVT-0303","Le génocide des Tutsis résulte d’une politique de destruction","non","EVT-0303.svg","nouvelle illustration"
"CARD-043-rwanda-commemoration","THM-043","EVT-0304","Commémorer transmet une mémoire sans remplacer l’histoire","non","EVT-0304.svg","nouvelle illustration"
"CARD-043-tpiy-heritage","THM-043","EVT-0306","La fermeture d’un tribunal ne clôt pas les enjeux de justice","non","EVT-0306.svg","nouvelle illustration"
"CARD-044-versailles-usages","THM-044","EVT-0200","Versailles peut être réutilisé pour de nouveaux projets politiques","non","EVT-0200.svg","nouvelle illustration"
"CARD-044-repas-immateriel","THM-044","EVT-0312","Le patrimoine peut être une pratique plutôt qu’un monument","non","EVT-0312.svg","nouvelle illustration"
"CARD-044-bassin-minier","THM-044","EVT-0311","Le patrimoine industriel élargit ce qui mérite d’être conservé","non","EVT-0311.svg","nouvelle illustration"
"CARD-044-tombouctou-destructions","THM-044","EVT-0309","Détruire le patrimoine peut viser une communauté et sa mémoire","non","EVT-0309.svg","nouvelle illustration"
"CARD-044-al-mahdi-justice","THM-044","EVT-0310","Le jugement Al Mahdi reconnaît un crime contre des biens culturels","non","EVT-0310.svg","nouvelle illustration"
"CARD-045-yellowstone-protection","THM-045","EVT-0313","Yellowstone révèle les choix politiques de la protection","non","EVT-0313.svg","nouvelle illustration"
"CARD-045-nps-gestion","THM-045","EVT-0314","Une politique de protection exige une administration durable","non","EVT-0314.svg","nouvelle illustration"
"CARD-045-epa-pollutions","THM-045","EVT-0315","L’EPA élargit la protection à la lutte contre les pollutions","non","EVT-0315.svg","nouvelle illustration"
"CARD-045-stockholm-planetaire","THM-045","EVT-0316","Stockholm fait de l’environnement un enjeu international","non","EVT-0316.svg","nouvelle illustration"
"CARD-045-rio-developpement","THM-045","EVT-0317","Rio relie environnement et développement durable","non","EVT-0317.svg","nouvelle illustration"
"CARD-045-kyoto-engagements","THM-045","EVT-0318","Kyoto organise des engagements différenciés sur le climat","non","EVT-0318.svg","nouvelle illustration"
"CARD-045-paris-climat","THM-045","EVT-0320","L’accord de Paris repose sur des contributions nationales","oui","EVT-0320.svg","illustration validée intacte"
"CARD-046-alphabetisation-femmes","THM-046","","L’alphabétisation transforme l’accès au savoir et l’autonomie","non","","motif sans événement canonique"
"CARD-046-becquerel-enquete","THM-046","EVT-0322","Becquerel montre le rôle de l’enquête expérimentale","non","EVT-0322.svg","nouvelle illustration"
"CARD-046-polonium-recherche","THM-046","EVT-0324","La découverte du polonium associe mesure et interprétation","oui","EVT-0324.svg","illustration validée intacte"
"CARD-046-radium-travail-collectif","THM-046","EVT-0325","Le radium révèle les ressources nécessaires à la recherche","non","EVT-0325.svg","nouvelle illustration"
"CARD-046-radioactivite-usages","THM-046","","Les usages de la radioactivité relient science, santé et puissance","non","","motif sans événement canonique"
"CARD-046-anssi-cyberdefense","THM-046","EVT-0326","La cyberdéfense fait de la connaissance un enjeu de souveraineté","non","EVT-0326.svg","nouvelle illustration"
