"card_id","event_id","title","illustration_existante","nouveau_fichier_svg"
"CARD-001-centenaire-republique","EVT-0001","Célébrer la République et son histoire","non","EVT-0001.svg"
"CARD-001-fete-nationale","EVT-0002","Une fête pour rassembler les citoyens","non","EVT-0002.svg"
"CARD-001-instruction-obligatoire","EVT-0004","Apprendre devient une obligation","non","EVT-0004.svg"
"CARD-015-instruction-laique","EVT-0004","L’instruction obligatoire accompagne la laïcisation de l’école","non","EVT-0004.svg"
"CARD-001-liberte-conscience","EVT-0005","La liberté de croire ou de ne pas croire","non","EVT-0005.svg"
"CARD-040-separation-francaise","EVT-0005","La séparation française organise l’autonomie du pouvoir public","non","EVT-0005.svg"
"CARD-002-machines-usines","EVT-0009","Produire avec des machines","non","EVT-0009.svg"
"CARD-002-industrie-france","EVT-0010","L’industrie transforme la France","non","EVT-0010.svg"
"CARD-002-population-urbaine","EVT-0011","Les villes accueillent davantage d’habitants","non","EVT-0011.svg"
"CARD-003-rafle-veldhiv","EVT-0015","Des familles juives arrêtées","non","EVT-0015.svg"
"CARD-005-homere","EVT-0022","Homère : des récits partagés par les Grecs","non","EVT-0022.svg"
"CARD-005-rome","EVT-0024","Rome : distinguer légende et histoire","non","EVT-0024.svg"
"CARD-005-bible","EVT-0026","La Bible hébraïque : une écriture progressive","non","EVT-0026.svg"
"CARD-005-jerusalem","EVT-0027","Jérusalem conquise et l’exil à Babylone","non","EVT-0027.svg"
"CARD-005-retour","EVT-0028","Revenir après l’exil","non","EVT-0028.svg"
"CARD-005-athenes","EVT-0029","Athènes au temps de Périclès : une démocratie limitée","non","EVT-0029.svg"
"CARD-006-auguste","EVT-0031","Auguste concentre le pouvoir à Rome","non","EVT-0031.svg"
"CARD-019-auguste-principat","EVT-0031","Auguste transforme la République en pouvoir impérial","non","EVT-0031.svg"
"CARD-006-paix-romaine","EVT-0033","Vivre et circuler dans l’Empire romain","non","EVT-0033.svg"
"CARD-006-caracalla","EVT-0034","La citoyenneté romaine s’élargit","non","EVT-0034.svg"
"CARD-006-jerusalem-temple","EVT-0036","Rome réprime une révolte en Judée","non","EVT-0036.svg"
"CARD-006-nicee","EVT-0037","Un concile cherche une croyance commune","non","EVT-0037.svg"
"CARD-019-nicee-unite","EVT-0037","Le concile de Nicée relie débats religieux et autorité impériale","non","EVT-0037.svg"
"CARD-019-constantin-unification","EVT-0038","Constantin réunit le pouvoir et soutient le christianisme","non","EVT-0038.svg"
"CARD-006-religion-imperiale","EVT-0039","Le pouvoir impérial soutient une religion","non","EVT-0039.svg"
"CARD-006-han","EVT-0041","La Chine des Han : un autre grand empire","non","EVT-0041.svg"
"CARD-007-chretientes-separees","EVT-0045","Des chrétientés qui se séparent progressivement","non","EVT-0045.svg"
"CARD-007-constantinople-croises","EVT-0046","Des croisés attaquent une ville chrétienne","non","EVT-0046.svg"
"CARD-008-sac-constantinople","EVT-0046","Le pillage transforme les rapports entre chrétientés","non","EVT-0046.svg"
"CARD-008-justinien","EVT-0047","Justinien veut restaurer la puissance romaine","non","EVT-0047.svg"
"CARD-008-verdun-partage","EVT-0048","Partager un empire ne crée pas des nations modernes","non","EVT-0048.svg"
"CARD-008-jerusalem-croisade","EVT-0049","La prise de Jérusalem ouvre une domination nouvelle","non","EVT-0049.svg"
"CARD-008-bagdad-mongols","EVT-0051","Bagdad tombe aux mains des Mongols","non","EVT-0051.svg"
"CARD-009-hugues-capet","EVT-0052","Un roi au pouvoir encore limité","non","EVT-0052.svg"
"CARD-009-bouvines-royaume","EVT-0054","Une victoire renforce le roi","non","EVT-0054.svg"
"CARD-009-guerre-cent-ans","EVT-0055","La guerre transforme les royaumes","non","EVT-0055.svg"
"CARD-010-conflit-dynastique","EVT-0055","Des droits au trône deviennent un conflit durable","non","EVT-0055.svg"
"CARD-009-castillon","EVT-0056","La victoire accompagne le renforcement monarchique","non","EVT-0056.svg"
"CARD-010-fin-combats","EVT-0056","Sortir d’une longue guerre","non","EVT-0056.svg"
"CARD-010-philippe-auguste","EVT-0057","Gouverner un royaume plus étendu","non","EVT-0057.svg"
"CARD-010-saint-louis","EVT-0059","Un roi devient une figure religieuse","non","EVT-0059.svg"
"CARD-010-etats-generaux","EVT-0060","Le roi cherche des soutiens dans le royaume","non","EVT-0060.svg"
"CARD-010-peste-noire","EVT-0061","Une épidémie bouleverse la société","non","EVT-0061.svg"
"CARD-011-louis-xiv-pouvoir","EVT-0066","Louis XIV gouverne personnellement","non","EVT-0066.svg"
"CARD-012-magellan-depart","EVT-0069","Magellan lance une expédition vers l’ouest","non","EVT-0069.svg"
"CARD-012-elcano-retour","EVT-0070","Elcano achève le premier tour du monde","non","EVT-0070.svg"
"CARD-012-concile-trente","EVT-0072","L’Église catholique se réforme aussi","non","EVT-0072.svg"
"CARD-012-guerres-religion","EVT-0073","La division religieuse devient une guerre civile","non","EVT-0073.svg"
"CARD-013-premiere-abolition","EVT-0078","La Convention abolit l’esclavage dans les colonies","non","EVT-0078.svg"
"CARD-013-retour-esclavage","EVT-0079","Bonaparte engage un retour à l’ordre esclavagiste","non","EVT-0079.svg"
"CARD-015-dreyfus-injustice","EVT-0082","L’affaire Dreyfus met la République à l’épreuve","non","EVT-0082.svg"
"CARD-015-zola-engagement","EVT-0083","Zola utilise la presse pour dénoncer l’injustice","non","EVT-0083.svg"
"CARD-039-zola-presse-opinion","EVT-0083","La presse de l’affaire Dreyfus informe et mobilise","non","EVT-0083.svg"
"CARD-015-dreyfus-rehabilitation","EVT-0084","La réhabilitation montre qu’une injustice peut être corrigée","non","EVT-0084.svg"
"CARD-039-dreyfus-verification","EVT-0084","La réhabilitation rappelle que répéter une accusation ne la prouve pas","non","EVT-0084.svg"
"CARD-015-daubie-education","EVT-0086","Julie-Victoire Daubié ouvre une voie dans l’enseignement","non","EVT-0086.svg"
"CARD-015-libre-salaire","EVT-0088","Le libre salaire fait progresser l’autonomie des femmes mariées","non","EVT-0088.svg"
"CARD-016-entree-guerre","EVT-0089","Une crise européenne devient une guerre mondiale","non","EVT-0089.svg"
"CARD-016-armeniens","EVT-0090","Le génocide des Arméniens : des civils visés","non","EVT-0090.svg"
"CARD-016-matignon","EVT-0094","Le Front populaire et les accords de Matignon","non","EVT-0094.svg"
"CARD-016-capitulation","EVT-0101","La capitulation allemande met fin à la guerre en Europe","non","EVT-0101.svg"
"CARD-016-vichy","EVT-0107","Vichy : une rupture avec la République","non","EVT-0107.svg"
"CARD-018-cnr-reconstruction","EVT-0109","La Résistance prépare aussi la reconstruction du pays","non","EVT-0109.svg"
"CARD-017-doctrine-truman","EVT-0110","Deux blocs rivaux se structurent autour des superpuissances","non","EVT-0110.svg"
"CARD-017-berlin-blocus","EVT-0111","Le blocus de Berlin met les alliances à l’épreuve","non","EVT-0111.svg"
"CARD-017-mur-division","EVT-0113","Le mur de Berlin rend la division visible et contraignante","non","EVT-0113.svg"
"CARD-017-evian-decolonisation","EVT-0120","Les accords d’Évian ouvrent la voie à l’indépendance algérienne","non","EVT-0120.svg"
"CARD-018-autonomie-femmes","EVT-0129","La loi renforce l’autonomie des femmes mariées","non","EVT-0129.svg"
"CARD-018-loi-veil","EVT-0132","La loi Veil transforme les droits et la santé des femmes","non","EVT-0132.svg"
"CARD-030-veil-transformation-sociale","EVT-0132","La loi Veil traduit une transformation des droits et des rapports sociaux","non","EVT-0132.svg"
"CARD-018-abolition-peine-mort","EVT-0133","L’abolition de la peine de mort affirme un choix de justice","non","EVT-0133.svg"
"CARD-030-badinter-justice","EVT-0133","L’abolition de la peine de mort affirme un principe dans le débat public","non","EVT-0133.svg"
"CARD-018-decentralisation","EVT-0134","La décentralisation redistribue des pouvoirs dans les territoires","non","EVT-0134.svg"
"CARD-019-pericles-democratie","EVT-0136","Athènes associe participation civique et puissance maritime","non","EVT-0136.svg"
"CARD-019-constantinople-capitale","EVT-0139","Constantinople déplace le centre du pouvoir vers l’Orient","non","EVT-0139.svg"
"CARD-019-bernard-croisade","EVT-0140","La prédication mobilise les chrétiens pour la croisade","non","EVT-0140.svg"
"CARD-019-deuxieme-croisade","EVT-0141","La deuxième croisade révèle les limites de la mobilisation","non","EVT-0141.svg"
"CARD-019-venise-reseaux","EVT-0142","Venise construit sa puissance par les réseaux maritimes","non","EVT-0142.svg"
"CARD-020-circumnavigation","EVT-0143","Magellan-Elcano : une expédition fait le tour du monde","non","EVT-0143.svg"
"CARD-020-valladolid","EVT-0144","Valladolid : débattre de la légitimité de la conquête","non","EVT-0144.svg"
"CARD-020-plantations","EVT-0145","Plantations et traite : un processus de longue durée","non","EVT-0145.svg"
"CARD-020-sixtine","EVT-0147","Michel-Ange : créer sous le patronage de l’Église","non","EVT-0147.svg"
"CARD-020-erasme","EVT-0149","Érasme : l’humanisme comme démarche intellectuelle","non","EVT-0149.svg"
"CARD-021-villers-administration","EVT-0151","Villers-Cotterêts renforce l’administration monarchique","non","EVT-0151.svg"
"CARD-021-compagnie-indes","EVT-0152","Colbert associe puissance de l’État et commerce lointain","non","EVT-0152.svg"
"CARD-021-versailles-pouvoir","EVT-0154","Versailles met en scène et organise le pouvoir royal","non","EVT-0154.svg"
"CARD-021-habeas-corpus","EVT-0156","L’Habeas Corpus protège contre certaines détentions arbitraires","non","EVT-0156.svg"
"CARD-021-bill-rights","EVT-0157","Le Bill of Rights encadre la monarchie anglaise","non","EVT-0157.svg"
"CARD-021-voltaire-angleterre","EVT-0160","Voltaire compare les sociétés pour critiquer les autorités","non","EVT-0160.svg"
"CARD-021-washington-republique","EVT-0161","Washington incarne une république fondée sur une constitution","non","EVT-0161.svg"
"CARD-022-galilee-observation","EVT-0162","Galilée fait de l’observation un argument scientifique","non","EVT-0162.svg"
"CARD-022-galilee-condamnation","EVT-0163","La condamnation de Galilée révèle un conflit d’autorités","non","EVT-0163.svg"
"CARD-022-newcomen-technique","EVT-0164","La machine de Newcomen répond aux besoins des mines","non","EVT-0164.svg"
"CARD-022-chatelet-newton","EVT-0165","Émilie du Châtelet traduit et explique les sciences","non","EVT-0165.svg"
"CARD-022-encyclopedie-metiers","EVT-0166","L’Encyclopédie donne une place nouvelle aux sciences et aux métiers","non","EVT-0166.svg"
"CARD-022-nu-pieds-impot","EVT-0167","Les Va Nu-pieds contestent les exigences fiscales","non","EVT-0167.svg"
"CARD-022-paris-inegalites","EVT-0168","La croissance urbaine ne supprime pas la pauvreté","non","EVT-0168.svg"
"CARD-022-salons-sociabilite","EVT-0169","Les salons organisent la circulation des idées","non","EVT-0169.svg"
"CARD-022-ports-traite","EVT-0170","La prospérité portuaire dépend aussi de l’économie esclavagiste","non","EVT-0170.svg"
"CARD-024-roland-femmes-politique","EVT-0172","Madame Roland illustre l’engagement et l’exclusion politiques des femmes","non","EVT-0172.svg"
"CARD-024-abolition-privileges","EVT-0174","L’abolition des privilèges remet en cause la société d’ordres","non","EVT-0174.svg"
"CARD-024-execution-roi","EVT-0179","L’exécution du roi approfondit la rupture révolutionnaire","non","EVT-0179.svg"
"CARD-024-vienne-restauration","EVT-0181","Le congrès de Vienne cherche un équilibre après les conquêtes","non","EVT-0181.svg"
"CARD-024-chios-nationalites","EVT-0183","Chios mobilise les opinions autour de la cause grecque","non","EVT-0183.svg"
"CARD-024-trois-glorieuses","EVT-0184","Les Trois Glorieuses relancent les contestations européennes","non","EVT-0184.svg"
"CARD-025-deuxieme-republique","EVT-0186","La Deuxième République naît avec des attentes politiques et sociales","non","EVT-0186.svg"
"CARD-025-suffrage-universel-masculin","EVT-0187","Le suffrage universel masculin change l’échelle de la participation","non","EVT-0187.svg"
"CARD-025-abolition-colonies","EVT-0188","La seconde abolition pose la question de l’égalité coloniale","non","EVT-0188.svg"
"CARD-002-paris-transforme","EVT-0192","Une ville change de visage","non","EVT-0192.svg"
"CARD-025-paris-haussmann","EVT-0192","Les travaux d’Haussmann transforment l’espace et la société urbaine","non","EVT-0192.svg"
"CARD-025-coalition-ouvriere","EVT-0196","La loi Ollivier ouvre une possibilité d’action collective","non","EVT-0196.svg"
"CARD-025-turin-frontieres","EVT-0197","Le traité de Turin montre le rôle de la diplomatie dans les frontières","non","EVT-0197.svg"
"CARD-025-empire-allemand","EVT-0200","La proclamation de l’Empire allemand met en scène une nouvelle puissance","non","EVT-0200.svg"
"CARD-044-versailles-usages","EVT-0200","Versailles peut être réutilisé pour de nouveaux projets politiques","non","EVT-0200.svg"
"CARD-026-commune-projets","EVT-0201","La Commune exprime des projets républicains concurrents","non","EVT-0201.svg"
"CARD-026-semaine-sanglante","EVT-0204","La Semaine sanglante laisse une fracture durable","non","EVT-0204.svg"
"CARD-027-tannenberg-fronts","EVT-0206","Tannenberg rappelle que la guerre se déroule sur plusieurs fronts","non","EVT-0206.svg"
"CARD-027-marne-front","EVT-0207","La Marne met en échec une victoire allemande rapide","non","EVT-0207.svg"
"CARD-027-dardanelles-guerre-mondiale","EVT-0208","Les Dardanelles montrent l’élargissement des opérations","non","EVT-0208.svg"
"CARD-027-michael-limites-offensive","EVT-0212","L’offensive Michael montre les limites d’une percée militaire","non","EVT-0212.svg"
"CARD-026-fourmies-conflit","EVT-0225","Fourmies révèle les tensions entre libertés et répression sociale","non","EVT-0225.svg"
"CARD-026-exposition-progres","EVT-0226","L’Exposition universelle met en scène le progrès et la puissance","non","EVT-0226.svg"
"CARD-037-sevres-demembrement","EVT-0235","Le traité de Sèvres projette un démembrement de l’Empire","non","EVT-0235.svg"
"CARD-037-lausanne-recomposition","EVT-0240","Lausanne consacre une recomposition après l’effondrement impérial","non","EVT-0240.svg"
"CARD-028-new-deal","EVT-0243","Le New Deal : intervenir dans le cadre démocratique","non","EVT-0243.svg"
"CARD-028-pogrom","EVT-0244","Le pogrom de novembre : une escalade des persécutions","non","EVT-0244.svg"
"CARD-029-indochine-guerre-coloniale","EVT-0250","L’Indochine relie décolonisation et rivalités internationales","non","EVT-0250.svg"
"CARD-029-dien-bien-phu-puissance","EVT-0251","Diên Biên Phu montre les limites d’une supériorité militaire supposée","non","EVT-0251.svg"
"CARD-029-geneve-negociation","EVT-0253","À Genève, la sortie de guerre devient une négociation internationale","non","EVT-0253.svg"
"CARD-029-geneve-division","EVT-0254","Le compromis de Genève laisse une division provisoire au Vietnam","non","EVT-0254.svg"
"CARD-029-cessez-feu-application","EVT-0255","Appliquer un cessez-le-feu exige plus qu’une signature","non","EVT-0255.svg"
"CARD-031-manche-reseaux","EVT-0257","Relier deux territoires exige de rendre leurs réseaux compatibles","non","EVT-0257.svg"
"CARD-031-manche-symbole","EVT-0259","L’inauguration transforme l’ouvrage en symbole politique","non","EVT-0259.svg"
"CARD-031-manche-fret","EVT-0260","Le fret relie l’infrastructure aux chaînes de production","non","EVT-0260.svg"
"CARD-031-eurostar-mobilites","EVT-0261","Eurostar transforme les mobilités sans supprimer la frontière","non","EVT-0261.svg"
"CARD-036-constant-libertes","EVT-0262","Constant relie libertés individuelles et garanties politiques","non","EVT-0262.svg"
"CARD-036-tocqueville-majorite","EVT-0263","Tocqueville interroge les risques internes de la démocratie","non","EVT-0263.svg"
"CARD-036-chili-rupture","EVT-0265","Le coup d’État chilien montre la fragilité d’un régime électoral","non","EVT-0265.svg"
"CARD-036-portugal-constitution","EVT-0267","Une constitution stabilise les règles de la démocratie","non","EVT-0267.svg"
"CARD-036-espagne-compromis","EVT-0268","La transition espagnole repose sur des compromis institutionnels","non","EVT-0268.svg"
"CARD-038-berlin-colonisation","EVT-0273","La conférence de Berlin fixe des règles coloniales sans représentants africains","non","EVT-0273.svg"
"CARD-038-coree-frontiere-guerre","EVT-0275","La guerre de Corée transforme une division en affrontement international","non","EVT-0275.svg"
"CARD-038-coree-armistice","EVT-0276","L’armistice stabilise une ligne sans produire une paix définitive","non","EVT-0276.svg"
"CARD-038-frontiere-germano-polonaise","EVT-0277","La reconnaissance diplomatique consolide une frontière héritée de la guerre","non","EVT-0277.svg"
"CARD-038-montego-frontieres-marines","EVT-0278","Le droit de la mer organise plusieurs types d’espaces","non","EVT-0278.svg"
"CARD-041-mer-droits-ressources","EVT-0278","Montego Bay organise l’accès aux ressources maritimes","non","EVT-0278.svg"
"CARD-038-schengen-projet","EVT-0280","Schengen envisage une circulation plus libre entre États","non","EVT-0280.svg"
"CARD-038-schengen-application","EVT-0282","La mise en application de Schengen transforme les pratiques de frontière","non","EVT-0282.svg"
"CARD-039-havas-agence","EVT-0283","Les agences organisent une production collective de l’information","non","EVT-0283.svg"
"CARD-039-afp-liberation","EVT-0284","La naissance de l’AFP relie information et changement de régime","non","EVT-0284.svg"
"CARD-039-afp-independance","EVT-0285","Le statut de l’AFP cherche à protéger son indépendance","non","EVT-0285.svg"
"CARD-041-bbnj-negociation","EVT-0293","L’accord BBNJ élargit la coopération sur la biodiversité marine","non","EVT-0293.svg"
"CARD-041-bbnj-application","EVT-0294","L’entrée en vigueur ouvre le travail de mise en œuvre","non","EVT-0294.svg"
"CARD-042-westphalie-negocier","EVT-0295","Westphalie montre comment négocier la fin d’une guerre","non","EVT-0295.svg"
"CARD-042-annan-onu","EVT-0296","Kofi Annan incarne les possibilités et les contraintes de l’ONU","non","EVT-0296.svg"
"CARD-042-onu-bilan-limites","EVT-0297","Construire la paix suppose une action au-delà des opérations militaires","non","EVT-0297.svg"
"CARD-042-koweit-agression","EVT-0299","L’invasion du Koweït pose la question de la sécurité collective","non","EVT-0299.svg"
"CARD-042-golfe-coalition","EVT-0300","La coalition du Golfe distingue objectif militaire et règlement politique","non","EVT-0300.svg"
"CARD-042-irak-controverse","EVT-0302","L’invasion de l’Irak révèle les divisions sur l’usage de la force","non","EVT-0302.svg"
"CARD-043-rwanda-genocide","EVT-0303","Le génocide des Tutsis résulte d’une politique de destruction","non","EVT-0303.svg"
"CARD-043-rwanda-commemoration","EVT-0304","Commémorer transmet une mémoire sans remplacer l’histoire","non","EVT-0304.svg"
"CARD-043-tpiy-justice","EVT-0305","Le TPIY cherche à établir les responsabilités individuelles","non","EVT-0305.svg"
"CARD-043-tpiy-heritage","EVT-0306","La fermeture d’un tribunal ne clôt pas les enjeux de justice","non","EVT-0306.svg"
"CARD-043-nuremberg-preuves","EVT-0307","Nuremberg transforme des crimes en objets de jugement","non","EVT-0307.svg"
"CARD-043-nuremberg-jugement","EVT-0308","Le jugement de Nuremberg fonde un héritage et laisse des limites","non","EVT-0308.svg"
"CARD-044-tombouctou-destructions","EVT-0309","Détruire le patrimoine peut viser une communauté et sa mémoire","non","EVT-0309.svg"
"CARD-044-al-mahdi-justice","EVT-0310","Le jugement Al Mahdi reconnaît un crime contre des biens culturels","non","EVT-0310.svg"
"CARD-044-bassin-minier","EVT-0311","Le patrimoine industriel élargit ce qui mérite d’être conservé","non","EVT-0311.svg"
"CARD-044-repas-immateriel","EVT-0312","Le patrimoine peut être une pratique plutôt qu’un monument","non","EVT-0312.svg"
"CARD-045-yellowstone-protection","EVT-0313","Yellowstone révèle les choix politiques de la protection","non","EVT-0313.svg"
"CARD-045-nps-gestion","EVT-0314","Une politique de protection exige une administration durable","non","EVT-0314.svg"
"CARD-045-epa-pollutions","EVT-0315","L’EPA élargit la protection à la lutte contre les pollutions","non","EVT-0315.svg"
"CARD-045-stockholm-planetaire","EVT-0316","Stockholm fait de l’environnement un enjeu international","non","EVT-0316.svg"
"CARD-045-rio-developpement","EVT-0317","Rio relie environnement et développement durable","non","EVT-0317.svg"
"CARD-045-kyoto-engagements","EVT-0318","Kyoto organise des engagements différenciés sur le climat","non","EVT-0318.svg"
"CARD-046-becquerel-enquete","EVT-0322","Becquerel montre le rôle de l’enquête expérimentale","non","EVT-0322.svg"
"CARD-046-radium-travail-collectif","EVT-0325","Le radium révèle les ressources nécessaires à la recherche","non","EVT-0325.svg"
"CARD-046-anssi-cyberdefense","EVT-0326","La cyberdéfense fait de la connaissance un enjeu de souveraineté","non","EVT-0326.svg"
"CARD-004-ecriture","EVT-0341","Garder des traces avec l’écriture","non","EVT-0341.svg"
"CARD-004-premiers-etats","EVT-0342","Organiser les premiers États","non","EVT-0342.svg"
"CARD-026-creusot-paternalisme","EVT-0345","Au Creusot, le paternalisme associe protection et contrôle","non","EVT-0345.svg"
"CARD-030-mitterrand-alternance","EVT-0364","L’alternance française confronte les projets politiques aux contraintes économiques","non","EVT-0364.svg"
"CARD-040-abolition-califat","EVT-0366","L’abolition du califat transforme la légitimation de l’État turc","non","EVT-0366.svg"
"CARD-004-hammurabi","EVT-0369","Le roi affirme son autorité par des lois","non","EVT-0369.svg"
"CARD-005-clisthene","EVT-0372","Clisthène : réorganiser la cité d’Athènes","non","EVT-0372.svg"
"CARD-007-appel-croisade","EVT-0399","Le pape appelle à la croisade","non","EVT-0399.svg"
"CARD-007-manzikert","EVT-0400","Une défaite fragilise Byzance","non","EVT-0400.svg"
"CARD-009-eglise-latran","EVT-0402","L’Église organise la vie des croyants","non","EVT-0402.svg"
"CARD-007-empire-mongol","EVT-0403","Les Mongols construisent un empire","non","EVT-0403.svg"
"CARD-009-jacquerie","EVT-0408","Des paysans se soulèvent","non","EVT-0408.svg"
"CARD-021-guerre-civile-anglaise","EVT-0427","Le roi et le Parlement s’affrontent en Angleterre","non","EVT-0427.svg"
"CARD-021-charles-execution","EVT-0428","L’exécution de Charles Ier rompt avec la monarchie","non","EVT-0428.svg"
"CARD-013-rousseau-souverainete","EVT-0432","Rousseau réfléchit à la souveraineté du peuple","non","EVT-0432.svg"
"CARD-013-saint-domingue-insurrection","EVT-0439","À Saint-Domingue, les esclaves prennent part à la Révolution","non","EVT-0439.svg"
"CARD-024-premiere-republique","EVT-0442","La République rompt avec la souveraineté monarchique","non","EVT-0442.svg"
"CARD-013-haiti-independance","EVT-0447","Haïti devient indépendante à l’issue d’une révolution","non","EVT-0447.svg"
"CARD-014-famine-migrations","EVT-0457","La famine irlandaise entraîne une émigration massive","non","EVT-0457.svg"
"CARD-025-journees-juin","EVT-0458","Les journées de Juin révèlent la fracture sociale de la République","non","EVT-0458.svg"
"CARD-025-coup-etat-bonaparte","EVT-0459","Louis-Napoléon Bonaparte renverse l’ordre constitutionnel","non","EVT-0459.svg"
"CARD-025-second-empire","EVT-0460","Le Second Empire associe autorité politique et modernisation","non","EVT-0460.svg"
"CARD-014-cipayes-resistance","EVT-0463","La révolte des Cipayes conteste la domination britannique","non","EVT-0463.svg"
"CARD-025-unification-italienne","EVT-0465","L’unification italienne combine mouvement national et action des États","non","EVT-0465.svg"
"CARD-014-internationale-ouvriere","EVT-0469","Les travailleurs cherchent à s’organiser au-delà des frontières","non","EVT-0469.svg"
"CARD-025-guerre-prusse","EVT-0472","La guerre franco-prussienne bouleverse les régimes et les territoires","non","EVT-0472.svg"
"CARD-026-fachoda-imperialisme","EVT-0475","Fachoda révèle les rivalités entre empires coloniaux","non","EVT-0475.svg"
"CARD-002-syndicats","EVT-0476","Se réunir pour défendre ses droits","non","EVT-0476.svg"
"CARD-026-syndicats-legaux","EVT-0476","La légalisation des syndicats encadre la défense collective","non","EVT-0476.svg"
"CARD-016-verdun","EVT-0482","Verdun : combattre dans une guerre totale","non","EVT-0482.svg"
"CARD-016-bolcheviks","EVT-0484","Les bolcheviks prennent le pouvoir en Russie","non","EVT-0484.svg"
"CARD-028-crise","EVT-0494","La crise économique fragilise les démocraties","non","EVT-0494.svg"
"CARD-028-pleins-pouvoirs","EVT-0499","Les pleins pouvoirs accélèrent la destruction de la démocratie","non","EVT-0499.svg"
"CARD-028-nuremberg","EVT-0501","Les lois de Nuremberg institutionnalisent l’exclusion","non","EVT-0501.svg"
"CARD-028-espagne","EVT-0502","La guerre d’Espagne internationalise les affrontements politiques","non","EVT-0502.svg"
"CARD-028-munich","EVT-0504","Munich : les limites de l’apaisement","non","EVT-0504.svg"
"CARD-016-auschwitz","EVT-0518","Auschwitz : comprendre le génocide","non","EVT-0518.svg"
"CARD-017-inde-decolonisation","EVT-0522","L’indépendance de l’Inde montre la complexité de la décolonisation","non","EVT-0522.svg"
"CARD-040-inde-pluralisme","EVT-0522","L’Inde indépendante doit organiser la diversité religieuse","non","EVT-0522.svg"
"CARD-017-cuba-risque-nucleaire","EVT-0533","La crise de Cuba révèle le danger nucléaire","non","EVT-0533.svg"
"CARD-030-chine-reformes","EVT-0541","Les réformes chinoises dissocient ouverture économique et démocratie","non","EVT-0541.svg"
"CARD-030-iran-revolution","EVT-0542","La révolution iranienne bouleverse l’ordre politique régional","non","EVT-0542.svg"
"CARD-030-tiananmen-repression","EVT-0546","La répression de Tian’anmen montre les limites de l’ouverture politique","non","EVT-0546.svg"
"CARD-040-pakistan-partition","EVT-0862","La naissance du Pakistan relie identité religieuse et projet national","non","EVT-0862.svg"
"CARD-030-petrole-crise","EVT-0905","Le pétrole devient un levier économique et géopolitique","non","EVT-0905.svg"
"CARD-037-google-numerique","EVT-0943","Les entreprises numériques deviennent des acteurs de puissance","non","EVT-0943.svg"
"CARD-037-crimee-force-droit","EVT-1004","L’annexion de la Crimée confronte puissance et droit international","non","EVT-1004.svg"
"CARD-037-poutine-reaffirmation","EVT-1028","La présidence de Poutine accompagne une stratégie de réaffirmation","non","EVT-1028.svg"
"CARD-004-catalhoyuk","EVT-2042","Habiter un grand village","non","EVT-2042.svg"
