"event_id","fichier_svg","cartes_couvertes","objets","references_DA","intention","vigilance"
"EVT-0001","EVT-0001.svg","1","bonnet ; laurier","EVT-0348.svg ; EVT-0357.svg","Une République commémorée","Emblème, sans inventer un monument du centenaire."
"EVT-0002","EVT-0002.svg","1","bonnet ; citoyens","EVT-0348.svg ; EVT-0016.svg","Une fête nationale républicaine","Pas de feux d'artifice modernes."
"EVT-0004","EVT-0004.svg","2","ecole ; ouvert","EVT-0438.svg ; EVT-0632.svg","L'instruction devient obligatoire","École générique, sans enseigne."
"EVT-0005","EVT-0005.svg","2","parchemin ; eglise","EVT-0065.svg ; EVT-0521.svg","La séparation des Églises et de l'État","La loi ne supprime pas la liberté de culte."
"EVT-0009","EVT-0009.svg","1","machine ; roue","EVT-0018.svg","Les machines transforment le travail","Mécanisme schématique, pas un modèle breveté."
"EVT-0010","EVT-0010.svg","1","usine ; train","EVT-0018.svg ; EVT-0691.svg","Industrie et transports en France","Silhouettes du XIXe siècle."
"EVT-0011","EVT-0011.svg","1","ville ; usine","EVT-0520.svg ; EVT-0018.svg","L'essor des villes industrielles","Bâtiments bas ; aucun gratte-ciel."
"EVT-0015","EVT-0015.svg","1","famille ; barreaux","EVT-0016.svg ; EVT-0114.svg","Des familles arrêtées lors de la rafle","Représentation retenue, sans spectacle de violence."
"EVT-0022","EVT-0022.svg","1","lyre ; rouleau","EVT-0014.svg ; EVT-0298.svg","La transmission des poèmes homériques","La lyre évoque le récit oral ; pas de portrait d'Homère."
"EVT-0024","EVT-0024.svg","1","louve ; colonne","EVT-0636.svg ; EVT-0118.svg","Le récit légendaire de la fondation de Rome","La louve représente un mythe, pas une preuve historique."
"EVT-0026","EVT-0026.svg","1","rouleau ; menorah","EVT-0298.svg ; EVT-0521.svg","Des textes et une tradition religieuse","Sept branches ; pas de caractères hébraïques."
"EVT-0027","EVT-0027.svg","1","baluchon ; ziggurat","EVT-0634.svg ; EVT-0613.svg","L'exil à Babylone","La valise est un signe de déplacement, pas un bagage antique reconstitué."
"EVT-0028","EVT-0028.svg","1","porte-ouverte ; rouleau","EVT-0064.svg ; EVT-0298.svg","Le retour d'exil et les traditions","Pas de restitution certaine du Temple."
"EVT-0029","EVT-0029.svg","1","temple ; assemblee","EVT-0118.svg","La cité d'Athènes au temps de Périclès","Architecture grecque générique, pas un portrait."
"EVT-0031","EVT-0031.svg","2","laurier ; colonne","EVT-0357.svg ; EVT-0118.svg","Le pouvoir impérial d'Auguste","Pas de couronne médiévale."
"EVT-0033","EVT-0033.svg","1","navire ; colonne","EVT-0063.svg ; EVT-0118.svg","La circulation dans le monde romain","Voile générique ; pas de vapeur."
"EVT-0034","EVT-0034.svg","1","parchemin ; colonne","EVT-0065.svg ; EVT-0118.svg","La citoyenneté romaine élargie","Pas d'urne contemporaine dans l'Antiquité."
"EVT-0036","EVT-0036.svg","1","temple ; epee","EVT-0118.svg ; EVT-0688.svg","La révolte de Judée et la destruction du Temple","Temple symbolique ; aucune ruine reconstituée comme certaine."
"EVT-0037","EVT-0037.svg","2","assemblee ; croix","EVT-0118.svg ; EVT-0703.svg","Le concile de Nicée","Un débat religieux, sans portrait de Constantin."
"EVT-0038","EVT-0038.svg","1","laurier ; croix","EVT-0357.svg ; EVT-0703.svg","Constantin et le christianisme","Pas d'assimilation à la religion d'État de 380."
"EVT-0039","EVT-0039.svg","1","parchemin ; croix","EVT-0065.svg ; EVT-0703.svg","Le christianisme devient religion impériale","Document symbolique sans lettres."
"EVT-0041","EVT-0041.svg","1","pagode ; rouleau","EVT-0620.svg ; EVT-0298.svg","Le pouvoir et l'administration des Han","Pagode comme convention du stock, pas restitution d'un palais Han."
"EVT-0045","EVT-0045.svg","1","eglise ; croix","EVT-0521.svg ; EVT-0703.svg","Deux chrétientés qui se séparent","La croix reste un signe commun, pas une frontière territoriale."
"EVT-0046","EVT-0046.svg","2","coupole ; epee","EVT-0497.svg ; EVT-0688.svg","Le sac de Constantinople par les croisés","Pas de minaret ottoman en 1204."
"EVT-0047","EVT-0047.svg","1","coupole ; parchemin","EVT-0497.svg ; EVT-0065.svg","Justinien et le gouvernement de l'Empire","Bâtiment byzantin générique."
"EVT-0048","EVT-0048.svg","1","couronne ; parchemin","EVT-0044.svg ; EVT-0065.svg","Le partage de l'Empire à Verdun","Pas de frontières nationales actuelles."
"EVT-0049","EVT-0049.svg","1","donjon ; croix","EVT-0173.svg ; EVT-0703.svg","La prise de Jérusalem par les croisés","Pas de scène de massacre ni de monument inventé."
"EVT-0051","EVT-0051.svg","1","minaret ; epee","EVT-0521.svg ; EVT-0688.svg","Bagdad prise par les Mongols","Architecture générique, sans détail affirmé de 1258."
"EVT-0052","EVT-0052.svg","1","couronne ; donjon","EVT-0044.svg ; EVT-0173.svg","Le début de la dynastie capétienne","Pas de portrait de Hugues Capet."
"EVT-0054","EVT-0054.svg","1","epee ; couronne","EVT-0688.svg ; EVT-0044.svg","Bouvines et le pouvoir royal","Épées médiévales, pas de canon."
"EVT-0055","EVT-0055.svg","2","donjon ; epee","EVT-0173.svg ; EVT-0688.svg","La guerre de Cent Ans","Un conflit médiéval, pas une bataille unique."
"EVT-0056","EVT-0056.svg","2","canon ; donjon","EVT-0466.svg ; EVT-0173.svg","L'artillerie à Castillon","Canon ancien à roues, pas un obusier du XXe siècle."
"EVT-0057","EVT-0057.svg","1","donjon ; couronne","EVT-0173.svg ; EVT-0044.svg","Philippe Auguste renforce son pouvoir","Architecture générique, pas une restitution du Louvre."
"EVT-0059","EVT-0059.svg","1","couronne ; croix","EVT-0044.svg ; EVT-0703.svg","Louis IX devient saint Louis","Canonisation, pas confusion avec le sacre."
"EVT-0060","EVT-0060.svg","1","assemblee ; couronne","EVT-0118.svg ; EVT-0044.svg","Les États généraux réunissent des représentants","Pas d'urne de suffrage universel."
"EVT-0061","EVT-0061.svg","1","maison ; bougie","EVT-0705.svg ; EVT-0702.svg","La peste bouleverse les sociétés","Aucun masque de médecin à bec, anachronique pour 1348."
"EVT-0066","EVT-0066.svg","1","couronne ; palais","EVT-0044.svg ; EVT-0520.svg","Louis XIV exerce le pouvoir personnel","Pas de portrait ni de soleil décoratif supplémentaire."
"EVT-0069","EVT-0069.svg","1","navire ; boussole","EVT-0063.svg ; EVT-0625.svg","Le départ de l'expédition de Magellan","Pas de paquebot."
"EVT-0070","EVT-0070.svg","1","navire ; globe","EVT-0063.svg ; EVT-0357.svg","Elcano achève le voyage","Pas de portrait attribué à Magellan au retour."
"EVT-0072","EVT-0072.svg","1","assemblee ; eglise","EVT-0118.svg ; EVT-0521.svg","Le concile de Trente","Architecture religieuse générique."
"EVT-0073","EVT-0073.svg","1","epee ; croix","EVT-0688.svg ; EVT-0703.svg","Les guerres de Religion","Ni caricature des croyants ni spectacle de massacre."
"EVT-0078","EVT-0078.svg","1","chaine-rompue ; bonnet","EVT-0684.svg ; EVT-0348.svg","La première abolition de l'esclavage","L'abolition de 1794 n'est pas présentée comme définitive."
"EVT-0079","EVT-0079.svg","1","chaine ; bicorne","EVT-0684.svg ; EVT-0044.svg","Le retour à l'ordre esclavagiste sous Bonaparte","Pas de justification du rétablissement de l'esclavage."
"EVT-0082","EVT-0082.svg","1","balance ; barreaux","EVT-0058.svg ; EVT-0114.svg","L'injustice subie par Dreyfus","Pas de visage inventé ou d'insigne militaire précis."
"EVT-0083","EVT-0083.svg","2","journal ; plume","EVT-0632.svg ; EVT-0065.svg","Zola intervient dans la presse","Aucun titre ni lettre dans le dessin."
"EVT-0084","EVT-0084.svg","2","balance ; porte-ouverte","EVT-0058.svg ; EVT-0064.svg","La réhabilitation de Dreyfus","Image de justice, pas de récit d'une simple amnistie."
"EVT-0086","EVT-0086.svg","1","femme ; ouvert","EVT-0006.svg ; EVT-0632.svg","Une femme accède au baccalauréat","Pas de diplôme avec du texte."
"EVT-0088","EVT-0088.svg","1","femme ; monnaie","EVT-0006.svg ; EVT-0632.svg","Les femmes disposent de leur salaire","Pas de symbole monétaire typographique."
"EVT-0089","EVT-0089.svg","1","kepi ; barbeles","EVT-0012.svg","L'entrée dans la Grande Guerre","Képi du début du conflit ; fils évoquant la guerre de position, pas une scène exacte d'août 1914."
"EVT-0090","EVT-0090.svg","1","valise ; bougie","EVT-0634.svg ; EVT-0702.svg","La mémoire du génocide des Arméniens","Symboles sobres, aucune scène de violence."
"EVT-0094","EVT-0094.svg","1","parchemin ; usine","EVT-0065.svg ; EVT-0018.svg","Les accords de Matignon et les droits sociaux","Pas de vacances balnéaires comme seul sens des accords."
"EVT-0101","EVT-0101.svg","1","casque ; parchemin","EVT-0012.svg ; EVT-0065.svg","La capitulation allemande","Pas de drapeau à croix gammée."
"EVT-0107","EVT-0107.svg","1","parchemin ; chaine","EVT-0065.svg ; EVT-0684.svg","Le régime autoritaire de Vichy","Pas de symbole fasciste décoratif."
"EVT-0109","EVT-0109.svg","1","maison ; ouvert","EVT-0705.svg ; EVT-0632.svg","Le programme du CNR prépare la reconstruction","Ne pas confondre la réunion de 1943 et le programme de 1944."
"EVT-0110","EVT-0110.svg","1","globe ; bouclier","EVT-0357.svg ; EVT-0685.svg","La doctrine Truman et les deux blocs","Pas de carte de frontières de la guerre froide inventée."
"EVT-0111","EVT-0111.svg","1","transport ; colis","EVT-0013.svg ; EVT-0634.svg","Le pont aérien répond au blocus de Berlin","Avion de transport : adaptation spécifique, sans hélice de chasseur."
"EVT-0113","EVT-0113.svg","1","mur ; barbeles","EVT-0537.svg ; EVT-0012.svg","Le mur de Berlin ferme le passage","Aucune scène heureuse de chute du mur."
"EVT-0120","EVT-0120.svg","1","parchemin ; porte-ouverte","EVT-0065.svg ; EVT-0064.svg","Les accords d'Évian ouvrent la sortie de guerre","La signature ne signifie pas la fin immédiate de toutes les violences."
"EVT-0129","EVT-0129.svg","1","femme ; porte-ouverte","EVT-0006.svg ; EVT-0064.svg","L'autonomie juridique des femmes progresse","Pas de représentation d'une libération déjà complète."
"EVT-0132","EVT-0132.svg","2","femme ; balance","EVT-0006.svg ; EVT-0058.svg","La loi Veil et le droit à l'avortement","Pas d'image médicale intrusive."
"EVT-0133","EVT-0133.svg","2","balance ; chaine-rompue","EVT-0058.svg ; EVT-0684.svg","L'abolition de la peine de mort","Pas de guillotine spectaculaire."
"EVT-0134","EVT-0134.svg","1","parlement ; maison","EVT-0118.svg ; EVT-0705.svg","La décentralisation rapproche les décisions","Pas de carte administrative actuelle."
"EVT-0136","EVT-0136.svg","1","navire ; temple","EVT-0063.svg ; EVT-0118.svg","La puissance maritime d'Athènes","Voile simplifiée ; pas de marine à vapeur."
"EVT-0139","EVT-0139.svg","1","portique ; colonne","EVT-0497.svg ; EVT-0118.svg","La fondation de Constantinople","Silhouette de ville impériale, sans présenter Sainte-Sophie de Justinien comme déjà construite."
"EVT-0140","EVT-0140.svg","1","croix ; epee","EVT-0703.svg ; EVT-0688.svg","L'appel à la première croisade","Objet symbolique, sans portrait d'Urbain II."
"EVT-0141","EVT-0141.svg","1","epee ; eglise","EVT-0688.svg ; EVT-0521.svg","La deuxième croisade","Pas de drapeaux nationaux modernes."
"EVT-0142","EVT-0142.svg","1","navire ; monnaie","EVT-0063.svg ; EVT-0632.svg","Les réseaux commerciaux de Venise","Pas de gondole touristique contemporaine."
"EVT-0143","EVT-0143.svg","1","globe ; boussole","EVT-0357.svg ; EVT-0625.svg","Le premier tour du monde maritime","Le globe reste une convention graphique, pas un objet embarqué précis."
"EVT-0144","EVT-0144.svg","1","ouvert ; balance","EVT-0632.svg ; EVT-0058.svg","Le débat de Valladolid","Pas de caricature des peuples autochtones."
"EVT-0145","EVT-0145.svg","1","canne ; chaine","EVT-0340.svg ; EVT-0684.svg","Les plantations reposent sur l'esclavage","La chaîne rend visible la contrainte, pas un commerce neutre."
"EVT-0147","EVT-0147.svg","1","pinceau ; coupole","EVT-0065.svg ; EVT-0497.svg","L'art de Michel-Ange dans une chapelle","Plume adaptée en pinceau ; pas de copie inexacte de la fresque."
"EVT-0149","EVT-0149.svg","1","ouvert ; plume","EVT-0632.svg ; EVT-0065.svg","Érasme et l'humanisme","Sans portrait inventé."
"EVT-0151","EVT-0151.svg","1","parchemin ; sceau","EVT-0065.svg","Villers-Cotterêts et l'administration","Pas de lettres ou de faux texte français."
"EVT-0152","EVT-0152.svg","1","navire ; colis","EVT-0063.svg ; EVT-0634.svg","Colbert développe commerce et manufactures","Pas de conteneur maritime du XXe siècle."
"EVT-0154","EVT-0154.svg","1","palais ; soleil","EVT-0520.svg ; EVT-0420.svg","Versailles met en scène la monarchie","Façade schématique, sans restitution architecturale exacte."
"EVT-0156","EVT-0156.svg","1","barreaux ; balance","EVT-0114.svg ; EVT-0058.svg","L'Habeas corpus protège contre l'arbitraire","Pas de confusion avec la suppression de la prison."
"EVT-0157","EVT-0157.svg","1","parchemin ; couronne","EVT-0065.svg ; EVT-0044.svg","Le Bill of Rights encadre la monarchie","La couronne n'est pas brisée : monarchie maintenue."
"EVT-0160","EVT-0160.svg","1","plume ; ouvert","EVT-0065.svg ; EVT-0632.svg","Voltaire combat l'intolérance par l'écrit","Aucun portrait."
"EVT-0161","EVT-0161.svg","1","parlement ; parchemin","EVT-0118.svg ; EVT-0065.svg","Washington et les institutions américaines","Bâtiment institutionnel générique, pas le Capitole de 1787."
"EVT-0162","EVT-0162.svg","1","lunette ; soleil","EVT-0622.svg ; EVT-0420.svg","Galilée observe le ciel","La lunette demeure au centre ; aucune planète dessinée avec photo."
"EVT-0163","EVT-0163.svg","1","lunette ; croix","EVT-0622.svg ; EVT-0703.svg","Galilée condamné pour ses idées","La croix rappelle l'autorité religieuse du tribunal ; pas de cachot fictif."
"EVT-0164","EVT-0164.svg","1","newcomen ; minerai","EVT-0018.svg ; EVT-0338.svg","La machine de Newcomen pompe l'eau des mines","Balancier et pompe, pas locomotive à vapeur."
"EVT-0165","EVT-0165.svg","1","ouvert ; globe","EVT-0632.svg ; EVT-0357.svg","Émilie du Châtelet traduit et explique Newton","Pas de portrait ni de symbole atomique moderne."
"EVT-0166","EVT-0166.svg","1","ouvert ; roue","EVT-0632.svg ; EVT-0018.svg","L'Encyclopédie diffuse des savoirs techniques","Aucune lettre sur les pages."
"EVT-0167","EVT-0167.svg","1","fourche ; monnaie","EVT-0053.svg ; EVT-0632.svg","Les Nu-pieds se révoltent contre l'impôt","Pas de symbole fiscal contemporain."
"EVT-0168","EVT-0168.svg","1","ville ; famille","EVT-0520.svg ; EVT-0016.svg","La pauvreté urbaine","Sans caricature ni misérabilisme."
"EVT-0169","EVT-0169.svg","1","table ; ouvert","EVT-0016.svg ; EVT-0632.svg","Les salons accueillent les échanges intellectuels","Personnages géométriques du stock."
"EVT-0170","EVT-0170.svg","1","navire ; chaine","EVT-0063.svg ; EVT-0684.svg","La prospérité portuaire liée à la traite","Pas de neutralisation de la violence esclavagiste."
"EVT-0172","EVT-0172.svg","1","femme ; barreaux","EVT-0006.svg ; EVT-0114.svg","Madame Roland et l'exclusion des femmes","Pas de visage supposé."
"EVT-0174","EVT-0174.svg","1","parchemin ; balance","EVT-0065.svg ; EVT-0058.svg","L'abolition des privilèges","Balance de justice : la monarchie existe encore en août 1789."
"EVT-0179","EVT-0179.svg","1","guillotine ; couronne-brisee","EVT-0414.svg ; EVT-0044.svg","L'exécution de Louis XVI","Aucune victime ni sang."
"EVT-0181","EVT-0181.svg","1","table ; couronne","EVT-0016.svg ; EVT-0044.svg","Le congrès de Vienne réorganise l'Europe","Pas de frontières inventées."
"EVT-0183","EVT-0183.svg","1","bougie ; epee","EVT-0702.svg ; EVT-0688.svg","Le massacre de Chios","Aucune mise en scène de victimes."
"EVT-0184","EVT-0184.svg","1","bonnet ; ville","EVT-0348.svg ; EVT-0520.svg","Les Trois Glorieuses","Pas de drapeau à couleurs hors palette."
"EVT-0186","EVT-0186.svg","1","bonnet ; parlement","EVT-0348.svg ; EVT-0118.svg","La Deuxième République","Aucune Marianne portraiturée."
"EVT-0187","EVT-0187.svg","1","urne ; citoyens","EVT-0006.svg ; EVT-0016.svg","Le suffrage universel masculin","Le groupe représente des hommes ; les femmes sont encore exclues."
"EVT-0188","EVT-0188.svg","1","chaine-rompue ; parchemin","EVT-0684.svg ; EVT-0065.svg","L'abolition de l'esclavage en 1848","Pas d'effacement des conséquences de l'esclavage."
"EVT-0192","EVT-0192.svg","2","boulevard ; ville","EVT-0520.svg","Haussmann transforme Paris","Façades simplifiées, sans métro ni gratte-ciel."
"EVT-0196","EVT-0196.svg","1","usine ; parchemin","EVT-0018.svg ; EVT-0065.svg","Le droit de coalition ouvrière","Pas de fusion avec la légalisation des syndicats en 1884."
"EVT-0197","EVT-0197.svg","1","parchemin ; mur","EVT-0065.svg ; EVT-0537.svg","Le traité de Turin déplace une frontière","Le mur est un signe de limite, pas une fortification construite par le traité."
"EVT-0200","EVT-0200.svg","2","palais ; couronne","EVT-0520.svg ; EVT-0044.svg","L'Empire allemand proclamé à Versailles","Pas de carte de l'Allemagne actuelle."
"EVT-0201","EVT-0201.svg","1","ville ; bonnet","EVT-0520.svg ; EVT-0348.svg","La Commune de Paris","Pas de confusion avec une fête républicaine."
"EVT-0204","EVT-0204.svg","1","ville ; bougie","EVT-0520.svg ; EVT-0702.svg","La Semaine sanglante","Évocation retenue, aucune victime dessinée."
"EVT-0206","EVT-0206.svg","1","casque ; epee","EVT-0012.svg ; EVT-0688.svg ; EVT-0210.svg","La bataille de Tannenberg","Convention de bataille, sans tranchées françaises."
"EVT-0207","EVT-0207.svg","1","kepi ; barricade","EVT-0012.svg ; EVT-0173.svg ; EVT-0210.svg","La bataille de la Marne","Scène emblématique, pas restitution précise d'un taxi ou d'un front."
"EVT-0208","EVT-0208.svg","1","cuirasse ; artillerie","EVT-0707.svg ; EVT-0210.svg ; EVT-0012.svg","Les Dardanelles, une opération maritime","Pas de minicarte du front français."
"EVT-0212","EVT-0212.svg","1","artillerie ; casque","EVT-0210.svg ; EVT-0012.svg","L'offensive Michael","Pas de chars modernes."
"EVT-0225","EVT-0225.svg","1","usine ; bougie","EVT-0018.svg ; EVT-0702.svg","La fusillade de Fourmies","Pas de spectacle des victimes."
"EVT-0226","EVT-0226.svg","1","tour ; roue","EVT-0520.svg ; EVT-0018.svg","L'Exposition universelle de 1889","Tour Eiffel spécifique, sans texte ni éclairage moderne."
"EVT-0235","EVT-0235.svg","1","parchemin ; minaret","EVT-0065.svg ; EVT-0521.svg","Le traité de Sèvres démantèle l'Empire ottoman","Pas de frontières contemporaines dessinées comme celles de 1920."
"EVT-0240","EVT-0240.svg","1","parchemin ; laurier","EVT-0065.svg ; EVT-0357.svg","Le traité de Lausanne","La reconnaissance diplomatique, sans assimiler la République turque à une monarchie."
"EVT-0243","EVT-0243.svg","1","usine ; parlement","EVT-0018.svg ; EVT-0118.svg","Le New Deal mobilise l'État","Pas de logo ni de drapeau inventé."
"EVT-0244","EVT-0244.svg","1","bougie ; menorah","EVT-0702.svg ; EVT-0521.svg","Les pogroms de novembre 1938","Aucune caricature, pas de scène d'incendie spectaculaire."
"EVT-0250","EVT-0250.svg","1","casque ; pagode","EVT-0012.svg ; EVT-0620.svg","La guerre d'Indochine","Pas de drapeau vietnamien anachronique."
"EVT-0251","EVT-0251.svg","1","artillerie ; casque","EVT-0210.svg ; EVT-0012.svg","La bataille de Diên Biên Phu","Carte de théâtre, pas un tracé de positions militaires."
"EVT-0253","EVT-0253.svg","1","table ; parchemin","EVT-0016.svg ; EVT-0065.svg","Les accords de Genève","Pas de signature attribuée à une personne."
"EVT-0254","EVT-0254.svg","1","mur ; pagode","EVT-0537.svg ; EVT-0620.svg","La division du Vietnam","Le mur est une convention de séparation, pas un mur réellement construit au 17e parallèle."
"EVT-0255","EVT-0255.svg","1","parchemin ; casque","EVT-0065.svg ; EVT-0012.svg","Le cessez-le-feu au Vietnam","Ne pas confondre cessez-le-feu et réunification de 1975."
"EVT-0257","EVT-0257.svg","1","tunnel ; rails","EVT-0256.svg ; EVT-0691.svg","La jonction ferroviaire sous la Manche","Pas de confusion avec la jonction des tunnels en 1990."
"EVT-0259","EVT-0259.svg","1","tunnel ; ciseaux","EVT-0256.svg ; EVT-0624.svg","L'inauguration du tunnel sous la Manche","Ciseaux de cérémonie sans ruban multicolore."
"EVT-0260","EVT-0260.svg","1","tunnel ; colis","EVT-0256.svg ; EVT-0634.svg","Le fret franchit la Manche","Colis génériques, sans logo commercial."
"EVT-0261","EVT-0261.svg","1","train-moderne ; tunnel","EVT-0091.svg ; EVT-0256.svg","L'Eurostar relie les deux rives","Silhouette sans marque ni livrée hors palette."
"EVT-0262","EVT-0262.svg","1","ouvert ; porte-ouverte","EVT-0632.svg ; EVT-0064.svg","Benjamin Constant défend les libertés","Pas de portrait."
"EVT-0263","EVT-0263.svg","1","ouvert ; assemblee","EVT-0632.svg ; EVT-0118.svg","Tocqueville interroge le pouvoir de la majorité","Pas de vote caricatural."
"EVT-0265","EVT-0265.svg","1","char ; parlement","EVT-0097.svg ; EVT-0118.svg","Le coup d'État au Chili","Pas de flamme ni de scène de bombardement spectaculaire."
"EVT-0267","EVT-0267.svg","1","parchemin ; urne","EVT-0065.svg ; EVT-0006.svg","La Constitution portugaise démocratique","Pas de confusion avec la révolution de 1974."
"EVT-0268","EVT-0268.svg","1","couronne ; urne","EVT-0044.svg ; EVT-0006.svg","La Constitution espagnole démocratique","La monarchie parlementaire est maintenue."
"EVT-0273","EVT-0273.svg","1","table ; globe","EVT-0016.svg ; EVT-0357.svg","La conférence de Berlin organise le partage colonial","Le globe n'invente aucune frontière africaine."
"EVT-0275","EVT-0275.svg","1","char ; mur","EVT-0097.svg ; EVT-0537.svg","La guerre de Corée","Aucune carte moderne présentée comme un front."
"EVT-0276","EVT-0276.svg","1","parchemin ; barbeles","EVT-0065.svg ; EVT-0012.svg","L'armistice coréen et la ligne de séparation","Armistice, pas traité de paix."
"EVT-0277","EVT-0277.svg","1","parchemin ; mur-brise","EVT-0065.svg ; EVT-0537.svg","Un traité reconnaît la frontière germano-polonaise","Pas de frontière actuelle dessinée hors contexte."
"EVT-0278","EVT-0278.svg","2","parchemin ; poisson","EVT-0065.svg ; EVT-0700.svg","Montego Bay et le droit de la mer","Pas de carte de ZEE inventée."
"EVT-0280","EVT-0280.svg","1","parchemin ; valise","EVT-0065.svg ; EVT-0634.svg","L'accord de Schengen prépare la libre circulation","Pas de confusion avec l'application de 1995."
"EVT-0282","EVT-0282.svg","1","valise ; porte-ouverte","EVT-0634.svg ; EVT-0064.svg","Schengen permet de franchir certaines frontières","Pas de disparition de toutes les frontières européennes."
"EVT-0283","EVT-0283.svg","1","journal ; documents","EVT-0632.svg","Havas organise la circulation de l'information","Pas de télégraphe pour la fondation de 1835."
"EVT-0284","EVT-0284.svg","1","journal ; radio","EVT-0632.svg ; EVT-0014.svg","L'AFP naît à la Libération","Objets d'information, sans logo."
"EVT-0285","EVT-0285.svg","1","journal ; balance","EVT-0632.svg ; EVT-0058.svg","Le statut de l'AFP garantit son indépendance","Pas de badge commercial."
"EVT-0293","EVT-0293.svg","1","parchemin ; recifs","EVT-0065.svg ; EVT-0700.svg","L'accord BBNJ protège la haute mer","Pas de carte d'aires protégées déjà décidées."
"EVT-0294","EVT-0294.svg","1","poisson ; bouclier","EVT-0700.svg ; EVT-0685.svg","L'accord BBNJ entre en application","Protection symbolique, pas de résultat écologique prétendu."
"EVT-0295","EVT-0295.svg","1","parchemin ; epee","EVT-0065.svg ; EVT-0688.svg","Westphalie organise une paix négociée","Le traité n'abolit pas toute guerre."
"EVT-0296","EVT-0296.svg","1","table ; laurier","EVT-0016.svg ; EVT-0357.svg","Kofi Annan et la coopération à l'ONU","Aucun portrait inventé ni logo officiel."
"EVT-0297","EVT-0297.svg","1","maison ; laurier","EVT-0705.svg ; EVT-0357.svg","Construire une paix durable","Reconstruction civile, sans victoire militaire triomphale."
"EVT-0299","EVT-0299.svg","1","char ; petrole","EVT-0097.svg ; EVT-0018.svg","L'invasion du Koweït","Pas de carte territoriale dessinée sans source."
"EVT-0300","EVT-0300.svg","1","reacteur ; char","EVT-0013.svg ; EVT-0097.svg","La coalition de la guerre du Golfe","Avion à réaction adapté, sans marque ni bombardement spectaculaire."
"EVT-0302","EVT-0302.svg","1","char ; maison","EVT-0097.svg ; EVT-0705.svg","La guerre en Irak en 2003","Maison civile générique ; pas de monument attribué à Bagdad."
"EVT-0303","EVT-0303.svg","1","famille ; bougie","EVT-0016.svg ; EVT-0702.svg","La mémoire du génocide des Tutsis","Sans corps ni stéréotype ethnique."
"EVT-0304","EVT-0304.svg","1","bougie ; laurier","EVT-0702.svg ; EVT-0357.svg","La commémoration du génocide au Rwanda","Aucune scène de violence."
"EVT-0305","EVT-0305.svg","1","balance ; parlement","EVT-0058.svg ; EVT-0118.svg","La création du TPIY","Justice internationale, sans façade attribuée à un tribunal précis."
"EVT-0306","EVT-0306.svg","1","balance ; parchemin","EVT-0058.svg ; EVT-0065.svg","L'achèvement des travaux du TPIY","Pas de confusion avec la disparition de tout mécanisme de justice."
"EVT-0307","EVT-0307.svg","1","documents ; balance","EVT-0632.svg ; EVT-0058.svg","Les preuves au procès de Nuremberg","Pas de symboles nazis décoratifs."
"EVT-0308","EVT-0308.svg","1","balance ; barreaux ; documents","EVT-0058.svg ; EVT-0114.svg ; EVT-0632.svg","Le jugement de Nuremberg","Pas de représentation d'une exécution."
"EVT-0309","EVT-0309.svg","1","mausolee ; epee","EVT-0705.svg ; EVT-0688.svg","La destruction du patrimoine à Tombouctou","Mausolée bas en terre, pas de pagode ni de cathédrale."
"EVT-0310","EVT-0310.svg","1","balance ; mausolee","EVT-0058.svg ; EVT-0705.svg","Le jugement d'Al-Mahdi protège le patrimoine","Le monument est symbolique, sans restauration prétendue."
"EVT-0311","EVT-0311.svg","1","chevalement ; usine","EVT-0018.svg","Le bassin minier devient patrimoine","Chevalement et terril, pas de tour pétrolière."
"EVT-0312","EVT-0312.svg","1","repas ; table","EVT-0700.svg ; EVT-0016.svg","Le repas gastronomique comme pratique sociale","Repas collectif, pas publicité pour un plat."
"EVT-0313","EVT-0313.svg","1","geyser ; arbres","EVT-0320.svg ; EVT-0091.svg","Yellowstone devient parc national","Geyser et paysage simplifiés."
"EVT-0314","EVT-0314.svg","1","arbres ; bouclier","EVT-0091.svg ; EVT-0685.svg","Le National Park Service protège les parcs","Sans logo officiel ni uniforme moderne."
"EVT-0315","EVT-0315.svg","1","usine ; feuille","EVT-0018.svg ; EVT-0320.svg","L'EPA et la lutte contre les pollutions","Pas de verdure effaçant toute pollution."
"EVT-0316","EVT-0316.svg","1","table ; feuille","EVT-0016.svg ; EVT-0320.svg","Stockholm rassemble les États sur l'environnement","Pas de globe numérique."
"EVT-0317","EVT-0317.svg","1","globe ; feuille","EVT-0357.svg ; EVT-0320.svg","Rio et le développement durable","Pas de pictogramme recyclage moderne."
"EVT-0318","EVT-0318.svg","1","thermometre ; parchemin","EVT-0624.svg ; EVT-0065.svg","Kyoto engage les États sur le climat","Pas de courbe de température inventée."
"EVT-0322","EVT-0322.svg","1","plaque-photo ; minerai","EVT-0324.svg ; EVT-0338.svg","Becquerel observe le rayonnement de l'uranium","La croix est celle de l'expérience photographique, pas un signe religieux."
"EVT-0325","EVT-0325.svg","1","creuset ; minerai","EVT-0324.svg ; EVT-0338.svg","La recherche collective sur le radium","Pas de fluorescence verte ni de symbole radioactif moderne."
"EVT-0326","EVT-0326.svg","1","ordinateur ; bouclier","EVT-0693.svg ; EVT-0685.svg","L'ANSSI protège les systèmes d'information","Objets actuels traités avec les mêmes aplats, sans néon."
"EVT-0341","EVT-0341.svg","1","tablette ; ble","EVT-0637.svg ; EVT-0340.svg","L'écriture enregistre des activités","Traits abstraits, pas de faux texte cunéiforme."
"EVT-0342","EVT-0342.svg","1","ziggurat ; tablette","EVT-0613.svg ; EVT-0637.svg","Les premiers États organisent des villes","Pas de palais moderne."
"EVT-0345","EVT-0345.svg","1","usine ; maison","EVT-0018.svg ; EVT-0705.svg","Le paternalisme au Creusot","La maison montre l'encadrement social, pas seulement le progrès industriel."
"EVT-0364","EVT-0364.svg","1","urne ; parlement","EVT-0006.svg ; EVT-0118.svg","L'alternance politique de 1981","Pas de portrait de Mitterrand."
"EVT-0366","EVT-0366.svg","1","minaret ; parchemin","EVT-0521.svg ; EVT-0065.svg","L'abolition du califat en Turquie","L'abolition d'une institution ne supprime pas la pratique religieuse."
"EVT-0369","EVT-0369.svg","1","stele ; balance","EVT-0637.svg ; EVT-0058.svg","Hammurabi et le droit écrit","Stèle symbolique, pas traduction de signes."
"EVT-0372","EVT-0372.svg","1","assemblee ; colonne","EVT-0118.svg","Clisthène réorganise la cité","Pas de suffrage universel contemporain."
"EVT-0399","EVT-0399.svg","1","eglise ; epee","EVT-0521.svg ; EVT-0688.svg","L'appel d'Urbain II","Même convention que les autres cartes de croisade, sans portrait."
"EVT-0400","EVT-0400.svg","1","epee ; coupole","EVT-0688.svg ; EVT-0497.svg","Manzikert et le recul byzantin","Pas de minaret ottoman ni de drapeau turc moderne."
"EVT-0402","EVT-0402.svg","1","eglise ; parchemin","EVT-0521.svg ; EVT-0065.svg","Le concile du Latran organise l'Église","Sans fausse citation."
"EVT-0403","EVT-0403.svg","1","cavalier ; epee","EVT-0623.svg ; EVT-0688.svg","L'Empire mongol s'étend","Pas de représentation caricaturale des Mongols."
"EVT-0408","EVT-0408.svg","1","fourche ; donjon","EVT-0053.svg ; EVT-0173.svg","La Jacquerie conteste les seigneurs","Pas de guillotine anachronique."
"EVT-0427","EVT-0427.svg","1","couronne ; parlement","EVT-0044.svg ; EVT-0118.svg","Le conflit entre roi et Parlement en Angleterre","Aucune monarchie française substituée au contexte."
"EVT-0428","EVT-0428.svg","1","hache ; couronne-brisee","EVT-0064.svg ; EVT-0044.svg","L'exécution de Charles Ier","Hache, pas guillotine anachronique ; aucune victime."
"EVT-0432","EVT-0432.svg","1","ouvert ; citoyens","EVT-0632.svg ; EVT-0016.svg","Rousseau et la souveraineté du peuple","Pas de portrait."
"EVT-0439","EVT-0439.svg","1","canne ; chaine-rompue","EVT-0340.svg ; EVT-0684.svg","L'insurrection de Saint-Domingue","La rupture de chaîne évoque la lutte, pas une liberté déjà acquise."
"EVT-0442","EVT-0442.svg","1","bonnet ; couronne-brisee","EVT-0348.svg ; EVT-0044.svg","La proclamation de la République","La chute de la monarchie est le sujet."
"EVT-0447","EVT-0447.svg","1","chaine-rompue ; laurier","EVT-0684.svg ; EVT-0357.svg","Haïti devient indépendante","Pas de drapeau moderne simplifié arbitrairement."
"EVT-0457","EVT-0457.svg","1","famille ; pommes-terre","EVT-0016.svg ; EVT-0340.svg","La famine irlandaise","Blé remplacé par tubercules : maladie de la pomme de terre, pas du blé."
"EVT-0458","EVT-0458.svg","1","ville ; barricade","EVT-0520.svg ; EVT-0173.svg","Les journées de Juin","Barbelés remplacés par barricade : pas de fil barbelé en 1848."
"EVT-0459","EVT-0459.svg","1","bicorne ; barreaux","EVT-0044.svg ; EVT-0114.svg","Le coup d'État de Louis-Napoléon Bonaparte","Bicorne militaire ; pas de sacre le 2 décembre 1851."
"EVT-0460","EVT-0460.svg","1","couronne ; usine","EVT-0044.svg ; EVT-0018.svg","Le Second Empire et ses transformations","Pas de portrait impérial."
"EVT-0463","EVT-0463.svg","1","epee ; temple","EVT-0688.svg ; EVT-0118.svg","La révolte des Cipayes","Architecture indienne générique ; pas de caricature."
"EVT-0465","EVT-0465.svg","1","couronne ; parchemin ; laurier","EVT-0044.svg ; EVT-0065.svg ; EVT-0357.svg","L'unification italienne","Pas de frontière actuelle imposée à 1861."
"EVT-0469","EVT-0469.svg","1","citoyens ; roue","EVT-0016.svg ; EVT-0018.svg","L'Internationale rassemble des travailleurs","Sans emblème politique ajouté."
"EVT-0472","EVT-0472.svg","1","canon ; couronne","EVT-0466.svg ; EVT-0044.svg","La guerre franco-prussienne","Artillerie du XIXe siècle."
"EVT-0475","EVT-0475.svg","1","navire ; donjon","EVT-0063.svg ; EVT-0173.svg","La crise de Fachoda","Pas de frontière tracée sans source."
"EVT-0476","EVT-0476.svg","2","citoyens ; parchemin","EVT-0016.svg ; EVT-0065.svg","La légalisation des syndicats","Pas de logo syndical actuel."
"EVT-0482","EVT-0482.svg","1","casque-adrian ; barbeles","EVT-0012.svg ; EVT-0210.svg","Verdun et la guerre d'usure","Convention de tranchées du stock validé."
"EVT-0484","EVT-0484.svg","1","citoyens ; usine","EVT-0016.svg ; EVT-0018.svg","Les bolcheviks prennent le pouvoir","Pas de logo communiste décoratif ni de portrait de Lénine."
"EVT-0494","EVT-0494.svg","1","monnaie ; usine","EVT-0632.svg ; EVT-0018.svg","La crise de 1929 et ses effets","Pas de fausse courbe boursière."
"EVT-0499","EVT-0499.svg","1","parlement ; chaine","EVT-0118.svg ; EVT-0684.svg","Les pleins pouvoirs mettent fin aux libertés","Pas de croix gammée."
"EVT-0501","EVT-0501.svg","1","parchemin ; menorah","EVT-0065.svg ; EVT-0521.svg","Les lois de Nuremberg excluent les Juifs","Ne pas suggérer un consentement des victimes ; pas de symbole nazi."
"EVT-0502","EVT-0502.svg","1","epee ; ville","EVT-0688.svg ; EVT-0520.svg","La guerre civile espagnole","Pas de drapeau inventé."
"EVT-0504","EVT-0504.svg","1","table ; casque","EVT-0016.svg ; EVT-0012.svg","Les accords de Munich et la guerre évitée provisoirement","Ne pas présenter Munich comme une paix durable."
"EVT-0518","EVT-0518.svg","1","barreaux ; porte-ouverte","EVT-0114.svg ; EVT-0064.svg","La libération d'Auschwitz","Porte ouverte et clôture, sans image de corps ni inscription."
"EVT-0522","EVT-0522.svg","2","valise ; temple","EVT-0634.svg ; EVT-0118.svg","L'indépendance et la partition de l'Inde","Le bagage évoque les déplacements, sans caricature religieuse."
"EVT-0533","EVT-0533.svg","1","missile ; globe","EVT-0688.svg ; EVT-0357.svg","La crise des missiles de Cuba","Missile sans explosion ; pas de carte du monde polarisée inventée."
"EVT-0541","EVT-0541.svg","1","pagode ; usine","EVT-0620.svg ; EVT-0018.svg","Les réformes économiques chinoises","Pas de gratte-ciel contemporain attribué à 1978."
"EVT-0542","EVT-0542.svg","1","minaret ; citoyens","EVT-0521.svg ; EVT-0016.svg","La révolution iranienne","Pas de portrait ni de symbole sectaire."
"EVT-0546","EVT-0546.svg","1","char ; citoyens","EVT-0097.svg ; EVT-0016.svg","La répression à Tiananmen","Évocation sobre, sans corps ni reconstruction photographique."
"EVT-0862","EVT-0862.svg","1","valise ; minaret","EVT-0634.svg ; EVT-0521.svg","La naissance du Pakistan","La séparation provoque des déplacements ; pas de frontière actuelle inventée."
"EVT-0905","EVT-0905.svg","1","petrole ; monnaie","EVT-0018.svg ; EVT-0632.svg","Le choc pétrolier","Barils et coût, aucun symbole monétaire textuel."
"EVT-0943","EVT-0943.svg","1","reseau ; ordinateur","EVT-0696.svg ; EVT-0693.svg","Google et la puissance des plateformes","Sans logo ; appareil actuel dessiné comme les objets du stock."
"EVT-1004","EVT-1004.svg","1","char ; mur ; parchemin","EVT-0097.svg ; EVT-0537.svg ; EVT-0065.svg","L'annexion de la Crimée","Image de contrainte territoriale ; pas de carte légitimant l'annexion."
"EVT-1028","EVT-1028.svg","1","parlement ; bouclier","EVT-0118.svg ; EVT-0685.svg","Poutine et le pouvoir d'État","Pas de portrait ni d'emblème officiel inventé."
"EVT-2042","EVT-2042.svg","1","village-neolithique ; ble","EVT-0613.svg ; EVT-0340.svg","Çatalhöyük et l'habitat néolithique","Maisons contiguës, accès par le toit ; pas de rue ni de porte en façade."
