"card_id","event_id","title","illustration_existante","nouveau_fichier_svg","reference_da"
"CARD-004-outils-pierre","EVT-0338","Fabriquer des outils de pierre","non","EVT-0338.svg","EVT-0637.svg"
"CARD-004-agriculture","EVT-0340","Cultiver et élever des animaux","non","EVT-0340.svg","EVT-0636.svg"
"CARD-004-pyramide","EVT-0368","Une pyramide montre la puissance du pharaon","non","EVT-0368.svg","EVT-0613.svg"
"CARD-005-olympie","EVT-0023","Olympie : un sanctuaire commun aux Grecs","non","EVT-0023.svg","EVT-0623.svg"
"CARD-007-hegire","EVT-0042","L’hégire : une communauté s’organise","non","EVT-0042.svg","EVT-0521.svg"
"CARD-009-campagnes-medievales","EVT-0053","Les campagnes nourrissent une population croissante","non","EVT-0053.svg","EVT-0705.svg"
"CARD-010-louis-ix","EVT-0058","Louis IX affirme une justice royale","non","EVT-0058.svg","EVT-0044.svg"
"CARD-011-copernic","EVT-0420","Repenser la place de la Terre","non","EVT-0420.svg","EVT-0286.svg"
"CARD-001-ecole-gratuite","EVT-0003","L’école publique devient gratuite","non","EVT-0003.svg","EVT-0632.svg"
"CARD-002-canuts","EVT-0453","Les ouvriers de la soie se révoltent","non","EVT-0453.svg","EVT-0414.svg"
"CARD-014-suez-echanges","EVT-0471","Le canal de Suez rapproche les routes maritimes","non","EVT-0471.svg","EVT-0707.svg"
"CARD-001-citoyennete-femmes","EVT-0006","Les femmes obtiennent le droit de vote","non","EVT-0006.svg","EVT-0616.svg"
"CARD-027-somme-guerre-usure","EVT-0210","La Somme illustre la guerre d’usure industrielle","non","EVT-0210.svg","EVT-0012.svg"
"CARD-016-cnr","EVT-0016","Le CNR : unir les résistances","non","EVT-0016.svg","EVT-0623.svg"
"CARD-018-securite-sociale","EVT-0128","La Sécurité sociale organise une protection collective","non","EVT-0128.svg","EVT-0180.svg"
"CARD-017-bandung-voix-nouvelles","EVT-0526","À Bandung, de nouveaux États affirment leur place","non","EVT-0526.svg","EVT-0357.svg"
"CARD-030-portugal-democratisation","EVT-0266","La révolution portugaise ouvre une transition démocratique","non","EVT-0266.svg","EVT-0688.svg"
"CARD-031-manche-cooperation","EVT-0256","Le tunnel sous la Manche matérialise une coopération entre États","non","EVT-0256.svg","EVT-0623.svg"
"CARD-041-iss-cooperation","EVT-0290","L’ISS montre qu’une coopération peut survivre aux rivalités","non","EVT-0290.svg","EVT-0288.svg"
"CARD-046-polonium-recherche","EVT-0324","La découverte du polonium associe mesure et interprétation","non","EVT-0324.svg","EVT-0018.svg"
