"card_id","event_id","title","niveau","path"
"CARD-004-catalhoyuk","EVT-2042","Habiter un grand village","6e","/apprendre/6e/thm-004-theme-1-la-longue-histoire-de-l-humanite-et-des-migrations"
"CARD-005-homere","EVT-0022","Homère : des récits partagés par les Grecs","6e","/apprendre/6e/thm-005-theme-2-recits-fondateurs-croyances-et-citoyennete-dans-la-mediterranee-antique"
"CARD-005-athenes","EVT-0029","Athènes au temps de Périclès : une démocratie limitée","6e","/apprendre/6e/thm-005-theme-2-recits-fondateurs-croyances-et-citoyennete-dans-la-mediterranee-antique"
"CARD-006-han","EVT-0041","La Chine des Han : un autre grand empire","6e","/apprendre/6e/thm-006-theme-3-l-empire-romain-dans-le-monde-antique"
"CARD-008-justinien","EVT-0047","Justinien veut restaurer la puissance romaine","5e","/apprendre/5e/thm-008-evenements-complementaires-directement-utiles-au-theme-1"
"CARD-009-bouvines-royaume","EVT-0054","Une victoire renforce le roi","5e","/apprendre/5e/thm-009-theme-2-societe-eglise-et-pouvoir-politique-dans-l-occident-feodal-xie-xve-siecles"
"CARD-020-plantations","EVT-0145","Plantations et traite : un processus de longue durée","Seconde générale et technologique","/apprendre/seconde/thm-020-theme-2-xve-xvie-siecles-un-nouveau-rapport-au-monde-un-temps-de-mutation-intellectuelle"
"CARD-022-galilee-observation","EVT-0162","Galilée fait de l’observation un argument scientifique","Seconde générale et technologique","/apprendre/seconde/thm-022-theme-4-dynamiques-et-ruptures-dans-les-societes-des-xviie-et-xviiie-siecles"
"CARD-024-execution-roi","EVT-0179","L’exécution du roi approfondit la rupture révolutionnaire","Première générale","/apprendre/premiere/thm-024-theme-1-l-europe-face-aux-revolutions"
"CARD-002-paris-transforme","EVT-0192","Une ville change de visage","CM2","/apprendre/cm2/thm-002-theme-2-l-age-industriel-en-france"
"CARD-027-michael-limites-offensive","EVT-0212","L’offensive Michael montre les limites d’une percée militaire","Première générale","/apprendre/premiere/thm-027-theme-4-la-premiere-guerre-mondiale-le-suicide-de-l-europe-et-la-fin-des-empires-europeens"
"CARD-016-verdun","EVT-0482","Verdun : combattre dans une guerre totale","3e","/apprendre/3e/thm-016-theme-1-l-europe-un-theatre-majeur-des-guerres-totales-1914-1945"
"CARD-017-berlin-blocus","EVT-0111","Le blocus de Berlin met les alliances à l’épreuve","3e","/apprendre/3e/thm-017-theme-2-le-monde-depuis-1945"
"CARD-029-dien-bien-phu-puissance","EVT-0251","Diên Biên Phu montre les limites d’une supériorité militaire supposée","Terminale générale","/apprendre/terminale/thm-029-theme-2-la-multiplication-des-acteurs-internationaux-dans-un-monde-bipolaire-1945-debut-des-annees-1970"
"CARD-031-manche-symbole","EVT-0259","L’inauguration transforme l’ouvrage en symbole politique","Terminale générale","/apprendre/terminale/thm-031-theme-4-le-monde-l-europe-et-la-france-depuis-les-annees-1990-entre-cooperations-et-conflits"
"CARD-036-espagne-compromis","EVT-0268","La transition espagnole repose sur des compromis institutionnels","Première HGGSP","/apprendre/premiere-hggsp/thm-036-theme-1-comprendre-un-regime-politique-la-democratie"
"CARD-041-bbnj-application","EVT-0294","L’entrée en vigueur ouvre le travail de mise en œuvre","Terminale HGGSP","/apprendre/terminale-hggsp/thm-041-theme-1-de-nouveaux-espaces-de-conquete"
"CARD-046-becquerel-enquete","EVT-0322","Becquerel montre le rôle de l’enquête expérimentale","Terminale HGGSP","/apprendre/terminale-hggsp/thm-046-theme-6-l-enjeu-de-la-connaissance"
"CARD-046-anssi-cyberdefense","EVT-0326","La cyberdéfense fait de la connaissance un enjeu de souveraineté","Terminale HGGSP","/apprendre/terminale-hggsp/thm-046-theme-6-l-enjeu-de-la-connaissance"
"CARD-043-rwanda-genocide","EVT-0303","Le génocide des Tutsis résulte d’une politique de destruction","Terminale HGGSP","/apprendre/terminale-hggsp/thm-043-theme-3-histoire-et-memoires"
"CARD-016-cnr","EVT-0016","Le CNR : unir les résistances","3e","/apprendre/3e/thm-016-theme-1-l-europe-un-theatre-majeur-des-guerres-totales-1914-1945"
"CARD-016-nazisme","","L’Allemagne nazie : un régime totalitaire","3e","/apprendre/3e/thm-016-theme-1-l-europe-un-theatre-majeur-des-guerres-totales-1914-1945"
"CARD-014-famine-migrations","EVT-0457","La famine irlandaise entraîne une émigration massive","4e","/apprendre/4e/thm-014-theme-2-l-europe-et-le-monde-au-xixe-siecle"
"CARD-015-daubie-education","EVT-0086","Julie-Victoire Daubié ouvre une voie dans l’enseignement","4e","/apprendre/4e/thm-015-theme-3-societe-culture-et-politique-dans-la-france-du-xixe-siecle"
