"card_id","chapter_id","title","raison"
"CARD-016-nazisme","THM-016","L’Allemagne nazie : un régime totalitaire","Carte de notion sans event_id dans le catalogue canonique ; aucune correspondance inventée ni modification de contenu."
"CARD-013-traite-atlantique","THM-013","Le commerce atlantique repose aussi sur la violence","Carte de notion sans event_id dans le catalogue canonique ; aucune correspondance inventée ni modification de contenu."
"CARD-013-encyclopedie","THM-013","L’Encyclopédie diffuse les savoirs et l’esprit critique","Carte de notion sans event_id dans le catalogue canonique ; aucune correspondance inventée ni modification de contenu."
"CARD-013-revolution-francaise","THM-013","La Révolution transforme les fondements du pouvoir","Carte de notion sans event_id dans le catalogue canonique ; aucune correspondance inventée ni modification de contenu."
"CARD-013-napoleon-heritages","THM-013","Napoléon conserve et limite les héritages révolutionnaires","Carte de notion sans event_id dans le catalogue canonique ; aucune correspondance inventée ni modification de contenu."
"CARD-014-industrialisation","THM-014","L’industrialisation transforme la production et le travail","Carte de notion sans event_id dans le catalogue canonique ; aucune correspondance inventée ni modification de contenu."
"CARD-014-printemps-peuples","THM-014","Les peuples réclament des libertés et des nations","Carte de notion sans event_id dans le catalogue canonique ; aucune correspondance inventée ni modification de contenu."
"CARD-014-abolition-definitive","THM-014","L’esclavage est de nouveau aboli dans les colonies françaises","Carte de notion sans event_id dans le catalogue canonique ; aucune correspondance inventée ni modification de contenu."
"CARD-014-mondialisation-coloniale","THM-014","L’expansion des échanges accompagne la domination coloniale","Carte de notion sans event_id dans le catalogue canonique ; aucune correspondance inventée ni modification de contenu."
"CARD-014-seconde-industrialisation","THM-014","De nouvelles industries élargissent les transformations économiques","Carte de notion sans event_id dans le catalogue canonique ; aucune correspondance inventée ni modification de contenu."
"CARD-015-suffrage-masculin","THM-015","Le suffrage universel reste réservé aux hommes","Carte de notion sans event_id dans le catalogue canonique ; aucune correspondance inventée ni modification de contenu."
"CARD-015-installation-republique","THM-015","La République doit encore s’enraciner","Carte de notion sans event_id dans le catalogue canonique ; aucune correspondance inventée ni modification de contenu."
"CARD-015-separation-laicite","THM-015","La séparation affirme la liberté de conscience","Carte de notion sans event_id dans le catalogue canonique ; aucune correspondance inventée ni modification de contenu."
"CARD-017-onu-paix","THM-017","L’ONU cherche à organiser la sécurité collective","Carte de notion sans event_id dans le catalogue canonique ; aucune correspondance inventée ni modification de contenu."
"CARD-018-cinquieme-republique","THM-018","La Ve République renforce l’exécutif","Carte de notion sans event_id dans le catalogue canonique ; aucune correspondance inventée ni modification de contenu."
"CARD-018-reforme-presidentielle","THM-018","La réforme présidentielle change le rapport aux électeurs","Carte de notion sans event_id dans le catalogue canonique ; aucune correspondance inventée ni modification de contenu."
"CARD-018-alternance-politique","THM-018","L’alternance éprouve la continuité des institutions","Carte de notion sans event_id dans le catalogue canonique ; aucune correspondance inventée ni modification de contenu."
"CARD-036-athenes-citoyennete","THM-036","Athènes éclaire la démocratie par ses pratiques et ses exclusions","Carte de notion sans event_id dans le catalogue canonique ; aucune correspondance inventée ni modification de contenu."
"CARD-039-audiovisuel-medias","THM-039","La radio et la télévision transforment l’expérience de l’information","Carte de notion sans event_id dans le catalogue canonique ; aucune correspondance inventée ni modification de contenu."
"CARD-040-calife-empereur","THM-040","Califes et empereurs articulent autrement politique et religion","Carte de notion sans event_id dans le catalogue canonique ; aucune correspondance inventée ni modification de contenu."
"CARD-046-alphabetisation-femmes","THM-046","L’alphabétisation transforme l’accès au savoir et l’autonomie","Carte de notion sans event_id dans le catalogue canonique ; aucune correspondance inventée ni modification de contenu."
"CARD-046-radioactivite-usages","THM-046","Les usages de la radioactivité relient science, santé et puissance","Carte de notion sans event_id dans le catalogue canonique ; aucune correspondance inventée ni modification de contenu."
