"event_id","fichier_svg","nombre_cartes","card_ids","chapitres"
"EVT-0016","EVT-0016.svg","2","CARD-016-cnr ; CARD-003-resistance-unie","THM-016 ; THM-003"
"EVT-0062","EVT-0062.svg","3","CARD-020-constantinople ; CARD-011-constantinople ; CARD-037-ottomans-constantinople","THM-020 ; THM-011 ; THM-037"
"EVT-0063","EVT-0063.svg","3","CARD-020-colomb ; CARD-011-colomb-ameriques ; CARD-012-contacts-atlantiques","THM-020 ; THM-011 ; THM-012"
"EVT-0064","EVT-0064.svg","3","CARD-020-luther ; CARD-011-luther-reforme ; CARD-012-idees-protestantes","THM-020 ; THM-011 ; THM-012"
"EVT-0014","EVT-0014.svg","2","CARD-028-appel ; CARD-003-refuser-defaite","THM-028 ; THM-003"
"EVT-0003","EVT-0003.svg","2","CARD-001-ecole-gratuite ; CARD-015-ecole-gratuite","THM-001 ; THM-015"
"EVT-0004","EVT-0004.svg","2","CARD-001-instruction-obligatoire ; CARD-015-instruction-laique","THM-001 ; THM-015"
"EVT-0005","EVT-0005.svg","2","CARD-001-liberte-conscience ; CARD-040-separation-francaise","THM-001 ; THM-040"
"EVT-0006","EVT-0006.svg","2","CARD-001-citoyennete-femmes ; CARD-018-vote-femmes","THM-001 ; THM-018"
"EVT-0453","EVT-0453.svg","2","CARD-002-canuts ; CARD-014-canuts-conflit-social","THM-002 ; THM-014"
"EVT-0192","EVT-0192.svg","2","CARD-002-paris-transforme ; CARD-025-paris-haussmann","THM-002 ; THM-025"
"EVT-0476","EVT-0476.svg","2","CARD-002-syndicats ; CARD-026-syndicats-legaux","THM-002 ; THM-026"
"EVT-0018","EVT-0018.svg","2","CARD-003-schuman-paix ; CARD-017-schuman-cooperation","THM-003 ; THM-017"
"EVT-0118","EVT-0118.svg","2","CARD-003-communaute-europeenne ; CARD-017-rome-marche-commun","THM-003 ; THM-017"
"EVT-0031","EVT-0031.svg","2","CARD-006-auguste ; CARD-019-auguste-principat","THM-006 ; THM-019"
"EVT-0037","EVT-0037.svg","2","CARD-006-nicee ; CARD-019-nicee-unite","THM-006 ; THM-019"
"EVT-0044","EVT-0044.svg","3","CARD-007-charlemagne ; CARD-008-couronnement-imperial ; CARD-040-charlemagne-couronnement","THM-007 ; THM-008 ; THM-040"
"EVT-0046","EVT-0046.svg","2","CARD-007-constantinople-croises ; CARD-008-sac-constantinople","THM-007 ; THM-008"
"EVT-0055","EVT-0055.svg","2","CARD-009-guerre-cent-ans ; CARD-010-conflit-dynastique","THM-009 ; THM-010"
"EVT-0056","EVT-0056.svg","2","CARD-009-castillon ; CARD-010-fin-combats","THM-009 ; THM-010"
"EVT-0065","EVT-0065.svg","2","CARD-011-nantes-paix ; CARD-021-nantes-paix","THM-011 ; THM-021"
"EVT-0076","EVT-0076.svg","2","CARD-012-revocation-nantes ; CARD-021-revocation-intolerance","THM-012 ; THM-021"
"EVT-0083","EVT-0083.svg","2","CARD-015-zola-engagement ; CARD-039-zola-presse-opinion","THM-015 ; THM-039"
"EVT-0084","EVT-0084.svg","2","CARD-015-dreyfus-rehabilitation ; CARD-039-dreyfus-verification","THM-015 ; THM-039"
"EVT-0522","EVT-0522.svg","2","CARD-017-inde-decolonisation ; CARD-040-inde-pluralisme","THM-017 ; THM-040"
"EVT-0114","EVT-0114.svg","2","CARD-017-ouverture-mur ; CARD-030-berlin-rupture","THM-017 ; THM-030"
"EVT-0115","EVT-0115.svg","3","CARD-017-fin-urss ; CARD-030-urss-dislocation ; CARD-037-urss-heritages-puissance","THM-017 ; THM-030 ; THM-037"
"EVT-0132","EVT-0132.svg","2","CARD-018-loi-veil ; CARD-030-veil-transformation-sociale","THM-018 ; THM-030"
"EVT-0133","EVT-0133.svg","2","CARD-018-abolition-peine-mort ; CARD-030-badinter-justice","THM-018 ; THM-030"
"EVT-0200","EVT-0200.svg","2","CARD-025-empire-allemand ; CARD-044-versailles-usages","THM-025 ; THM-044"
"EVT-0266","EVT-0266.svg","2","CARD-030-portugal-democratisation ; CARD-036-portugal-transition","THM-030 ; THM-036"
"EVT-0278","EVT-0278.svg","2","CARD-038-montego-frontieres-marines ; CARD-041-mer-droits-ressources","THM-038 ; THM-041"
