card_id,chapter_id,event_id,start_year,start_month,start_day,end_year,end_month,end_day,date_text,date_precision,date_status,title,body,takeaway,key_concepts,sort_order,official_wording,sources
CARD-005-homere,THM-005,EVT-0022,,,,,,,"VIIIe siècle av. J.-C. (datation approximative, débats savants)",CENTURY,APPROXIMATE,Homère : des récits partagés par les Grecs,"L’Iliade et l’Odyssée sont des poèmes attribués à Homère. Ils racontent la guerre de Troie et les aventures d’Ulysse, en faisant intervenir héros et dieux. Ces récits circulent dans le monde grec et constituent une culture commune à des cités pourtant indépendantes. L’historien les étudie pour comprendre les croyances et les valeurs des Grecs. Il ne les lit pas comme un compte rendu exact des événements racontés. Leur composition est datée approximativement et reste discutée.","À retenir : les récits d’Homère unissent culturellement les Grecs, mais ne sont pas des preuves directes des aventures racontées.",mythe;héros;polythéisme;culture commune,1,Homère / composition de l’Iliade et de l’Odyssée,https://www.metmuseum.org/-/media/files/learn/for-educators/publications-for-educators/greek.pdf
CARD-005-olympie,THM-005,EVT-0023,-776,,,,,,776 av. J.-C.,YEAR,TRADITIONAL,Olympie : un sanctuaire commun aux Grecs,Les Jeux olympiques antiques réunissent des participants venus de différentes cités grecques dans le sanctuaire d’Olympie. Les compétitions sportives font partie d’une fête religieuse consacrée à Zeus : pratiquer le sport et honorer les dieux sont ici liés. Les Grecs partagent ainsi des lieux de culte et des traditions malgré leurs rivalités politiques. Le repère associé est une date traditionnelle des premiers Jeux connus ; il ne prouve pas que toute compétition à Olympie commence exactement à ce moment.,"À retenir : Olympie montre l’unité religieuse et culturelle du monde grec, au-delà des rivalités entre cités.",sanctuaire;Zeus;cité;tradition,2,Première date traditionnelle des Jeux olympiques antiques,https://en.wikipedia.org/wiki/Ancient_Olympic_Games
CARD-005-rome,THM-005,EVT-0024,-753,4,21,,,,21 avril 753 av. J.-C.,DAY,TRADITIONAL,Rome : distinguer légende et histoire,"Selon la légende, Romulus fonde Rome après avoir été recueilli avec son frère Rémus par une louve. Ce récit explique les origines de la cité et donne aux Romains des ancêtres prestigieux. La date associée appartient à cette tradition : ce n’est pas une fondation démontrée au jour près par les fouilles. Les archéologues étudient plutôt les traces d’habitat et l’évolution des villages. Comparer récit et vestiges permet de distinguer ce qu’une société raconte d’elle-même et ce que l’on peut établir.","À retenir : la fondation de Rome possède une date traditionnelle, à distinguer des preuves archéologiques.",récit fondateur;légende;archéologie;source,3,Fondation traditionnelle de Rome,https://en.wikipedia.org/wiki/Founding_of_Rome
CARD-005-bible,THM-005,EVT-0026,,,,,,,du VIIe siècle av. J.-C. au début de notre ère,CENTURY,APPROXIMATE,La Bible hébraïque : une écriture progressive,"La Bible hébraïque rassemble des textes religieux de genres différents : récits, lois, prières et enseignements. Sa rédaction et sa mise en forme s’étendent sur une longue période ; elle n’est pas écrite en une seule fois par un auteur unique. Ces textes transmettent la mémoire et les croyances des communautés juives, notamment la foi en un Dieu unique. En histoire, on étudie leurs contextes de rédaction et on confronte les récits aux autres sources, sans confondre croyance religieuse et preuve historique.",À retenir : la Bible hébraïque est un ensemble de textes élaboré progressivement et central dans le monothéisme juif.,monothéisme;Bible hébraïque;texte religieux;source,4,Rédaction de la Bible hébraïque,https://classes.bnf.fr/pdf/TBC_4.pdf
CARD-005-jerusalem,THM-005,EVT-0027,-587,,,-586,,,587/586 av. J.-C. ; repère Éduscol simplifié : 587 av. J.-C.,YEAR_RANGE,DISPUTED,Jérusalem conquise et l’exil à Babylone,"Les Babyloniens prennent Jérusalem, détruisent son temple et déportent une partie de la population du royaume de Juda. L’exil bouleverse la vie politique et religieuse des communautés concernées. La mémoire de cette épreuve occupe une place importante dans les textes bibliques. Le dataset conserve deux années possibles pour la prise de la ville : ce désaccord chronologique ne doit pas disparaître derrière un repère scolaire simplifié. Pour comprendre l’événement, il faut relier conquête militaire, déplacement forcé et mémoire collective.",À retenir : la prise de Jérusalem provoque un exil et marque durablement la mémoire des communautés juives.,conquête;déportation;exil;mémoire,5,Prise de Jérusalem par les Babyloniens,https://en.wikipedia.org/wiki/Siege_of_Jerusalem_(587_BC)
CARD-005-retour,THM-005,EVT-0028,-538,,,,,,538 av. J.-C. dans Éduscol,YEAR,EXACT,Revenir après l’exil,"Après la conquête de Babylone par les Perses, le pouvoir perse permet à des exilés de retourner en Juda. Ce retour ouvre la possibilité de reconstruire la vie religieuse autour de Jérusalem. Tous les exilés ne reviennent pas : des communautés restent établies ailleurs. Il faut donc distinguer le repère du retour, retenu par le programme, et un processus de reconstruction plus long. Cette histoire aide à comprendre comment des communautés préservent leurs croyances et leurs liens malgré la dispersion.","À retenir : le retour autorisé par les Perses permet une reconstruction, sans mettre fin à la dispersion des communautés.",Empire perse;retour d’exil;Jérusalem;dispersion,6,Retour après l’exil à Babylone,https://en.wikipedia.org/wiki/Return_to_Zion
CARD-005-clisthene,THM-005,EVT-0372,-508,,,-507,,,508/507 av. J.-C.,YEAR_RANGE,CONVENTIONAL,Clisthène : réorganiser la cité d’Athènes,Clisthène réorganise le corps des citoyens d’Athènes. Les nouvelles divisions mêlent des habitants de différents territoires de la cité et affaiblissent le poids des grandes familles dans la vie politique. Ces réformes contribuent à la construction de la démocratie athénienne. Elles ne donnent pourtant pas des droits politiques à tous les habitants. La citoyenneté demeure réservée à une partie de la population. Comprendre cette étape permet de voir qu’un régime politique se transforme par des décisions et des conflits.,"À retenir : les réformes de Clisthène contribuent à la démocratie, dont la citoyenneté reste limitée.",citoyenneté;réforme;démocratie;cité,7,Repère complémentaire utile au chapitre ; non présenté comme repère officiel obligatoire du BO.,https://www.metmuseum.org/de/essays/theseus-hero-of-athens
CARD-005-athenes,THM-005,EVT-0029,,,,,,,Ve siècle av. J.-C.,CENTURY,APPROXIMATE,Athènes au temps de Périclès : une démocratie limitée,"À Athènes, les citoyens se réunissent à l’Assemblée pour débattre et voter des décisions concernant la cité. Périclès joue un rôle important dans cette démocratie et dans le rayonnement d’Athènes. Mais les femmes, les étrangers installés dans la cité et les esclaves sont exclus de la participation politique. La démocratie athénienne est donc directe, puisque les citoyens décident eux-mêmes, mais limitée. L’étude du régime demande de regarder à la fois son fonctionnement et les habitants qu’il laisse à l’écart.","À retenir : à Athènes, les citoyens décident directement, mais la majorité des habitants ne participe pas à la vie politique.",démocratie directe;Assemblée;citoyen;exclusion,8,Athènes au temps de Périclès,https://www.metmuseum.org/de/essays/theseus-hero-of-athens
CARD-016-entree-guerre,THM-016,EVT-0089,1914,7,28,,,,28 juillet 1914,DAY,EXACT,Une crise européenne devient une guerre mondiale,"L’Autriche-Hongrie déclare la guerre à la Serbie après l’assassinat de l’archiduc François-Ferdinand. Les tensions entre États, les alliances et les mobilisations militaires entraînent ensuite d’autres puissances dans le conflit. La guerre dépasse rapidement la crise initiale et touche aussi les empires coloniaux. Pour l’expliquer, il faut distinguer l’événement déclencheur des causes plus anciennes : rivalités de puissance, nationalismes et course aux armements. Les populations découvrent une guerre durable qui mobilise bien davantage que les seuls soldats.",À retenir : la crise entre l’Autriche-Hongrie et la Serbie déclenche une guerre élargie par les rivalités et les alliances.,alliance;nationalisme;mobilisation;guerre mondiale,1,Déclaration de guerre de l'Autriche-Hongrie à la Serbie,https://en.wikipedia.org/wiki/July_Crisis
CARD-016-armeniens,THM-016,EVT-0090,1915,4,24,,,,24 avril 1915,DAY,CONVENTIONAL,Le génocide des Arméniens : des civils visés,"Dans l’Empire ottoman en guerre, les autorités organisent les déportations et les massacres des Arméniens. Les victimes sont visées en tant que groupe : il s’agit d’un génocide, c’est-à-dire d’une entreprise de destruction d’une population. Les arrestations à Constantinople servent de repère commémoratif pour son début. Elles ne signifient pas que tous les crimes se produisent ce jour-là. Cet événement montre que la violence de guerre atteint aussi les civils, soumis à la persécution, aux déplacements forcés et à la mort.","À retenir : le génocide des Arméniens est une politique de destruction d’un groupe, et non un simple effet des combats.",génocide;civil;déportation;Empire ottoman,2,Début conventionnel du génocide des Arméniens commémoré par les arrestations à Constantinople,https://en.wikipedia.org/wiki/Armenian_genocide
CARD-016-verdun,THM-016,EVT-0482,1916,2,21,1916,12,18,21 février-18 décembre 1916,DAY_RANGE,EXACT,Verdun : combattre dans une guerre totale,"À Verdun, les armées française et allemande s’affrontent dans une bataille longue et meurtrière. L’artillerie transforme le terrain, tandis que les soldats affrontent bombardements, fatigue et peur. L’approvisionnement du front exige une organisation considérable à l’arrière. Les usines produisent des armes et les populations participent à l’effort de guerre. Verdun permet ainsi de comprendre la guerre totale : les États mobilisent leurs ressources militaires, économiques et humaines pour poursuivre le combat, au prix de pertes immenses.",À retenir : Verdun illustre la violence des combats et la mobilisation de toute la société dans la guerre totale.,guerre totale;artillerie;front;arrière,3,Repère complémentaire utile au chapitre ; non présenté comme repère officiel obligatoire du BO.,https://www.cheminsdememoire.gouv.fr/fr/revue/verdun-1916-2016
CARD-016-bolcheviks,THM-016,EVT-0484,1917,11,7,,,,7 novembre 1917,DAY,EXACT,Les bolcheviks prennent le pouvoir en Russie,"En Russie, la guerre aggrave les pénuries et la crise politique. Après la chute du tsar, un gouvernement provisoire continue le conflit. Les bolcheviks, dirigés par Lénine, prennent ensuite le pouvoir en promettant notamment la paix et la terre. Ils cherchent à construire une société communiste, mais imposent progressivement leur domination politique. Le nom de révolution d’Octobre vient du calendrier alors utilisé en Russie ; le repère du dataset suit le calendrier grégorien. Cette révolution bouleverse durablement l’Europe.",À retenir : la prise du pouvoir bolchevique transforme la Russie et ouvre une nouvelle expérience politique communiste.,révolution;bolchevik;communisme;calendrier,4,Repère complémentaire utile au chapitre ; non présenté comme repère officiel obligatoire du BO.,https://en.wikipedia.org/wiki/October_Revolution
CARD-016-armistice,THM-016,EVT-0091,1918,11,11,,,,11 novembre 1918,DAY,EXACT,"L’armistice : arrêter les combats, construire la paix","L’armistice signé à Rethondes met fin aux combats entre l’Allemagne et les Alliés sur le front occidental. Un armistice suspend les opérations militaires : ce n’est pas encore un traité de paix. La sortie de guerre laisse des sociétés endeuillées, des territoires détruits et des difficultés économiques. Les négociations de paix redessinent ensuite l’Europe et imposent des conditions à l’Allemagne. Distinguer arrêt des combats et règlement politique permet de comprendre pourquoi la paix reste fragile malgré le soulagement des populations.","À retenir : l’armistice arrête les combats sur le front occidental, tandis que les traités organisent ensuite la paix.",armistice;traité de paix;deuil;sortie de guerre,5,Armistice de Rethondes,https://en.wikipedia.org/wiki/Armistice_of_11_November_1918
CARD-016-nazisme,THM-016,,1933,,,1945,,,1933-1945 : Allemagne d'Hitler,YEAR_RANGE,CONVENTIONAL,L’Allemagne nazie : un régime totalitaire,"Sous Hitler, l’Allemagne devient une dictature qui supprime les libertés et les oppositions. Le parti nazi cherche à encadrer la population par la propagande, les organisations de jeunesse et la terreur policière. Son idéologie raciste désigne les Juifs comme des ennemis et organise leur exclusion puis leur persécution. Le régime prépare aussi une expansion territoriale par la guerre. On parle de totalitarisme pour comprendre cette volonté de contrôler la société ; tous les habitants n’adhèrent pas pour autant de la même manière.","À retenir : le nazisme combine dictature, encadrement de la société, racisme et politique de conquête.",totalitarisme;propagande;antisémitisme;terreur,6,1933-1945 : Allemagne d'Hitler,https://encyclopedia.ushmm.org/content/en/article/nazi-rule
CARD-016-matignon,THM-016,EVT-0094,1936,6,7,1936,6,8,nuit du 7 au 8 juin 1936,DAY_RANGE,EXACT,Le Front populaire et les accords de Matignon,"En France, le Front populaire rassemble des forces de gauche pour défendre la démocratie et améliorer les conditions de vie. Après sa victoire électorale, un vaste mouvement de grèves accompagne l’arrivée du gouvernement de Léon Blum. Les accords de Matignon, conclus entre représentants patronaux et syndicaux, prévoient notamment des hausses de salaires et la reconnaissance des droits syndicaux. Les congés payés et la limitation du temps de travail relèvent de lois distinctes. Il faut donc distinguer négociation sociale et décision législative.",À retenir : Matignon est un accord social ; les congés payés et la semaine de quarante heures sont établis par des lois distinctes.,Front populaire;grève;syndicat;négociation sociale,7,Accords de Matignon,https://en.wikipedia.org/wiki/Matignon_Agreements_(1936)
CARD-016-pologne,THM-016,EVT-0097,1939,9,1,,,,1er septembre 1939,DAY,EXACT,L’invasion de la Pologne ouvre la guerre en Europe,"L’Allemagne nazie envahit la Pologne dans le cadre de sa politique de conquête. La France et le Royaume-Uni déclarent ensuite la guerre à l’Allemagne. Le conflit s’étend et devient mondial. Cette guerre oppose des armées, mais les populations civiles subissent aussi occupations, bombardements et persécutions. La volonté nazie de conquérir des territoires et de détruire des groupes jugés ennemis lui donne une dimension idéologique. Il faut relier opérations militaires et violences contre les populations pour comprendre le conflit.","À retenir : l’invasion de la Pologne ouvre la guerre en Europe, marquée par la conquête et les violences contre les civils.",invasion;occupation;guerre mondiale;idéologie,8,Invasion de la Pologne par l'Allemagne,https://encyclopedia.ushmm.org/content/en/article/world-war-ii-in-europe
CARD-016-vichy,THM-016,EVT-0107,1940,7,11,,,,11 juillet 1940,DAY,EXACT,Vichy : une rupture avec la République,"Après la défaite française et l’armistice, les actes constitutionnels instituent l’État français dirigé par Pétain. Le régime de Vichy rompt avec la République, concentre le pouvoir et restreint les libertés. Il développe une politique autoritaire et antisémite, puis collabore avec l’Allemagne nazie. Il ne faut pas confondre l’occupation allemande et ce régime français, même si leurs actions s’articulent. Comprendre Vichy suppose d’étudier les décisions de ses dirigeants et de ses administrations, ainsi que les différentes réactions de la population.","À retenir : Vichy est un régime français autoritaire, antisémite et engagé dans la collaboration avec l’Allemagne nazie.",État français;autoritarisme;collaboration;antisémitisme,9,Actes constitutionnels instituant l'État français,https://en.wikipedia.org/wiki/Vichy_France
CARD-016-cnr,THM-016,EVT-0016,1943,5,27,,,,27 mai 1943,DAY,EXACT,Le CNR : unir les résistances,"La première réunion du Conseil national de la Résistance rassemble des représentants de mouvements résistants, de partis politiques et de syndicats. Jean Moulin joue un rôle décisif dans cette unification, sous l’autorité de de Gaulle. Les résistants ont des sensibilités différentes, mais partagent la volonté de combattre l’occupation et Vichy. Leur coordination renforce l’action clandestine et prépare le rétablissement de la République. La résistance prend des formes variées : renseignement, diffusion de journaux, aide aux persécutés et actions armées.",À retenir : le CNR coordonne des résistances diverses pour libérer le pays et rétablir la République.,Résistance;clandestinité;CNR;République,10,Première réunion du Conseil national de la Résistance,https://www.cheminsdememoire.gouv.fr/fr/la-france-combattante
CARD-016-auschwitz,THM-016,EVT-0518,1945,1,27,,,,27 janvier 1945,DAY,EXACT,Auschwitz : comprendre le génocide,"L’armée soviétique libère le complexe d’Auschwitz-Birkenau, où les nazis ont déporté, exploité et assassiné des populations, principalement des Juifs. Le génocide des Juifs d’Europe s’est déroulé dans différents lieux, par fusillades de masse et dans des centres de mise à mort. Les nazis ont également persécuté et assassiné les populations roms et sinti. Auschwitz en est un symbole majeur, mais ne résume pas tous les crimes. La libération du camp permet de découvrir des survivants et des traces de cette politique d’extermination.","À retenir : Auschwitz symbolise le génocide, dont les crimes dépassent ce seul lieu.",Shoah;génocide;déportation;centre de mise à mort,11,Repère complémentaire utile au chapitre ; non présenté comme repère officiel obligatoire du BO.,https://encyclopedia.ushmm.org/content/en/article/auschwitz
CARD-016-capitulation,THM-016,EVT-0101,1945,5,8,,,,8 mai 1945,DAY,EXACT,La capitulation allemande met fin à la guerre en Europe,"La capitulation allemande marque la fin de la guerre en Europe. Elle se distingue d’un simple armistice : l’Allemagne vaincue accepte de se rendre sans conditions. Le bilan est considérable, avec des morts militaires et civils, des destructions et des populations déplacées. La découverte des crimes nazis pose la question de leur jugement et de leur mémoire. La fin européenne ne correspond pas encore à la fin mondiale du conflit, puisque la guerre contre le Japon se poursuit en Asie et dans le Pacifique.","À retenir : la capitulation allemande termine la guerre en Europe, tandis que le conflit continue encore contre le Japon.",capitulation;bilan de guerre;déplacement;mémoire,12,Fin de la guerre en Europe / capitulation allemande effective,https://en.wikipedia.org/wiki/German_Instrument_of_Surrender
CARD-020-constantinople,THM-020,EVT-0062,1453,5,29,,,,29 mai 1453,DAY,EXACT,Constantinople : une rupture dans les équilibres méditerranéens,"La prise de Constantinople par les Ottomans met fin à l’Empire byzantin et renforce la puissance ottomane en Méditerranée orientale. Elle constitue un repère de transition vers l’époque moderne. Elle ne provoque toutefois ni l’arrêt complet du commerce avec l’Orient, ni à elle seule les explorations atlantiques. Celles-ci répondent aussi à des ambitions commerciales, politiques et religieuses. Le basculement vers l’Atlantique doit donc être compris comme une transformation progressive des échanges et des rapports de puissance, plutôt que comme une conséquence automatique de cette conquête.","À retenir : la conquête ottomane transforme les équilibres méditerranéens, dans un basculement atlantique aux causes multiples.",Empire ottoman;Empire byzantin;Méditerranée;basculement atlantique,1,basculement atlantique,https://en.wikipedia.org/wiki/Fall_of_Constantinople
CARD-020-erasme,THM-020,EVT-0149,1469,,,1536,,,v. 1466/1469-1536,YEAR_RANGE,APPROXIMATE,Érasme : l’humanisme comme démarche intellectuelle,"Érasme incarne un humanisme fondé sur l’étude des textes anciens, l’éducation et l’examen critique des savoirs. Il compare les manuscrits et cherche à mieux comprendre les textes chrétiens dans leurs langues. L’imprimerie et les échanges entre savants favorisent la circulation de ses travaux. Cette démarche ne signifie pas un abandon de la religion : Érasme souhaite aussi réformer les pratiques et les comportements chrétiens. Le repère associé couvre sa vie et conserve l’incertitude sur sa naissance ; il ne date pas l’ensemble du mouvement humaniste.","À retenir : l’humanisme d’Érasme associe retour aux textes, esprit critique, éducation et réflexion chrétienne.",humanisme;esprit critique;imprimerie;éducation,2,Érasme,https://classes.bnf.fr/dossitsm/b-erasme.htm
CARD-020-colomb,THM-020,EVT-0063,1492,10,12,,,,12 octobre 1492,DAY,CONVENTIONAL,Colomb : des contacts qui ouvrent la conquête,"L’expédition de Colomb atteint Guanahaní, une île des Bahamas, en cherchant une route occidentale vers l’Asie. Pour les Européens, ce voyage ouvre une nouvelle phase de contacts avec les Amériques ; ces territoires sont déjà peuplés et possèdent leurs propres sociétés. Les conquêtes qui suivent bouleversent les populations autochtones par les violences, le travail forcé et les maladies introduites. Parler simplement de découverte masque leur existence. Le repère du débarquement sert à étudier les débuts de l’expansion européenne et ses conséquences humaines.",À retenir : le voyage de Colomb ouvre l’expansion européenne dans des Amériques déjà habitées.,expansion européenne;population autochtone;conquête;colonisation,3,basculement atlantique,https://en.wikipedia.org/wiki/Voyages_of_Christopher_Columbus
CARD-020-sixtine,THM-020,EVT-0147,1508,,,1512,,,1508-1512,YEAR_RANGE,EXACT,Michel-Ange : créer sous le patronage de l’Église,"La réalisation de la voûte de la chapelle Sixtine montre l’importance des artistes dans la Renaissance. Michel-Ange peint des scènes bibliques où les corps, les mouvements et la composition témoignent d’une recherche artistique ambitieuse. Le pape est le commanditaire de cette œuvre : les institutions religieuses financent une partie essentielle de la création. La Renaissance transforme ainsi les formes artistiques sans supprimer les sujets chrétiens. Étudier la commande, le travail de l’artiste et la fonction du lieu permet de relier art, pouvoir et religion.","À retenir : la voûte de la Sixtine associe innovation artistique, sujets bibliques et patronage pontifical.",Renaissance;mécénat;commanditaire;art religieux,4,Michel-Ange,https://www.vatican.va/content/benedict-xvi/en/speeches/2012/october/documents/hf_ben-xvi_spe_20121031_cappella-sistina.html
CARD-020-luther,THM-020,EVT-0064,1517,10,31,,,,31 octobre 1517,DAY,CONVENTIONAL,Luther : une contestation qui ouvre la Réforme,"Luther critique les indulgences, associées à la remise des peines liées aux péchés, et appelle à un débat religieux. Ses thèses circulent et sa contestation remet progressivement en cause l’autorité du pape. Elle participe à la naissance de courants protestants et à la division du christianisme occidental. Le repère du dataset est conventionnel : la scène d’un affichage sur une porte appartient à une tradition discutée. Pour réviser, l’essentiel est de comprendre comment une controverse religieuse devient une rupture institutionnelle et politique.","À retenir : la contestation de Luther ouvre la Réforme, tandis que le récit de l’affichage des thèses reste discuté.",Réforme;indulgence;protestantisme;autorité religieuse,5,Luther,https://museeprotestant.org/notice/les-95-theses-de-luther/;https://museeprotestant.org/parcours/il-y-a-500-ans-luther-affichait-95-theses/
CARD-020-circumnavigation,THM-020,EVT-0143,1519,9,20,1522,9,6,20 septembre 1519 – 6 septembre 1522,DAY_RANGE,EXACT,Magellan-Elcano : une expédition fait le tour du monde,L’expédition partie sous le commandement de Magellan cherche un passage vers les îles productrices d’épices en naviguant vers l’ouest. Elle traverse l’Atlantique puis le Pacifique. Magellan meurt pendant le voyage ; Elcano conduit le retour du navire qui achève la circumnavigation. Il faut donc distinguer le chef initial et celui qui termine l’expédition. Ce parcours apporte une expérience nouvelle des distances et de l’étendue des océans. Il s’inscrit dans la concurrence entre puissances européennes pour maîtriser les routes et les échanges.,"À retenir : l’expédition Magellan-Elcano accomplit la première circumnavigation, que Magellan ne termine pas lui-même.",circumnavigation;épices;route maritime;puissance,6,connaissance du monde,https://en.wikipedia.org/wiki/Magellan_expedition
CARD-020-valladolid,THM-020,EVT-0144,1550,,,1551,,,1550-1551,YEAR_RANGE,EXACT,Valladolid : débattre de la légitimité de la conquête,"La controverse de Valladolid oppose notamment Las Casas et Sepúlveda sur la légitimité de la guerre et de la domination espagnole sur les peuples autochtones. Las Casas dénonce les violences de la conquête et défend leur capacité à recevoir le message chrétien sans contrainte guerrière. Ce débat révèle des tensions à l’intérieur de l’expansion coloniale. Il ne faut pas le réduire à un vote décidant si les autochtones ont une âme, ni lui attribuer une abolition immédiate de l’exploitation. La domination coloniale se poursuit.","À retenir : Valladolid questionne la légitimité de la conquête, sans mettre fin à la domination coloniale.",controverse;conquête;population autochtone;légitimité,7,Las Casas / Valladolid,https://www.lumni.fr/video/la-controverse-de-valladolid
CARD-020-plantations,THM-020,EVT-0145,,,,,,,processus pluriséculaire de développement des plantations et de la traite atlantique,PERIOD_TEXT,APPROXIMATE,Plantations et traite : un processus de longue durée,"L’expansion atlantique s’accompagne du développement des plantations, notamment sucrières, et de la traite d’Africains réduits en esclavage. Les captifs sont transportés vers les Amériques et soumis au travail forcé. Les profits des échanges reposent ainsi sur une violence organisée contre des populations. Ce système se développe progressivement et varie selon les territoires : il ne possède pas une date de naissance unique. Le dataset le décrit donc comme un processus pluriséculaire. Cette carte relie les nouvelles circulations mondiales à leurs conséquences sociales et humaines.",À retenir : l’économie de plantation et la traite atlantique reposent sur l’esclavage et se construisent dans la durée.,plantation;traite atlantique;esclavage;travail forcé,8,économie sucrière / esclavage,https://legacy.slavevoyages.org/blog/brief-overview-trans-atlantic-slave-trade
CARD-028-crise,THM-028,EVT-0494,1929,10,24,,,,24 octobre 1929,DAY,EXACT,La crise économique fragilise les démocraties,"Le Jeudi noir est un repère du krach boursier de Wall Street. La crise ne se réduit pourtant pas à cette séance : les déséquilibres financiers et économiques entraînent faillites, recul de la production et chômage massif. La dépression se diffuse dans un monde lié par les crédits et les échanges. Elle nourrit la défiance envers les gouvernements et favorise des contestations politiques. Elle n’impose pas une réponse unique : certaines démocraties cherchent à réformer leur économie, tandis que des mouvements autoritaires exploitent les difficultés.","À retenir : la dépression fragilise les démocraties, sans rendre l’arrivée d’une dictature inévitable.",krach;dépression;chômage;démocratie,1,Repère complémentaire utile au chapitre ; non présenté comme repère officiel obligatoire du BO.,https://www.federalreservehistory.org/essays/stock-market-crash-of-1929
CARD-028-hitler,THM-028,EVT-0497,1933,1,30,,,,30 janvier 1933,DAY,EXACT,Hitler chancelier : une nomination suivie de la dictature,"Hitler est nommé chancelier par le président Hindenburg, dans un contexte de crise économique et politique. Cette nomination ne signifie pas que les électeurs ont directement choisi un dictateur disposant de tous les pouvoirs. Les dirigeants nazis utilisent ensuite leur position pour neutraliser les oppositions, restreindre les libertés et transformer les institutions. La consolidation du régime résulte d’une succession de décisions, de violences et de complicités. Distinguer accès au gouvernement et construction de la dictature évite de présenter le totalitarisme comme instantané ou inévitable.",À retenir : la nomination d’Hitler ouvre une prise de contrôle progressive des institutions et de la société.,chancelier;crise politique;dictature;violence politique,2,Repère complémentaire utile au chapitre ; non présenté comme repère officiel obligatoire du BO.,https://encyclopedia.ushmm.org/content/en/article/hitler-comes-to-power
CARD-028-new-deal,THM-028,EVT-0243,1933,3,,,,,à partir de mars 1933,MONTH,CONVENTIONAL,Le New Deal : intervenir dans le cadre démocratique,"Face à la dépression, Roosevelt engage le New Deal, un ensemble de mesures destinées à soutenir l’économie et les populations. L’État fédéral intervient davantage dans la régulation bancaire, les travaux publics et l’aide sociale. Ces politiques se développent dans le cadre des institutions américaines et suscitent des débats politiques et judiciaires. Elles ne constituent ni une mesure unique ni une disparition immédiate de la crise. Les comparer aux réponses autoritaires permet de comprendre que l’intervention économique de l’État ne suffit pas à définir un régime totalitaire.",À retenir : le New Deal renforce l’intervention de l’État tout en conservant le cadre démocratique américain.,New Deal;État fédéral;régulation;démocratie,3,New Deal,https://www.fdrlibrary.org/ca/great-depression-facts
CARD-028-pleins-pouvoirs,THM-028,EVT-0499,1933,3,23,,,,23 mars 1933,DAY,EXACT,Les pleins pouvoirs accélèrent la destruction de la démocratie,"La loi des pleins pouvoirs autorise le gouvernement d’Hitler à légiférer sans passer par le Parlement, y compris en dérogeant à la Constitution. Son adoption intervient dans un climat de répression et d’intimidation des opposants. Une procédure d’apparence légale sert ainsi à vider les institutions démocratiques de leur capacité de contrôle. La dictature se consolide ensuite par la suppression du pluralisme et l’encadrement de la société. L’événement montre qu’il faut examiner les conditions d’un vote et ses effets, pas seulement son existence.",À retenir : les pleins pouvoirs donnent une forme légale à la destruction du contrôle parlementaire.,pleins pouvoirs;Parlement;pluralisme;répression,4,Repère complémentaire utile au chapitre ; non présenté comme repère officiel obligatoire du BO.,https://encyclopedia.ushmm.org/content/en/article/the-enabling-act
CARD-028-nuremberg,THM-028,EVT-0501,1935,9,15,,,,15 septembre 1935,DAY,EXACT,Les lois de Nuremberg institutionnalisent l’exclusion,"Les lois de Nuremberg inscrivent l’idéologie raciale nazie dans le droit. Elles privent les Juifs de la citoyenneté du Reich et interdisent les mariages entre Juifs et personnes considérées comme de sang allemand. Le régime définit l’appartenance selon des critères d’ascendance, en construisant des catégories raciales qui ne reposent sur aucune validité scientifique. L’exclusion devient administrative et juridique, avant l’aggravation des violences. Ces lois permettent d’analyser le rôle des institutions dans la persécution et la destruction de l’égalité devant la loi.",À retenir : les lois de Nuremberg transforment l’antisémitisme nazi en discrimination juridique organisée.,antisémitisme;citoyenneté;discrimination;idéologie raciale,5,Repère complémentaire utile au chapitre ; non présenté comme repère officiel obligatoire du BO.,https://encyclopedia.ushmm.org/content/en/article/nuremberg-laws
CARD-028-espagne,THM-028,EVT-0502,1936,7,17,1939,4,1,17 juillet 1936-1er avril 1939,DAY_RANGE,EXACT,La guerre d’Espagne internationalise les affrontements politiques,"La guerre civile espagnole oppose la République à une insurrection militaire dont Franco devient le principal dirigeant. Elle s’inscrit dans les tensions politiques et sociales du pays, mais reçoit aussi des interventions étrangères. L’Allemagne nazie et l’Italie fasciste soutiennent les insurgés ; l’URSS et des volontaires étrangers aident le camp républicain. La non-intervention affichée par d’autres puissances ne supprime donc pas l’internationalisation du conflit. Les violences contre les civils montrent la brutalité de ces affrontements et annoncent certaines pratiques de la guerre européenne.",À retenir : la guerre d’Espagne combine une guerre civile et un affrontement international entre projets politiques.,guerre civile;intervention étrangère;fascisme;non-intervention,6,Repère complémentaire utile au chapitre ; non présenté comme repère officiel obligatoire du BO.,https://encyclopedia.ushmm.org/content/en/article/spanish-civil-war
CARD-028-munich,THM-028,EVT-0504,1938,9,30,,,,30 septembre 1938,DAY,EXACT,Munich : les limites de l’apaisement,"Les accords de Munich autorisent l’annexion des Sudètes par l’Allemagne nazie, sans participation de la Tchécoslovaquie à la négociation. Les dirigeants français et britanniques espèrent préserver la paix par cette concession. Hitler y voit au contraire une occasion de poursuivre son expansion. L’événement éclaire les dilemmes des démocraties face aux exigences d’un régime agressif. Il faut analyser leurs objectifs, la peur d’une nouvelle guerre et les conséquences des décisions, sans confondre l’intention de maintenir la paix avec le résultat obtenu.",À retenir : Munich affaiblit la Tchécoslovaquie et révèle les limites des concessions faites à Hitler.,apaisement;annexion;Sudètes;diplomatie,7,Repère complémentaire utile au chapitre ; non présenté comme repère officiel obligatoire du BO.,https://en.wikipedia.org/wiki/Munich_Agreement
CARD-028-pogrom,THM-028,EVT-0244,1938,11,9,1938,11,10,9-10 novembre 1938,DAY_RANGE,EXACT,Le pogrom de novembre : une escalade des persécutions,"Le pogrom de novembre, appelé aussi Nuit de cristal, est une vague de violences organisée contre les Juifs dans l’espace contrôlé par l’Allemagne nazie. Des synagogues sont incendiées, des commerces détruits et des personnes tuées ou arrêtées. Les autorités favorisent les violences et imposent ensuite de nouvelles sanctions aux victimes. Le terme de pogrom met l’accent sur la persécution collective ; le nom de Nuit de cristal peut en atténuer la gravité. Cet épisode marque une escalade, sans être à lui seul le commencement de tous les crimes nazis.",À retenir : le pogrom de novembre manifeste une aggravation organisée de la violence antisémite.,pogrom;antisémitisme;persécution;violence d’État,8,pogrom de novembre / Nuit de cristal,https://encyclopedia.ushmm.org/content/en/article/kristallnacht
CARD-028-appel,THM-028,EVT-0014,1940,6,18,,,,18 juin 1940,DAY,EXACT,L’appel de de Gaulle : poursuivre la guerre malgré la défaite,"Depuis Londres, de Gaulle appelle à poursuivre le combat malgré la défaite militaire française et la décision du gouvernement Pétain de demander l’armistice. Il replace la situation dans une guerre plus vaste, dont l’issue dépend aussi des empires, de l’industrie et des alliés. L’appel constitue un repère de la France libre, mais n’organise pas immédiatement toutes les résistances intérieures. Il ouvre une lutte militaire et politique pour continuer la guerre et revendiquer une légitimité française distincte de celle du gouvernement installé à Vichy.",À retenir : l’appel de de Gaulle refuse de réduire la guerre mondiale à la défaite française et ouvre la voie à la France libre.,France libre;défaite;guerre mondiale;légitimité,9,appel du général de Gaulle à poursuivre la lutte,https://www.cheminsdememoire.gouv.fr/fr/la-france-combattante
