source_id,url,domain,source_type,authority_tier,levels_seen,program_scopes_seen,occurrence_count,label_or_context,notes,added_in_version
SRC-0854,https://en.wikipedia.org/wiki/1457_BC,en.wikipedia.org,WIKIPEDIA_SECONDARY,B,,,1,Wikipedia — 1457 BC,V18 culture générale : source de série ou chronologie annuelle utilisée comme support secondaire B ; QA ciblée V19 prévue.,V18
SRC-0855,https://en.wikipedia.org/wiki/1353_BC,en.wikipedia.org,WIKIPEDIA_SECONDARY,B,,,1,Wikipedia — 1353 BC,V18 culture générale : source de série ou chronologie annuelle utilisée comme support secondaire B ; QA ciblée V19 prévue.,V18
SRC-0856,https://en.wikipedia.org/wiki/1323_BC,en.wikipedia.org,WIKIPEDIA_SECONDARY,B,,,1,Wikipedia — 1323 BC,V18 culture générale : source de série ou chronologie annuelle utilisée comme support secondaire B ; QA ciblée V19 prévue.,V18
SRC-0857,https://en.wikipedia.org/wiki/1177_BC,en.wikipedia.org,WIKIPEDIA_SECONDARY,B,,,1,Wikipedia — 1177 BC,V18 culture générale : source de série ou chronologie annuelle utilisée comme support secondaire B ; QA ciblée V19 prévue.,V18
SRC-0858,https://en.wikipedia.org/wiki/814_BC,en.wikipedia.org,WIKIPEDIA_SECONDARY,B,,,1,Wikipedia — 814 BC,V18 culture générale : source de série ou chronologie annuelle utilisée comme support secondaire B ; QA ciblée V19 prévue.,V18
SRC-0859,https://en.wikipedia.org/wiki/722_BC,en.wikipedia.org,WIKIPEDIA_SECONDARY,B,,,1,Wikipedia — 722 BC,V18 culture générale : source de série ou chronologie annuelle utilisée comme support secondaire B ; QA ciblée V19 prévue.,V18
SRC-0860,https://en.wikipedia.org/wiki/612_BC,en.wikipedia.org,WIKIPEDIA_SECONDARY,B,,,1,Wikipedia — 612 BC,V18 culture générale : source de série ou chronologie annuelle utilisée comme support secondaire B ; QA ciblée V19 prévue.,V18
SRC-0861,https://en.wikipedia.org/wiki/539_BC,en.wikipedia.org,WIKIPEDIA_SECONDARY,B,,,1,Wikipedia — 539 BC,V18 culture générale : source de série ou chronologie annuelle utilisée comme support secondaire B ; QA ciblée V19 prévue.,V18
SRC-0862,https://en.wikipedia.org/wiki/525_BC,en.wikipedia.org,WIKIPEDIA_SECONDARY,B,,,1,Wikipedia — 525 BC,V18 culture générale : source de série ou chronologie annuelle utilisée comme support secondaire B ; QA ciblée V19 prévue.,V18
SRC-0863,https://en.wikipedia.org/wiki/499_BC,en.wikipedia.org,WIKIPEDIA_SECONDARY,B,,,1,Wikipedia — 499 BC,V18 culture générale : source de série ou chronologie annuelle utilisée comme support secondaire B ; QA ciblée V19 prévue.,V18
SRC-0864,https://en.wikipedia.org/wiki/415_BC,en.wikipedia.org,WIKIPEDIA_SECONDARY,B,,,1,Wikipedia — 415 BC,V18 culture générale : source de série ou chronologie annuelle utilisée comme support secondaire B ; QA ciblée V19 prévue.,V18
SRC-0865,https://en.wikipedia.org/wiki/399_BC,en.wikipedia.org,WIKIPEDIA_SECONDARY,B,,,1,Wikipedia — 399 BC,V18 culture générale : source de série ou chronologie annuelle utilisée comme support secondaire B ; QA ciblée V19 prévue.,V18
SRC-0866,https://en.wikipedia.org/wiki/305_BC,en.wikipedia.org,WIKIPEDIA_SECONDARY,B,,,1,Wikipedia — 305 BC,V18 culture générale : source de série ou chronologie annuelle utilisée comme support secondaire B ; QA ciblée V19 prévue.,V18
SRC-0867,https://en.wikipedia.org/wiki/280_BC,en.wikipedia.org,WIKIPEDIA_SECONDARY,B,,,1,Wikipedia — 280 BC,V18 culture générale : source de série ou chronologie annuelle utilisée comme support secondaire B ; QA ciblée V19 prévue.,V18
SRC-0868,https://en.wikipedia.org/wiki/241_BC,en.wikipedia.org,WIKIPEDIA_SECONDARY,B,,,1,Wikipedia — 241 BC,V18 culture générale : source de série ou chronologie annuelle utilisée comme support secondaire B ; QA ciblée V19 prévue.,V18
SRC-0869,https://en.wikipedia.org/wiki/149_BC,en.wikipedia.org,WIKIPEDIA_SECONDARY,B,,,1,Wikipedia — 149 BC,V18 culture générale : source de série ou chronologie annuelle utilisée comme support secondaire B ; QA ciblée V19 prévue.,V18
SRC-0870,https://en.wikipedia.org/wiki/133_BC,en.wikipedia.org,WIKIPEDIA_SECONDARY,B,,,1,Wikipedia — 133 BC,V18 culture générale : source de série ou chronologie annuelle utilisée comme support secondaire B ; QA ciblée V19 prévue.,V18
SRC-0871,https://en.wikipedia.org/wiki/91_BC,en.wikipedia.org,WIKIPEDIA_SECONDARY,B,,,1,Wikipedia — 91 BC,V18 culture générale : source de série ou chronologie annuelle utilisée comme support secondaire B ; QA ciblée V19 prévue.,V18
SRC-0872,https://en.wikipedia.org/wiki/43,en.wikipedia.org,WIKIPEDIA_SECONDARY,B,,,1,Wikipedia — 43,V18 culture générale : source de série ou chronologie annuelle utilisée comme support secondaire B ; QA ciblée V19 prévue.,V18
SRC-0873,https://en.wikipedia.org/wiki/60,en.wikipedia.org,WIKIPEDIA_SECONDARY,B,,,1,Wikipedia — 60,V18 culture générale : source de série ou chronologie annuelle utilisée comme support secondaire B ; QA ciblée V19 prévue.,V18
SRC-0874,https://en.wikipedia.org/wiki/122,en.wikipedia.org,WIKIPEDIA_SECONDARY,B,,,1,Wikipedia — 122,V18 culture générale : source de série ou chronologie annuelle utilisée comme support secondaire B ; QA ciblée V19 prévue.,V18
SRC-0875,https://en.wikipedia.org/wiki/165,en.wikipedia.org,WIKIPEDIA_SECONDARY,B,,,1,Wikipedia — 165,V18 culture générale : source de série ou chronologie annuelle utilisée comme support secondaire B ; QA ciblée V19 prévue.,V18
SRC-0876,https://en.wikipedia.org/wiki/250,en.wikipedia.org,WIKIPEDIA_SECONDARY,B,,,1,Wikipedia — 250,V18 culture générale : source de série ou chronologie annuelle utilisée comme support secondaire B ; QA ciblée V19 prévue.,V18
SRC-0877,https://en.wikipedia.org/wiki/313,en.wikipedia.org,WIKIPEDIA_SECONDARY,B,,,1,Wikipedia — 313,V18 culture générale : source de série ou chronologie annuelle utilisée comme support secondaire B ; QA ciblée V19 prévue.,V18
SRC-0878,https://en.wikipedia.org/wiki/330,en.wikipedia.org,WIKIPEDIA_SECONDARY,B,,,1,Wikipedia — 330,V18 culture générale : source de série ou chronologie annuelle utilisée comme support secondaire B ; QA ciblée V19 prévue.,V18
SRC-0879,https://en.wikipedia.org/wiki/378,en.wikipedia.org,WIKIPEDIA_SECONDARY,B,,,1,Wikipedia — 378,V18 culture générale : source de série ou chronologie annuelle utilisée comme support secondaire B ; QA ciblée V19 prévue.,V18
SRC-0880,https://en.wikipedia.org/wiki/529,en.wikipedia.org,WIKIPEDIA_SECONDARY,B,,,1,Wikipedia — 529,V18 culture générale : source de série ou chronologie annuelle utilisée comme support secondaire B ; QA ciblée V19 prévue.,V18
SRC-0881,https://en.wikipedia.org/wiki/568,en.wikipedia.org,WIKIPEDIA_SECONDARY,B,,,1,Wikipedia — 568,V18 culture générale : source de série ou chronologie annuelle utilisée comme support secondaire B ; QA ciblée V19 prévue.,V18
SRC-0882,https://en.wikipedia.org/wiki/610,en.wikipedia.org,WIKIPEDIA_SECONDARY,B,,,1,Wikipedia — 610,V18 culture générale : source de série ou chronologie annuelle utilisée comme support secondaire B ; QA ciblée V19 prévue.,V18
SRC-0883,https://en.wikipedia.org/wiki/732,en.wikipedia.org,WIKIPEDIA_SECONDARY,B,,,1,Wikipedia — 732,V18 culture générale : source de série ou chronologie annuelle utilisée comme support secondaire B ; QA ciblée V19 prévue.,V18
SRC-0884,https://en.wikipedia.org/wiki/751,en.wikipedia.org,WIKIPEDIA_SECONDARY,B,,,1,Wikipedia — 751,V18 culture générale : source de série ou chronologie annuelle utilisée comme support secondaire B ; QA ciblée V19 prévue.,V18
SRC-0885,https://en.wikipedia.org/wiki/862,en.wikipedia.org,WIKIPEDIA_SECONDARY,B,,,1,Wikipedia — 862,V18 culture générale : source de série ou chronologie annuelle utilisée comme support secondaire B ; QA ciblée V19 prévue.,V18
SRC-0886,https://en.wikipedia.org/wiki/955,en.wikipedia.org,WIKIPEDIA_SECONDARY,B,,,1,Wikipedia — 955,V18 culture générale : source de série ou chronologie annuelle utilisée comme support secondaire B ; QA ciblée V19 prévue.,V18
SRC-0887,https://en.wikipedia.org/wiki/987,en.wikipedia.org,WIKIPEDIA_SECONDARY,B,,,1,Wikipedia — 987,V18 culture générale : source de série ou chronologie annuelle utilisée comme support secondaire B ; QA ciblée V19 prévue.,V18
SRC-0888,https://en.wikipedia.org/wiki/1016,en.wikipedia.org,WIKIPEDIA_SECONDARY,B,,,1,Wikipedia — 1016,V18 culture générale : source de série ou chronologie annuelle utilisée comme support secondaire B ; QA ciblée V19 prévue.,V18
SRC-0889,https://en.wikipedia.org/wiki/1054,en.wikipedia.org,WIKIPEDIA_SECONDARY,B,,,1,Wikipedia — 1054,V18 culture générale : source de série ou chronologie annuelle utilisée comme support secondaire B ; QA ciblée V19 prévue.,V18
SRC-0890,https://en.wikipedia.org/wiki/1147,en.wikipedia.org,WIKIPEDIA_SECONDARY,B,,,1,Wikipedia — 1147,V18 culture générale : source de série ou chronologie annuelle utilisée comme support secondaire B ; QA ciblée V19 prévue.,V18
SRC-0891,https://en.wikipedia.org/wiki/1209,en.wikipedia.org,WIKIPEDIA_SECONDARY,B,,,1,Wikipedia — 1209,V18 culture générale : source de série ou chronologie annuelle utilisée comme support secondaire B ; QA ciblée V19 prévue.,V18
SRC-0892,https://en.wikipedia.org/wiki/1236,en.wikipedia.org,WIKIPEDIA_SECONDARY,B,,,1,Wikipedia — 1236,V18 culture générale : source de série ou chronologie annuelle utilisée comme support secondaire B ; QA ciblée V19 prévue.,V18
SRC-0893,https://en.wikipedia.org/wiki/1337,en.wikipedia.org,WIKIPEDIA_SECONDARY,B,,,1,Wikipedia — 1337,V18 culture générale : source de série ou chronologie annuelle utilisée comme support secondaire B ; QA ciblée V19 prévue.,V18
SRC-0894,https://en.wikipedia.org/wiki/1356,en.wikipedia.org,WIKIPEDIA_SECONDARY,B,,,1,Wikipedia — 1356,V18 culture générale : source de série ou chronologie annuelle utilisée comme support secondaire B ; QA ciblée V19 prévue.,V18
SRC-0895,https://en.wikipedia.org/wiki/1405,en.wikipedia.org,WIKIPEDIA_SECONDARY,B,,,1,Wikipedia — 1405,V18 culture générale : source de série ou chronologie annuelle utilisée comme support secondaire B ; QA ciblée V19 prévue.,V18
SRC-0896,https://en.wikipedia.org/wiki/1455,en.wikipedia.org,WIKIPEDIA_SECONDARY,B,,,1,Wikipedia — 1455,V18 culture générale : source de série ou chronologie annuelle utilisée comme support secondaire B ; QA ciblée V19 prévue.,V18
SRC-0897,https://en.wikipedia.org/wiki/1494,en.wikipedia.org,WIKIPEDIA_SECONDARY,B,,,1,Wikipedia — 1494,V18 culture générale : source de série ou chronologie annuelle utilisée comme support secondaire B ; QA ciblée V19 prévue.,V18
SRC-0898,https://en.wikipedia.org/wiki/1532,en.wikipedia.org,WIKIPEDIA_SECONDARY,B,,,1,Wikipedia — 1532,V18 culture générale : source de série ou chronologie annuelle utilisée comme support secondaire B ; QA ciblée V19 prévue.,V18
SRC-0899,https://en.wikipedia.org/wiki/1580,en.wikipedia.org,WIKIPEDIA_SECONDARY,B,,,1,Wikipedia — 1580,V18 culture générale : source de série ou chronologie annuelle utilisée comme support secondaire B ; QA ciblée V19 prévue.,V18
SRC-0900,https://en.wikipedia.org/wiki/1620,en.wikipedia.org,WIKIPEDIA_SECONDARY,B,,,1,Wikipedia — 1620,V18 culture générale : source de série ou chronologie annuelle utilisée comme support secondaire B ; QA ciblée V19 prévue.,V18
SRC-0901,https://en.wikipedia.org/wiki/1624,en.wikipedia.org,WIKIPEDIA_SECONDARY,B,,,1,Wikipedia — 1624,V18 culture générale : source de série ou chronologie annuelle utilisée comme support secondaire B ; QA ciblée V19 prévue.,V18
SRC-0902,https://en.wikipedia.org/wiki/1633,en.wikipedia.org,WIKIPEDIA_SECONDARY,B,,,1,Wikipedia — 1633,V18 culture générale : source de série ou chronologie annuelle utilisée comme support secondaire B ; QA ciblée V19 prévue.,V18
SRC-0903,https://en.wikipedia.org/wiki/1672,en.wikipedia.org,WIKIPEDIA_SECONDARY,B,,,1,Wikipedia — 1672,V18 culture générale : source de série ou chronologie annuelle utilisée comme support secondaire B ; QA ciblée V19 prévue.,V18
SRC-0904,https://en.wikipedia.org/wiki/1683,en.wikipedia.org,WIKIPEDIA_SECONDARY,B,,,1,Wikipedia — 1683,V18 culture générale : source de série ou chronologie annuelle utilisée comme support secondaire B ; QA ciblée V19 prévue.,V18
SRC-0905,https://en.wikipedia.org/wiki/1697,en.wikipedia.org,WIKIPEDIA_SECONDARY,B,,,1,Wikipedia — 1697,V18 culture générale : source de série ou chronologie annuelle utilisée comme support secondaire B ; QA ciblée V19 prévue.,V18
SRC-0906,https://en.wikipedia.org/wiki/1720,en.wikipedia.org,WIKIPEDIA_SECONDARY,B,,,1,Wikipedia — 1720,V18 culture générale : source de série ou chronologie annuelle utilisée comme support secondaire B ; QA ciblée V19 prévue.,V18
SRC-0907,https://en.wikipedia.org/wiki/1733,en.wikipedia.org,WIKIPEDIA_SECONDARY,B,,,1,Wikipedia — 1733,V18 culture générale : source de série ou chronologie annuelle utilisée comme support secondaire B ; QA ciblée V19 prévue.,V18
SRC-0908,https://en.wikipedia.org/wiki/United_States_presidential_election,en.wikipedia.org,WIKIPEDIA_SECONDARY,B,,,60,Wikipedia — United States presidential election,V18 culture générale : source de série ou chronologie annuelle utilisée comme support secondaire B ; QA ciblée V19 prévue.,V18
SRC-0909,https://en.wikipedia.org/wiki/1792,en.wikipedia.org,WIKIPEDIA_SECONDARY,B,,,1,Wikipedia — 1792,V18 culture générale : source de série ou chronologie annuelle utilisée comme support secondaire B ; QA ciblée V19 prévue.,V18
SRC-0910,https://en.wikipedia.org/wiki/1794,en.wikipedia.org,WIKIPEDIA_SECONDARY,B,,,1,Wikipedia — 1794,V18 culture générale : source de série ou chronologie annuelle utilisée comme support secondaire B ; QA ciblée V19 prévue.,V18
SRC-0911,https://en.wikipedia.org/wiki/1800,en.wikipedia.org,WIKIPEDIA_SECONDARY,B,,,1,Wikipedia — 1800,V18 culture générale : source de série ou chronologie annuelle utilisée comme support secondaire B ; QA ciblée V19 prévue.,V18
SRC-0912,https://en.wikipedia.org/wiki/1830,en.wikipedia.org,WIKIPEDIA_SECONDARY,B,,,1,Wikipedia — 1830,V18 culture générale : source de série ou chronologie annuelle utilisée comme support secondaire B ; QA ciblée V19 prévue.,V18
SRC-0913,https://en.wikipedia.org/wiki/1832,en.wikipedia.org,WIKIPEDIA_SECONDARY,B,,,1,Wikipedia — 1832,V18 culture générale : source de série ou chronologie annuelle utilisée comme support secondaire B ; QA ciblée V19 prévue.,V18
SRC-0914,https://en.wikipedia.org/wiki/1833,en.wikipedia.org,WIKIPEDIA_SECONDARY,B,,,1,Wikipedia — 1833,V18 culture générale : source de série ou chronologie annuelle utilisée comme support secondaire B ; QA ciblée V19 prévue.,V18
SRC-0915,https://en.wikipedia.org/wiki/1838,en.wikipedia.org,WIKIPEDIA_SECONDARY,B,,,1,Wikipedia — 1838,V18 culture générale : source de série ou chronologie annuelle utilisée comme support secondaire B ; QA ciblée V19 prévue.,V18
SRC-0916,https://en.wikipedia.org/wiki/1843,en.wikipedia.org,WIKIPEDIA_SECONDARY,B,,,1,Wikipedia — 1843,V18 culture générale : source de série ou chronologie annuelle utilisée comme support secondaire B ; QA ciblée V19 prévue.,V18
SRC-0917,https://en.wikipedia.org/wiki/1845,en.wikipedia.org,WIKIPEDIA_SECONDARY,B,,,1,Wikipedia — 1845,V18 culture générale : source de série ou chronologie annuelle utilisée comme support secondaire B ; QA ciblée V19 prévue.,V18
SRC-0918,https://en.wikipedia.org/wiki/1850,en.wikipedia.org,WIKIPEDIA_SECONDARY,B,,,1,Wikipedia — 1850,V18 culture générale : source de série ou chronologie annuelle utilisée comme support secondaire B ; QA ciblée V19 prévue.,V18
SRC-0919,https://en.wikipedia.org/wiki/1857,en.wikipedia.org,WIKIPEDIA_SECONDARY,B,,,1,Wikipedia — 1857,V18 culture générale : source de série ou chronologie annuelle utilisée comme support secondaire B ; QA ciblée V19 prévue.,V18
SRC-0920,"https://en.wikipedia.org/wiki/The_Championships,_Wimbledon",en.wikipedia.org,WIKIPEDIA_SECONDARY,B,,,85,"Wikipedia — The Championships, Wimbledon",V18 culture générale : source de série ou chronologie annuelle utilisée comme support secondaire B ; QA ciblée V19 prévue.,V18
SRC-0921,https://en.wikipedia.org/wiki/1888,en.wikipedia.org,WIKIPEDIA_SECONDARY,B,,,2,Wikipedia — 1888,V18 culture générale : source de série ou chronologie annuelle utilisée comme support secondaire B ; QA ciblée V19 prévue.,V18
SRC-0922,https://en.wikipedia.org/wiki/List_of_Olympic_Games_host_cities,en.wikipedia.org,WIKIPEDIA_SECONDARY,B,,,44,Wikipedia — List of Olympic Games host cities,V18 culture générale : source de série ou chronologie annuelle utilisée comme support secondaire B ; QA ciblée V19 prévue.,V18
SRC-0923,https://en.wikipedia.org/wiki/Tour_de_France,en.wikipedia.org,WIKIPEDIA_SECONDARY,B,,,90,Wikipedia — Tour de France,V18 culture générale : source de série ou chronologie annuelle utilisée comme support secondaire B ; QA ciblée V19 prévue.,V18
SRC-0924,https://en.wikipedia.org/wiki/List_of_Academy_Awards_ceremonies,en.wikipedia.org,WIKIPEDIA_SECONDARY,B,,,85,Wikipedia — List of Academy Awards ceremonies,V18 culture générale : source de série ou chronologie annuelle utilisée comme support secondaire B ; QA ciblée V19 prévue.,V18
SRC-0925,https://en.wikipedia.org/wiki/FIFA_World_Cup,en.wikipedia.org,WIKIPEDIA_SECONDARY,B,,,21,Wikipedia — FIFA World Cup,V18 culture générale : source de série ou chronologie annuelle utilisée comme support secondaire B ; QA ciblée V19 prévue.,V18
SRC-0926,https://en.wikipedia.org/wiki/Golden_Globe_Awards,en.wikipedia.org,WIKIPEDIA_SECONDARY,B,,,55,Wikipedia — Golden Globe Awards,V18 culture générale : source de série ou chronologie annuelle utilisée comme support secondaire B ; QA ciblée V19 prévue.,V18
SRC-0927,https://en.wikipedia.org/wiki/British_Academy_Film_Awards,en.wikipedia.org,WIKIPEDIA_SECONDARY,B,,,55,Wikipedia — British Academy Film Awards,V18 culture générale : source de série ou chronologie annuelle utilisée comme support secondaire B ; QA ciblée V19 prévue.,V18
SRC-0928,https://en.wikipedia.org/wiki/List_of_Formula_One_seasons,en.wikipedia.org,WIKIPEDIA_SECONDARY,B,,,60,Wikipedia — List of Formula One seasons,V18 culture générale : source de série ou chronologie annuelle utilisée comme support secondaire B ; QA ciblée V19 prévue.,V18
SRC-0929,https://en.wikipedia.org/wiki/Berlin_International_Film_Festival,en.wikipedia.org,WIKIPEDIA_SECONDARY,B,,,55,Wikipedia — Berlin International Film Festival,V18 culture générale : source de série ou chronologie annuelle utilisée comme support secondaire B ; QA ciblée V19 prévue.,V18
SRC-0930,https://en.wikipedia.org/wiki/Eurovision_Song_Contest,en.wikipedia.org,WIKIPEDIA_SECONDARY,B,,,55,Wikipedia — Eurovision Song Contest,V18 culture générale : source de série ou chronologie annuelle utilisée comme support secondaire B ; QA ciblée V19 prévue.,V18
SRC-0931,https://en.wikipedia.org/wiki/Grammy_Awards,en.wikipedia.org,WIKIPEDIA_SECONDARY,B,,,55,Wikipedia — Grammy Awards,V18 culture générale : source de série ou chronologie annuelle utilisée comme support secondaire B ; QA ciblée V19 prévue.,V18
SRC-0932,https://en.wikipedia.org/wiki/UEFA_European_Championship,en.wikipedia.org,WIKIPEDIA_SECONDARY,B,,,17,Wikipedia — UEFA European Championship,V18 culture générale : source de série ou chronologie annuelle utilisée comme support secondaire B ; QA ciblée V19 prévue.,V18
SRC-0933,https://en.wikipedia.org/wiki/Presidential_elections_in_France,en.wikipedia.org,WIKIPEDIA_SECONDARY,B,,,10,Wikipedia — Presidential elections in France,V18 culture générale : source de série ou chronologie annuelle utilisée comme support secondaire B ; QA ciblée V19 prévue.,V18
SRC-0934,https://en.wikipedia.org/wiki/Super_Bowl,en.wikipedia.org,WIKIPEDIA_SECONDARY,B,,,40,Wikipedia — Super Bowl,V18 culture générale : source de série ou chronologie annuelle utilisée comme support secondaire B ; QA ciblée V19 prévue.,V18
SRC-0935,https://en.wikipedia.org/wiki/C%C3%A9sar_Awards,en.wikipedia.org,WIKIPEDIA_SECONDARY,B,,,39,Wikipedia — César Awards,V18 culture générale : source de série ou chronologie annuelle utilisée comme support secondaire B ; QA ciblée V19 prévue.,V18
SRC-0936,https://en.wikipedia.org/wiki/Rugby_World_Cup,en.wikipedia.org,WIKIPEDIA_SECONDARY,B,,,10,Wikipedia — Rugby World Cup,V18 culture générale : source de série ou chronologie annuelle utilisée comme support secondaire B ; QA ciblée V19 prévue.,V18
SRC-0937,https://en.wikipedia.org/wiki/1988,en.wikipedia.org,WIKIPEDIA_SECONDARY,B,,,2,Wikipedia — 1988,V18 culture générale : source de série ou chronologie annuelle utilisée comme support secondaire B ; QA ciblée V19 prévue.,V18
SRC-0938,https://en.wikipedia.org/wiki/2006,en.wikipedia.org,WIKIPEDIA_SECONDARY,B,,,3,Wikipedia — 2006,V18 culture générale : source de série ou chronologie annuelle utilisée comme support secondaire B ; QA ciblée V19 prévue.,V18
SRC-0939,https://en.wikipedia.org/wiki/2009,en.wikipedia.org,WIKIPEDIA_SECONDARY,B,,,4,Wikipedia — 2009,V18 culture générale : source de série ou chronologie annuelle utilisée comme support secondaire B ; QA ciblée V19 prévue.,V18
SRC-0940,https://en.wikipedia.org/wiki/2017,en.wikipedia.org,WIKIPEDIA_SECONDARY,B,,,2,Wikipedia — 2017,V18 culture générale : source de série ou chronologie annuelle utilisée comme support secondaire B ; QA ciblée V19 prévue.,V18
