chapter_id,event_id,title_canonical,date_text,start_year,start_month,start_day,end_year,end_month,end_day,precision,date_status,playable,playable_mode,source_status,pedagogical_relation,justification,review_notes,curriculum_sources,dataset_source_ids,dataset_historical_sources,consulted_historical_sources,antonin_validation
THM-030,EVT-0905,Début de l’embargo pétrolier arabe contre plusieurs pays occidentaux,17 octobre 1973,1973,10,17,,,,DAY,CONVENTIONAL,TRUE,DAY,SUPPORTED_B,CONTEXTE_BO,Chocs pétroliers : ancrage du premier choc.,17 octobre conventionnel dans le dataset ; réduction de production et embargo contre les États-Unis le 19 octobre à distinguer. Validation du titre/date impérative.,https://eduscol.education.gouv.fr/sites/default/files/document/spe243annexe11159172pdf-83013.pdf;https://eduscol.education.gouv.fr/sites/default/files/document/ra21lyceegthisttheme3remises-cause-economiques-politiques-sociales-1970-1991pdf-73092.pdf,SRC-0780,https://en.wikipedia.org/wiki/1973,https://www.federalreservehistory.org/essays/oil-shock-of-1973-74,
THM-030,EVT-0266,Révolution des Œillets au Portugal,25 avril 1974,1974,4,25,,,,DAY,EXACT,TRUE,DAY,CERTIFIED_A,CONTEXTE_BO,Démocratisation de l’Europe méridionale : rupture portugaise.,,https://eduscol.education.gouv.fr/sites/default/files/document/spe243annexe11159172pdf-83013.pdf;https://eduscol.education.gouv.fr/sites/default/files/document/ra21lyceegthisttheme3remises-cause-economiques-politiques-sociales-1970-1991pdf-73092.pdf,SRC-0303,https://www.parlamento.pt/Parlamento/Paginas/dias-democracia.aspx,https://www.parlamento.pt/Parlamento/Paginas/dias-democracia.aspx,
THM-030,EVT-0132,Loi Veil sur l'IVG,17 janvier 1975,1975,1,17,,,,DAY,EXACT,TRUE,DAY,SUPPORTED_B,PPO_BO,Réforme des droits des femmes explicitement retenue par le programme.,17 janvier = promulgation ; distinguer vote et entrée en vigueur.,https://eduscol.education.gouv.fr/sites/default/files/document/spe243annexe11159172pdf-83013.pdf;https://eduscol.education.gouv.fr/sites/default/files/document/ra21lyceegthisttheme3remises-cause-economiques-politiques-sociales-1970-1991pdf-73092.pdf,SRC-0441,https://fr.wikipedia.org/wiki/Loi_Veil,https://fr.wikipedia.org/wiki/Loi_Veil,
THM-030,EVT-0541,Troisième plénum du XIe Comité central chinois et lancement des réformes de Deng Xiaoping,18-22 décembre 1978,1978,12,18,1978,12,22,DAY_RANGE,EXACT,TRUE,RANGE,SUPPORTED_B,ANCRAGE_PPO,Réformes de Deng : mise en perspective du nouveau capitalisme.,Conserver l’intervalle du 18 au 22 décembre ; ne pas le réduire au seul jour initial.,https://eduscol.education.gouv.fr/sites/default/files/document/spe243annexe11159172pdf-83013.pdf;https://eduscol.education.gouv.fr/sites/default/files/document/ra21lyceegthisttheme3remises-cause-economiques-politiques-sociales-1970-1991pdf-73092.pdf,SRC-0487,https://en.wikipedia.org/wiki/Timeline_of_the_Cold_War,https://en.wikipedia.org/wiki/3rd_Plenary_Session_of_the_11th_Central_Committee_of_the_Chinese_Communist_Party,
THM-030,EVT-0542,Victoire de la révolution iranienne,11 février 1979,1979,2,11,,,,DAY,EXACT,TRUE,DAY,SUPPORTED_B,CONTEXTE_BO,Révolution iranienne : émergence d’un modèle politique islamiste.,11 février = victoire révolutionnaire ; pas proclamation de la République islamique.,https://eduscol.education.gouv.fr/sites/default/files/document/spe243annexe11159172pdf-83013.pdf;https://eduscol.education.gouv.fr/sites/default/files/document/ra21lyceegthisttheme3remises-cause-economiques-politiques-sociales-1970-1991pdf-73092.pdf,SRC-0487,https://en.wikipedia.org/wiki/Timeline_of_the_Cold_War,https://en.wikipedia.org/wiki/Iranian_Revolution,
THM-030,EVT-0364,Élection de François Mitterrand à la présidence de la République,10 mai 1981,1981,5,10,,,,DAY,EXACT,TRUE,DAY,SUPPORTED_B,CONTEXTE_BO,Alternance politique en France explicitement mentionnée par le BO.,10 mai = élection ; investiture le 21 mai.,https://eduscol.education.gouv.fr/sites/default/files/document/spe243annexe11159172pdf-83013.pdf;https://eduscol.education.gouv.fr/sites/default/files/document/ra21lyceegthisttheme3remises-cause-economiques-politiques-sociales-1970-1991pdf-73092.pdf,SRC-0472,https://fr.wikipedia.org/wiki/%C3%89lection_pr%C3%A9sidentielle_fran%C3%A7aise_de_1981,https://www.elysee.fr/la-presidence/l-investiture-de-francois-mitterrand,
THM-030,EVT-0133,Abolition de la peine de mort,9 octobre 1981,1981,10,9,,,,DAY,EXACT,TRUE,DAY,SUPPORTED_B,PPO_BO,Abolition de la peine de mort : réforme explicitement retenue.,9 octobre = promulgation ; ne pas confondre avec le vote du 18 septembre à l’Assemblée.,https://eduscol.education.gouv.fr/sites/default/files/document/spe243annexe11159172pdf-83013.pdf;https://eduscol.education.gouv.fr/sites/default/files/document/ra21lyceegthisttheme3remises-cause-economiques-politiques-sociales-1970-1991pdf-73092.pdf,SRC-0442,https://fr.wikipedia.org/wiki/Abolition_de_la_peine_de_mort_en_France,https://fr.wikipedia.org/wiki/Abolition_de_la_peine_de_mort_en_France,
THM-030,EVT-0546,Répression de la place Tian’anmen,4 juin 1989,1989,6,4,,,,DAY,EXACT,TRUE,DAY,SUPPORTED_B,ANCRAGE_PPO,Année 1989 : répression chinoise et limites de la libéralisation.,Répression dans la nuit du 3 au 4 juin ; repère principal conservé au 4 juin.,https://eduscol.education.gouv.fr/sites/default/files/document/spe243annexe11159172pdf-83013.pdf;https://eduscol.education.gouv.fr/sites/default/files/document/ra21lyceegthisttheme3remises-cause-economiques-politiques-sociales-1970-1991pdf-73092.pdf,SRC-0487,https://en.wikipedia.org/wiki/Timeline_of_the_Cold_War,https://en.wikipedia.org/wiki/1989_Tiananmen_Square_protests_and_massacre,
THM-030,EVT-0114,Ouverture du mur de Berlin,9 novembre 1989,1989,11,9,,,,DAY,EXACT,TRUE,DAY,CERTIFIED_A,ANCRAGE_PPO,Année 1989 : ouverture du mur et effondrement des régimes communistes.,,https://eduscol.education.gouv.fr/sites/default/files/document/spe243annexe11159172pdf-83013.pdf;https://eduscol.education.gouv.fr/sites/default/files/document/ra21lyceegthisttheme3remises-cause-economiques-politiques-sociales-1970-1991pdf-73092.pdf,SRC-0125,https://www.bundesregierung.de/breg-de/schwerpunkte/deutsche-einheit/die-mauer-ist-offen--403858,https://www.bundesregierung.de/breg-de/schwerpunkte/deutsche-einheit/die-mauer-ist-offen--403858,
THM-030,EVT-0115,Disparition de l'URSS,26 décembre 1991 — dissolution formelle de l’URSS,1991,12,26,,,,DAY,EXACT,TRUE,DAY,SUPPORTED_B,CONTEXTE_BO,Dissolution de l’URSS : borne de fin du thème.,26 décembre = dissolution formelle ; distinguer la démission de Gorbatchev du 25 décembre.,https://eduscol.education.gouv.fr/sites/default/files/document/spe243annexe11159172pdf-83013.pdf;https://eduscol.education.gouv.fr/sites/default/files/document/ra21lyceegthisttheme3remises-cause-economiques-politiques-sociales-1970-1991pdf-73092.pdf,SRC-0437,https://fr.wikipedia.org/wiki/Dissolution_de_l%27URSS,https://fr.wikipedia.org/wiki/Dissolution_de_l%27URSS,
THM-037,EVT-0062,Prise de Constantinople par les Ottomans,29 mai 1453,1453,5,29,,,,DAY,EXACT,TRUE,DAY,SUPPORTED_B,ANCRAGE_JALON,Essor ottoman : conquête d’une capitale et affirmation impériale.,,https://eduscol.education.gouv.fr/sites/default/files/document/spe576annexe1062925pdf-83244.pdf;https://eduscol.education.gouv.fr/sites/default/files/document/ra19lyceegspe1hggsptheme2puissancesinter1169460pdf-83253.pdf,SRC-0386,https://fr.wikipedia.org/wiki/Chute_de_Constantinople,https://fr.wikipedia.org/wiki/Chute_de_Constantinople,
THM-037,EVT-0618,Bataille navale de Lépante,7 octobre 1571,1571,10,7,,,,DAY,EXACT,TRUE,DAY,SUPPORTED_B,ANCRAGE_JALON,"Lépante : limites de la puissance maritime ottomane, sans en faire la fin de l’empire.",,https://eduscol.education.gouv.fr/sites/default/files/document/spe576annexe1062925pdf-83244.pdf;https://eduscol.education.gouv.fr/sites/default/files/document/ra19lyceegspe1hggsptheme2puissancesinter1169460pdf-83253.pdf,SRC-0591,https://en.wikipedia.org/wiki/1571,https://en.wikipedia.org/wiki/Battle_of_Lepanto,
THM-037,EVT-0235,traité de Sèvres,10 août 1920,1920,8,10,,,,DAY,EXACT,TRUE,DAY,CERTIFIED_A,ANCRAGE_JALON,Sèvres : projet de démantèlement de l’empire vaincu.,Traité signé mais non ratifié ; ne pas le présenter comme la frontière définitive.,https://eduscol.education.gouv.fr/sites/default/files/document/spe576annexe1062925pdf-83244.pdf;https://eduscol.education.gouv.fr/sites/default/files/document/ra19lyceegspe1hggsptheme2puissancesinter1169460pdf-83253.pdf,SRC-0234,https://archivesdiplomatiques.diplomatie.gouv.fr/ark:/14366/4p1xk3cglbv7,https://archivesdiplomatiques.diplomatie.gouv.fr/ark:/14366/4p1xk3cglbv7,
THM-037,EVT-0240,traité de Lausanne,24 juillet 1923,1923,7,24,,,,DAY,EXACT,TRUE,DAY,CERTIFIED_A,ANCRAGE_JALON,Lausanne : recomposition territoriale et sortie du cadre impérial.,,https://eduscol.education.gouv.fr/sites/default/files/document/spe576annexe1062925pdf-83244.pdf;https://eduscol.education.gouv.fr/sites/default/files/document/ra19lyceegspe1hggsptheme2puissancesinter1169460pdf-83253.pdf,SRC-0234,https://archivesdiplomatiques.diplomatie.gouv.fr/ark:/14366/4p1xk3cglbv7,https://archivesdiplomatiques.diplomatie.gouv.fr/ark:/14366/4p1xk3cglbv7,
THM-037,EVT-0115,Disparition de l'URSS,26 décembre 1991 — dissolution formelle de l’URSS,1991,12,26,,,,DAY,EXACT,TRUE,DAY,SUPPORTED_B,ANCRAGE_JALON,Éclatement de l’URSS : point de départ de la reconstruction russe.,"Déjà résolu dans COBJ-0044 / COE7-0073, mais aucun lien canonique de chapitre.",https://eduscol.education.gouv.fr/sites/default/files/document/spe576annexe1062925pdf-83244.pdf;https://eduscol.education.gouv.fr/sites/default/files/document/ra19lyceegspe1hggsptheme2puissancesinter1169460pdf-83253.pdf,SRC-0437,https://fr.wikipedia.org/wiki/Dissolution_de_l%27URSS,https://fr.wikipedia.org/wiki/Dissolution_de_l%27URSS,
THM-037,EVT-1028,Vladimir Poutine prend ses fonctions de président de la Russie,7 mai 2000,2000,5,7,,,,DAY,EXACT,TRUE,DAY,SUPPORTED_B,ANCRAGE_JALON,Présidence de Poutine : reconstruction de l’autorité et de la puissance russes.,7 mai = prise de fonctions après l’élection ; pas présidence par intérim du 31 décembre 1999.,https://eduscol.education.gouv.fr/sites/default/files/document/spe576annexe1062925pdf-83244.pdf;https://eduscol.education.gouv.fr/sites/default/files/document/ra19lyceegspe1hggsptheme2puissancesinter1169460pdf-83253.pdf,SRC-0806,https://en.wikipedia.org/wiki/2000,https://en.wikipedia.org/wiki/First_inauguration_of_Vladimir_Putin,
THM-037,EVT-0943,Fondation de Google,4 septembre 1998,1998,9,4,,,,DAY,CONVENTIONAL,TRUE,DAY,SUPPORTED_B,ANCRAGE_JALON,Google : jalon sur la puissance des géants du numérique.,"Date conventionnelle dans le dataset : incorporation le 4 septembre, anniversaire commercial le 27 septembre.",https://eduscol.education.gouv.fr/sites/default/files/document/spe576annexe1062925pdf-83244.pdf;https://eduscol.education.gouv.fr/sites/default/files/document/ra19lyceegspe1hggsptheme2puissancesinter1169460pdf-83253.pdf,SRC-0804,https://en.wikipedia.org/wiki/1998,https://blog.google/company-news/inside-google/company-announcements/marking-20ish-years-google/,
THM-037,EVT-1004,Annexion de la Crimée par la Russie,18 mars 2014,2014,3,18,,,,DAY,EXACT,TRUE,DAY,SUPPORTED_B,ANCRAGE_JALON,Crimée : affirmation extérieure russe et rivalités de puissance.,18 mars = signature du traité d’annexion par la Russie ; ne vaut pas reconnaissance internationale de sa légalité.,https://eduscol.education.gouv.fr/sites/default/files/document/spe576annexe1062925pdf-83244.pdf;https://eduscol.education.gouv.fr/sites/default/files/document/ra19lyceegspe1hggsptheme2puissancesinter1169460pdf-83253.pdf,SRC-0818,https://en.wikipedia.org/wiki/2014,https://en.wikipedia.org/wiki/Annexation_of_Crimea_by_the_Russian_Federation,
THM-040,EVT-0044,Couronnement impérial de Charlemagne à Rome,25 décembre 800,800,12,25,,,,DAY,EXACT,TRUE,DAY,SUPPORTED_B,JALON_BO,Charlemagne : interaction entre autorité pontificale et pouvoir impérial.,"Déjà résolu dans COBJ-0068 / COE7-0091, sans lien canonique de chapitre.",https://eduscol.education.gouv.fr/sites/default/files/document/spe576annexe1062925pdf-83244.pdf;https://eduscol.education.gouv.fr/sites/default/files/document/ra20lyceeg1histgeogeopolitique-sciencespoanalyser-relations-etats-religions1293914pdf-83262.pdf,SRC-0038;SRC-0039,https://expositions.bnf.fr/rouge/bande/grand/116.htm;https://catalogue.bnf.fr/ark:/12148/cb412329623,https://expositions.bnf.fr/rouge/bande/grand/116.htm,
THM-040,EVT-0366,Abolition du califat en Turquie,3 mars 1924,1924,3,3,,,,DAY,EXACT,TRUE,DAY,SUPPORTED_B,JALON_BO,Abolition du califat : jalon explicite sur la laïcité turque.,Déjà résolu dans COBJ-0070 / COE7-0092 ; la laïcité turque n’équivaut pas à une séparation française.,https://eduscol.education.gouv.fr/sites/default/files/document/spe576annexe1062925pdf-83244.pdf;https://eduscol.education.gouv.fr/sites/default/files/document/ra20lyceeg1histgeogeopolitique-sciencespoanalyser-relations-etats-religions1293914pdf-83262.pdf,SRC-0474,https://fr.wikipedia.org/wiki/Abolition_du_califat,https://fr.wikipedia.org/wiki/Abolition_du_califat,
THM-040,EVT-0005,loi de séparation des Églises et de l’État,9 décembre 1905,1905,12,9,,,,DAY,EXACT,TRUE,DAY,CERTIFIED_A,EXEMPLE_INTRODUCTION,Séparation française : exemple juridique comparatif pour l’introduction.,Choix éditorial permis par l’introduction ; ce n’est pas un jalon imposé de ce thème.,https://eduscol.education.gouv.fr/sites/default/files/document/spe576annexe1062925pdf-83244.pdf;https://eduscol.education.gouv.fr/sites/default/files/document/ra20lyceeg1histgeogeopolitique-sciencespoanalyser-relations-etats-religions1293914pdf-83262.pdf,SRC-0016;SRC-0228,https://www.legifrance.gouv.fr/loda/id/JORFTEXT000000508749/1905-12-09;https://www.legifrance.gouv.fr/loda/id/JORFTEXT000000508749,https://www.legifrance.gouv.fr/loda/id/JORFTEXT000000508749,
THM-040,EVT-0522,Indépendance de l’Inde,15 août 1947,1947,8,15,,,,DAY,EXACT,TRUE,DAY,SUPPORTED_B,ANCRAGE_JALON,"Indépendance indienne : contextualiser partition, pluralité religieuse et construction de l’État.",À traiter avec le Pakistan ; ne résume pas à elle seule le sécularisme ni les minorités.,https://eduscol.education.gouv.fr/sites/default/files/document/spe576annexe1062925pdf-83244.pdf;https://eduscol.education.gouv.fr/sites/default/files/document/ra20lyceeg1histgeogeopolitique-sciencespoanalyser-relations-etats-religions1293914pdf-83262.pdf,SRC-0487,https://en.wikipedia.org/wiki/Timeline_of_the_Cold_War,https://en.wikipedia.org/wiki/Independence_Day_(India),
THM-040,EVT-0862,Indépendance du Pakistan,14 août 1947,1947,8,14,,,,DAY,EXACT,TRUE,DAY,SUPPORTED_B,ANCRAGE_JALON,Indépendance du Pakistan : contextualiser les enjeux religieux et géopolitiques de la partition.,"14 août = repère national pakistanais ; acte britannique fixant le 15 août, décalage commémoratif à expliquer.",https://eduscol.education.gouv.fr/sites/default/files/document/spe576annexe1062925pdf-83244.pdf;https://eduscol.education.gouv.fr/sites/default/files/document/ra20lyceeg1histgeogeopolitique-sciencespoanalyser-relations-etats-religions1293914pdf-83262.pdf,SRC-0754,https://en.wikipedia.org/wiki/1947,https://en.wikipedia.org/wiki/Independence_Day_(Pakistan),
