old_event_id,canonical_event_id,old_title,canonical_title_v2,reason,old_date_text,canonical_date_text_v2
EVT-0080,EVT-0003,Loi établissant la gratuité absolue de l'enseignement primaire public,Loi établissant la gratuité de l’enseignement primaire public,DUPLICATE_NORMALIZED_V2,16 juin 1881,16 juin 1881
EVT-0127,EVT-0008,Première participation des femmes à un scrutin national,Premier vote des Françaises à un scrutin national,DUPLICATE_NORMALIZED_V2,21 octobre 1945,21 octobre 1945
EVT-0104,EVT-0014,Appel radiodiffusé de Charles de Gaulle,Appel du 18 juin du général de Gaulle,DUPLICATE_NORMALIZED_V2,18 juin 1940,18 juin 1940
EVT-0247,EVT-0014,appel du général de Gaulle à poursuivre la lutte,Appel du 18 juin du général de Gaulle,DUPLICATE_NORMALIZED_V2,18 juin 1940,18 juin 1940
EVT-0108,EVT-0016,Première réunion du Conseil national de la Résistance,Première réunion du Conseil national de la Résistance,DUPLICATE_NORMALIZED_V2,27 mai 1943,27 mai 1943
EVT-0137,EVT-0031,Octavien reçoit le titre d’Auguste,Octavien reçoit le titre d’Auguste,DUPLICATE_NORMALIZED_V2,16 janvier 27 av. J.-C.,16 janvier 27 av. J.-C.
EVT-0138,EVT-0032,Principat / règne d’Auguste,Règne d’Auguste,DUPLICATE_NORMALIZED_V2,27 av. J.-C. – 14 apr. J.-C.,27 av. J.-C. - 14 apr. J.-C.
EVT-0050,EVT-0046,Prise et sac de Constantinople,Prise et sac de Constantinople par la quatrième croisade,DUPLICATE_NORMALIZED_V2,avril 1204,"avril 1204, prise à partir du 12 avril"
EVT-0068,EVT-0062,Prise de Constantinople,Prise de Constantinople par les Ottomans,DUPLICATE_NORMALIZED_V2,29 mai 1453,29 mai 1453
EVT-0150,EVT-0064,diffusion conventionnelle des 95 thèses,Diffusion conventionnelle des 95 thèses de Martin Luther,DUPLICATE_NORMALIZED_V2,31 octobre 1517,31 octobre 1517
EVT-0331,EVT-0067,Règne de Louis XIV,Règne de Louis XIV,DUPLICATE_NORMALIZED_V2,1643-1715,1643-1715
EVT-0155,EVT-0076,édit de Fontainebleau / révocation de l’édit de Nantes,Édit de Fontainebleau / révocation de l’édit de Nantes,DUPLICATE_NORMALIZED_V2,18 octobre 1685,18 octobre 1685
EVT-0231,EVT-0092,traité de Versailles,Signature du traité de Versailles,DUPLICATE_NORMALIZED_V2,28 juin 1919,28 juin 1919
EVT-0332,EVT-0143,Première circumnavigation,Première circumnavigation (expédition Magellan-Elcano),DUPLICATE_NORMALIZED_V2,"expédition Magellan-Elcano ; Magellan meurt en 1521, Elcano achève l’expédition en 1522",20 septembre 1519 – 6 septembre 1522
EVT-0335,EVT-0174,Abolition des privilèges,Nuit du 4 août / abolition des privilèges,DUPLICATE_NORMALIZED_V2,"nuit du 4 au 5 août 1789, avec mise en forme législative poursuivie ensuite",nuit du 4 au 5 août 1789
EVT-0336,EVT-0175,DDHC,Adoption de la Déclaration des droits de l’homme et du citoyen,DUPLICATE_NORMALIZED_V2,articles discutés/votés du 20 au 26 août ; texte achevé le 26 août 1789,26 août 1789
EVT-0213,EVT-0176,la Convention décide de juger Louis XVI,La Convention décide de juger Louis XVI,DUPLICATE_NORMALIZED_V2,3 décembre 1792,3 décembre 1792
EVT-0214,EVT-0180,Code civil,Promulgation du Code civil,DUPLICATE_NORMALIZED_V2,21 mars 1804,21 mars 1804
EVT-0215,EVT-0184,Trois Glorieuses,Trois Glorieuses,DUPLICATE_NORMALIZED_V2,27-29 juillet 1830,27-29 juillet 1830
EVT-0216,EVT-0187,suffrage universel masculin,Décret instaurant le suffrage universel masculin,DUPLICATE_NORMALIZED_V2,5 mars 1848,5 mars 1848
EVT-0220,EVT-0196,loi supprimant le délit de coalition,Loi Ollivier supprimant le délit de coalition,DUPLICATE_NORMALIZED_V2,25 mai 1864,25 mai 1864
EVT-0219,EVT-0197,"traité de Turin, Savoie et Nice",Traité de Turin — cession de la Savoie et du comté de Nice à la France,DUPLICATE_NORMALIZED_V2,24 mars 1860,24 mars 1860
EVT-0221,EVT-0199,existence constitutionnelle du Reich,Existence constitutionnelle du nouvel Empire allemand,DUPLICATE_NORMALIZED_V2,1er janvier 1871,1er janvier 1871
EVT-0222,EVT-0200,proclamation impériale à Versailles,Proclamation de Guillaume Ier comme empereur allemand à Versailles,DUPLICATE_NORMALIZED_V2,18 janvier 1871,18 janvier 1871
EVT-0228,EVT-0206,Tannenberg,Bataille de Tannenberg,DUPLICATE_NORMALIZED_V2,26-30 août 1914,26-30 août 1914
EVT-0229,EVT-0207,première Marne,Première bataille de la Marne,DUPLICATE_NORMALIZED_V2,6-12 septembre 1914,6-12 septembre 1914
EVT-0343,EVT-0226,Exposition universelle de Paris 1889,Ouverture de l’Exposition universelle de Paris de 1889,DUPLICATE_NORMALIZED_V2,1889,6 mai 1889
EVT-0344,EVT-0227,Exposition universelle de Paris 1900,Ouverture de l’Exposition universelle de Paris de 1900,DUPLICATE_NORMALIZED_V2,1900,14 avril 1900
EVT-0292,EVT-0278,Convention de Montego Bay,Signature de la Convention de Montego Bay,DUPLICATE_NORMALIZED_V2,10 décembre 1982,10 décembre 1982
EVT-0019,EVT-0116,Traité de Paris / CECA,Signature du traité de Paris instituant la CECA,DUPLICATE_NORMALIZED_V2,18 avril 1951 ; entrée en vigueur 23 juillet 1952,18 avril 1951
EVT-0020,EVT-0118,Traités de Rome,Signature des traités de Rome,DUPLICATE_NORMALIZED_V2,25 mars 1957 ; entrée en vigueur 1er janvier 1958,25 mars 1957
EVT-0021,EVT-0271,Traité de Maastricht,Signature du traité de Maastricht,DUPLICATE_NORMALIZED_V2,7 février 1992 ; entrée en vigueur 1er novembre 1993,7 février 1992
EVT-0081,EVT-0004,Loi sur l'enseignement primaire,Loi du 28 mars 1882 : instruction primaire obligatoire et laïcisation de l’enseignement public,CONFIRMED_DUPLICATE_V7,28 mars 1882,28 mars 1882
EVT-0125,EVT-0006,Ordonnance accordant aux femmes le droit de vote et d'éligibilité,Ordonnance du 21 avril 1944 accordant aux femmes le droit de vote et d’éligibilité,CONFIRMED_DUPLICATE_V7,21 avril 1944,21 avril 1944
EVT-0126,EVT-0007,"Première participation des femmes françaises à un scrutin, élections municipales",Première participation des Françaises à un scrutin (élections municipales),CONFIRMED_DUPLICATE_V7,29 avril 1945,29 avril 1945 aux municipales
EVT-0071,EVT-0064,95 thèses de Luther,Diffusion conventionnelle des 95 thèses de Martin Luther,CONFIRMED_DUPLICATE_V7,31 octobre 1517,31 octobre 1517
EVT-0245,EVT-0103,formation du gouvernement Pétain,Formation du gouvernement Pétain : Philippe Pétain devient président du Conseil,CONFIRMED_DUPLICATE_V7,16 juin 1940,16 juin 1940
EVT-0217,EVT-0191,prestation de serment du premier président,Prestation de serment et entrée en fonction de Louis-Napoléon Bonaparte comme président,CONFIRMED_DUPLICATE_V7,20 décembre 1848,20 décembre 1848
EVT-0218,EVT-0193,Haussmann nommé préfet de la Seine,Nomination de Georges-Eugène Haussmann comme préfet de la Seine,CONFIRMED_DUPLICATE_V7,22 juin 1853 pour la nomination selon Wikipédia EN ; 23 juin 1853 comme début de fonction dans l’infobox Wikipédia FR,22 juin 1853 — nomination ; 23 juin 1853 — début de fonction dans l’infobox Wikipédia FR
EVT-0223,EVT-0201,début de la Commune,Début de la Commune de Paris / insurrection du 18 mars 1871,CONFIRMED_DUPLICATE_V7,18 mars 1871,18 mars 1871
EVT-0242,EVT-0241,début de la présidence Roosevelt,Première investiture de Franklin D. Roosevelt / début de sa présidence,CONFIRMED_DUPLICATE_V7,4 mars 1933,4 mars 1933
