collection_id,slug,title,collection_type,description,source_rule,level,theme_id,active,ready_to_play,target_size,selection_rule_version,membership_confidence
COL-0001,programme-scolaire-2026-2027,Programme scolaire 2026-2027,CURRICULUM_CORPUS,Tous les événements rattachés au corpus scolaire audité.,tag:school-curriculum,,,TRUE,FALSE,,,
COL-0002,programme-3e,Programme 3e,CURRICULUM_LEVEL,Événements liés au programme de 3e.,tag:level-3e,3e,,TRUE,FALSE,,,
COL-0003,programme-4e,Programme 4e,CURRICULUM_LEVEL,Événements liés au programme de 4e.,tag:level-4e,4e,,TRUE,FALSE,,,
COL-0004,programme-5e,Programme 5e,CURRICULUM_LEVEL,Événements liés au programme de 5e.,tag:level-5e,5e,,TRUE,FALSE,,,
COL-0005,programme-6e,Programme 6e,CURRICULUM_LEVEL,Événements liés au programme de 6e.,tag:level-6e,6e,,TRUE,FALSE,,,
COL-0006,programme-cm1,Programme CM1,CURRICULUM_LEVEL,Événements liés au programme de CM1.,tag:level-cm1,CM1,,TRUE,FALSE,,,
COL-0007,programme-cm2,Programme CM2,CURRICULUM_LEVEL,Événements liés au programme de CM2.,tag:level-cm2,CM2,,TRUE,FALSE,,,
COL-0008,programme-premiere-hggsp,Programme Première HGGSP,CURRICULUM_LEVEL,Événements liés au programme de Première HGGSP.,tag:level-premiere-hggsp,Première HGGSP,,TRUE,FALSE,,,
COL-0009,programme-premiere-generale,Programme Première générale,CURRICULUM_LEVEL,Événements liés au programme de Première générale.,tag:level-premiere-generale,Première générale,,TRUE,FALSE,,,
COL-0010,programme-seconde-generale-et-technologique,Programme Seconde générale et technologique,CURRICULUM_LEVEL,Événements liés au programme de Seconde générale et technologique.,tag:level-seconde-generale-et-technologique,Seconde générale et technologique,,TRUE,FALSE,,,
COL-0011,programme-terminale-hggsp,Programme Terminale HGGSP,CURRICULUM_LEVEL,Événements liés au programme de Terminale HGGSP.,tag:level-terminale-hggsp,Terminale HGGSP,,TRUE,FALSE,,,
COL-0012,programme-terminale-generale,Programme Terminale générale,CURRICULUM_LEVEL,Événements liés au programme de Terminale générale.,tag:level-terminale-generale,Terminale générale,,TRUE,FALSE,,,
COL-0013,theme-thm-001,CM2 — Thème 1 — Le temps de la République,CURRICULUM_THEME,Collection scolaire du thème « Thème 1 — Le temps de la République ».,tag:theme-thm-001,CM2,THM-001,TRUE,FALSE,,,
COL-0014,theme-thm-002,CM2 — Thème 2 — L’âge industriel en France,CURRICULUM_THEME,Collection scolaire du thème « Thème 2 — L’âge industriel en France ».,tag:theme-thm-002,CM2,THM-002,TRUE,FALSE,,,
COL-0015,theme-thm-003,CM2 — Thème 3 — Guerres mondiales et construction européenne,CURRICULUM_THEME,Collection scolaire du thème « Thème 3 — Guerres mondiales et construction européenne ».,tag:theme-thm-003,CM2,THM-003,TRUE,FALSE,,,
COL-0016,theme-thm-004,6e — Thème 1 — La longue histoire de l’humanité et des migrations,CURRICULUM_THEME,Collection scolaire du thème « Thème 1 — La longue histoire de l’humanité et des migrations ».,tag:theme-thm-004,6e,THM-004,TRUE,FALSE,,,
COL-0017,theme-thm-005,"6e — Thème 2 — Récits fondateurs, croyances et citoyenneté dans la Méditerranée antique",CURRICULUM_THEME,"Collection scolaire du thème « Thème 2 — Récits fondateurs, croyances et citoyenneté dans la Méditerranée antique ».",tag:theme-thm-005,6e,THM-005,TRUE,FALSE,,,
COL-0018,theme-thm-006,6e — Thème 3 — L’Empire romain dans le monde antique,CURRICULUM_THEME,Collection scolaire du thème « Thème 3 — L’Empire romain dans le monde antique ».,tag:theme-thm-006,6e,THM-006,TRUE,FALSE,,,
COL-0019,theme-thm-007,"5e — Thème 1 — Chrétientés et islam (VIe-XIIIe siècles), des mondes en contact",CURRICULUM_THEME,"Collection scolaire du thème « Thème 1 — Chrétientés et islam (VIe-XIIIe siècles), des mondes en contact ».",tag:theme-thm-007,5e,THM-007,TRUE,FALSE,,,
COL-0020,theme-thm-008,5e — Événements complémentaires directement utiles au thème 1,CURRICULUM_THEME,Collection scolaire du thème « Événements complémentaires directement utiles au thème 1 ».,tag:theme-thm-008,5e,THM-008,TRUE,FALSE,,,
COL-0021,theme-thm-009,"5e — Thème 2 — Société, Église et pouvoir politique dans l'Occident féodal (XIe-XVe siècles)",CURRICULUM_THEME,"Collection scolaire du thème « Thème 2 — Société, Église et pouvoir politique dans l'Occident féodal (XIe-XVe siècles) ».",tag:theme-thm-009,5e,THM-009,TRUE,FALSE,,,
COL-0022,theme-thm-010,5e — Autres événements directement exploitables pour le thème 2,CURRICULUM_THEME,Collection scolaire du thème « Autres événements directement exploitables pour le thème 2 ».,tag:theme-thm-010,5e,THM-010,TRUE,FALSE,,,
COL-0023,theme-thm-011,5e — Thème 3 — Transformations de l'Europe et ouverture sur le monde aux XVIe et XVIIe siècles,CURRICULUM_THEME,Collection scolaire du thème « Thème 3 — Transformations de l'Europe et ouverture sur le monde aux XVIe et XVIIe siècles ».,tag:theme-thm-011,5e,THM-011,TRUE,FALSE,,,
COL-0024,theme-thm-012,5e — Événements complémentaires directement utiles au thème 3,CURRICULUM_THEME,Collection scolaire du thème « Événements complémentaires directement utiles au thème 3 ».,tag:theme-thm-012,5e,THM-012,TRUE,FALSE,,,
COL-0025,theme-thm-013,"4e — Thème 1 — Le XVIIIe siècle. Expansions, Lumières et révolutions",CURRICULUM_THEME,"Collection scolaire du thème « Thème 1 — Le XVIIIe siècle. Expansions, Lumières et révolutions ».",tag:theme-thm-013,4e,THM-013,TRUE,FALSE,,,
COL-0026,theme-thm-014,4e — Thème 2 — L'Europe et le monde au XIXe siècle,CURRICULUM_THEME,Collection scolaire du thème « Thème 2 — L'Europe et le monde au XIXe siècle ».,tag:theme-thm-014,4e,THM-014,TRUE,FALSE,,,
COL-0027,theme-thm-015,"4e — Thème 3 — Société, culture et politique dans la France du XIXe siècle",CURRICULUM_THEME,"Collection scolaire du thème « Thème 3 — Société, culture et politique dans la France du XIXe siècle ».",tag:theme-thm-015,4e,THM-015,TRUE,FALSE,,,
COL-0028,theme-thm-016,"3e — Thème 1 — L'Europe, un théâtre majeur des guerres totales (1914-1945)",CURRICULUM_THEME,"Collection scolaire du thème « Thème 1 — L'Europe, un théâtre majeur des guerres totales (1914-1945) ».",tag:theme-thm-016,3e,THM-016,TRUE,FALSE,,,
COL-0029,theme-thm-017,3e — Thème 2 — Le monde depuis 1945,CURRICULUM_THEME,Collection scolaire du thème « Thème 2 — Le monde depuis 1945 ».,tag:theme-thm-017,3e,THM-017,TRUE,FALSE,,,
COL-0030,theme-thm-018,3e — Thème 3 — Françaises et Français dans une République repensée,CURRICULUM_THEME,Collection scolaire du thème « Thème 3 — Françaises et Français dans une République repensée ».,tag:theme-thm-018,3e,THM-018,TRUE,FALSE,,,
COL-0031,theme-thm-019,Seconde générale et technologique — Thème 1 — Le monde méditerranéen : empreintes de l’Antiquité et du Moyen Âge,CURRICULUM_THEME,Collection scolaire du thème « Thème 1 — Le monde méditerranéen : empreintes de l’Antiquité et du Moyen Âge ».,tag:theme-thm-019,Seconde générale et technologique,THM-019,TRUE,FALSE,,,
COL-0032,theme-thm-020,"Seconde générale et technologique — Thème 2 — XVe-XVIe siècles : un nouveau rapport au monde, un temps de mutation intellectuelle",CURRICULUM_THEME,"Collection scolaire du thème « Thème 2 — XVe-XVIe siècles : un nouveau rapport au monde, un temps de mutation intellectuelle ».",tag:theme-thm-020,Seconde générale et technologique,THM-020,TRUE,FALSE,,,
COL-0033,theme-thm-021,Seconde générale et technologique — Thème 3 — L’État à l’époque moderne : France et Angleterre,CURRICULUM_THEME,Collection scolaire du thème « Thème 3 — L’État à l’époque moderne : France et Angleterre ».,tag:theme-thm-021,Seconde générale et technologique,THM-021,TRUE,FALSE,,,
COL-0034,theme-thm-022,Seconde générale et technologique — Thème 4 — Dynamiques et ruptures dans les sociétés des XVIIe et XVIIIe siècles,CURRICULUM_THEME,Collection scolaire du thème « Thème 4 — Dynamiques et ruptures dans les sociétés des XVIIe et XVIIIe siècles ».,tag:theme-thm-022,Seconde générale et technologique,THM-022,TRUE,FALSE,,,
COL-0036,theme-thm-024,Première générale — Thème 1 — L’Europe face aux révolutions,CURRICULUM_THEME,Collection scolaire du thème « Thème 1 — L’Europe face aux révolutions ».,tag:theme-thm-024,Première générale,THM-024,TRUE,FALSE,,,
COL-0037,theme-thm-025,Première générale — Thème 2 — La France dans l’Europe des nationalités : politique et société (1848-1871),CURRICULUM_THEME,Collection scolaire du thème « Thème 2 — La France dans l’Europe des nationalités : politique et société (1848-1871) ».,tag:theme-thm-025,Première générale,THM-025,TRUE,FALSE,,,
COL-0038,theme-thm-026,"Première générale — Thème 3 — La Troisième République avant 1914 : un régime politique, un empire colonial",CURRICULUM_THEME,"Collection scolaire du thème « Thème 3 — La Troisième République avant 1914 : un régime politique, un empire colonial ».",tag:theme-thm-026,Première générale,THM-026,TRUE,FALSE,,,
COL-0039,theme-thm-027,Première générale — Thème 4 — La Première Guerre mondiale : le « suicide de l’Europe » et la fin des empires européens,CURRICULUM_THEME,Collection scolaire du thème « Thème 4 — La Première Guerre mondiale : le « suicide de l’Europe » et la fin des empires européens ».,tag:theme-thm-027,Première générale,THM-027,TRUE,FALSE,,,
COL-0040,theme-thm-028,"Terminale générale — Thème 1 — Fragilités des démocraties, totalitarismes et Seconde Guerre mondiale (1929-1945)",CURRICULUM_THEME,"Collection scolaire du thème « Thème 1 — Fragilités des démocraties, totalitarismes et Seconde Guerre mondiale (1929-1945) ».",tag:theme-thm-028,Terminale générale,THM-028,TRUE,FALSE,,,
COL-0041,theme-thm-029,Terminale générale — Thème 2 — La multiplication des acteurs internationaux dans un monde bipolaire (1945-début des années 1970),CURRICULUM_THEME,Collection scolaire du thème « Thème 2 — La multiplication des acteurs internationaux dans un monde bipolaire (1945-début des années 1970) ».,tag:theme-thm-029,Terminale générale,THM-029,TRUE,FALSE,,,
COL-0042,theme-thm-030,"Terminale générale — Thème 3 — Les remises en cause économiques, politiques et sociales des années 1970 à 1991",CURRICULUM_THEME,"Collection scolaire du thème « Thème 3 — Les remises en cause économiques, politiques et sociales des années 1970 à 1991 ».",tag:theme-thm-030,Terminale générale,THM-030,TRUE,FALSE,,,
COL-0043,theme-thm-031,"Terminale générale — Thème 4 — Le monde, l’Europe et la France depuis les années 1990, entre coopérations et conflits",CURRICULUM_THEME,"Collection scolaire du thème « Thème 4 — Le monde, l’Europe et la France depuis les années 1990, entre coopérations et conflits ».",tag:theme-thm-031,Terminale générale,THM-031,TRUE,FALSE,,,
COL-0048,theme-thm-036,Première HGGSP — Thème 1 — Comprendre un régime politique : la démocratie,CURRICULUM_THEME,Collection scolaire du thème « Thème 1 — Comprendre un régime politique : la démocratie ».,tag:theme-thm-036,Première HGGSP,THM-036,TRUE,FALSE,,,
COL-0049,theme-thm-037,Première HGGSP — Thème 2 — Analyser les dynamiques des puissances internationales,CURRICULUM_THEME,Collection scolaire du thème « Thème 2 — Analyser les dynamiques des puissances internationales ».,tag:theme-thm-037,Première HGGSP,THM-037,TRUE,FALSE,,,
COL-0050,theme-thm-038,Première HGGSP — Thème 3 — Étudier les divisions politiques du monde : les frontières,CURRICULUM_THEME,Collection scolaire du thème « Thème 3 — Étudier les divisions politiques du monde : les frontières ».,tag:theme-thm-038,Première HGGSP,THM-038,TRUE,FALSE,,,
COL-0051,theme-thm-039,Première HGGSP — Thème 4 — S’informer : un regard critique sur les sources et modes de communication,CURRICULUM_THEME,Collection scolaire du thème « Thème 4 — S’informer : un regard critique sur les sources et modes de communication ».,tag:theme-thm-039,Première HGGSP,THM-039,TRUE,FALSE,,,
COL-0052,theme-thm-040,Première HGGSP — Thème 5 — Analyser les relations entre États et religions,CURRICULUM_THEME,Collection scolaire du thème « Thème 5 — Analyser les relations entre États et religions ».,tag:theme-thm-040,Première HGGSP,THM-040,TRUE,FALSE,,,
COL-0053,theme-thm-041,Terminale HGGSP — Thème 1 — De nouveaux espaces de conquête,CURRICULUM_THEME,Collection scolaire du thème « Thème 1 — De nouveaux espaces de conquête ».,tag:theme-thm-041,Terminale HGGSP,THM-041,TRUE,FALSE,,,
COL-0054,theme-thm-042,"Terminale HGGSP — Thème 2 — Faire la guerre, faire la paix : formes de conflits et modes de résolution",CURRICULUM_THEME,"Collection scolaire du thème « Thème 2 — Faire la guerre, faire la paix : formes de conflits et modes de résolution ».",tag:theme-thm-042,Terminale HGGSP,THM-042,TRUE,FALSE,,,
COL-0055,theme-thm-043,Terminale HGGSP — Thème 3 — Histoire et mémoires,CURRICULUM_THEME,Collection scolaire du thème « Thème 3 — Histoire et mémoires ».,tag:theme-thm-043,Terminale HGGSP,THM-043,TRUE,FALSE,,,
COL-0056,theme-thm-044,"Terminale HGGSP — Thème 4 — Identifier, protéger et valoriser le patrimoine : enjeux géopolitiques",CURRICULUM_THEME,"Collection scolaire du thème « Thème 4 — Identifier, protéger et valoriser le patrimoine : enjeux géopolitiques ».",tag:theme-thm-044,Terminale HGGSP,THM-044,TRUE,FALSE,,,
COL-0057,theme-thm-045,"Terminale HGGSP — Thème 5 — L’environnement, entre exploitation et protection : un enjeu planétaire",CURRICULUM_THEME,"Collection scolaire du thème « Thème 5 — L’environnement, entre exploitation et protection : un enjeu planétaire ».",tag:theme-thm-045,Terminale HGGSP,THM-045,TRUE,FALSE,,,
COL-0058,theme-thm-046,Terminale HGGSP — Thème 6 — L’enjeu de la connaissance,CURRICULUM_THEME,Collection scolaire du thème « Thème 6 — L’enjeu de la connaissance ».,tag:theme-thm-046,Terminale HGGSP,THM-046,TRUE,FALSE,,,
COL-0059,50-incontournables,50 dates incontournables,READY_PACK,Sélection courte des événements scolaires les plus importants et accessibles.,TOP_N_SCORE,,,TRUE,TRUE,50,V12.1,CURATED_SCORE
COL-0060,100-incontournables,100 dates incontournables,READY_PACK,"Socle généraliste de 100 événements majeurs, incluant intégralement le pack de 50.",TOP_N_SCORE,,,TRUE,TRUE,100,V12.1,CURATED_SCORE
COL-0061,france,France,READY_PACK,Événements directement rattachés à la France.,HIGH_TAG,,,TRUE,TRUE,,V12.1,HIGH
COL-0062,europe,Europe,READY_PACK,Événements directement rattachés à l’espace européen.,HIGH_TAG,,,TRUE,TRUE,,V12.1,HIGH
COL-0063,premiere-guerre-mondiale,Première Guerre mondiale,READY_PACK,Événements du contexte Première Guerre mondiale.,HIGH_CONTEXT,,,TRUE,TRUE,,V12.1,HIGH
COL-0064,seconde-guerre-mondiale,Seconde Guerre mondiale,READY_PACK,Événements du contexte Seconde Guerre mondiale.,HIGH_CONTEXT,,,TRUE,TRUE,,V12.1,HIGH
COL-0065,guerre-froide,Guerre froide,READY_PACK,Événements du contexte Guerre froide.,HIGH_CONTEXT,,,TRUE,TRUE,,V12.1,HIGH
COL-0066,revolution-francaise,Révolution française,READY_PACK,Événements directement associés à la Révolution française.,HIGH_CONTEXT,,,TRUE,TRUE,,V12.1,HIGH
COL-0067,epoque-napoleonienne,Époque napoléonienne,READY_PACK,"Consulat, Empire et principaux jalons napoléoniens.",HIGH_CONTEXT,,,TRUE,TRUE,,V12.1,HIGH
COL-0068,revolutions,Révolutions et insurrections,READY_PACK,"Révolutions, soulèvements et ruptures politiques.",HIGH_TAG,,,TRUE,TRUE,,V12.1,HIGH
COL-0069,guerres-batailles,Guerres et batailles,READY_PACK,"Guerres, conflits, batailles et opérations militaires.",HIGH_TAG_UNION,,,TRUE,TRUE,,V12.1,HIGH
COL-0070,espace,Espace,READY_PACK,"Exploration spatiale, satellites, vols habités et stations orbitales.",HIGH_TAG,,,TRUE,TRUE,,V12.1,HIGH
COL-0071,sciences,Sciences,READY_PACK,"Découvertes, savants et événements scientifiques.",HIGH_TAG,,,TRUE,TRUE,,V12.1,HIGH
COL-0072,religions,Religions,READY_PACK,Événements religieux directement identifiés.,HIGH_TAG,,,TRUE,TRUE,,V12.1,HIGH
COL-0073,droits-libertes,Droits et libertés,READY_PACK,"Droits civiques, libertés publiques, suffrage et égalité juridique.",HIGH_TAG,,,TRUE,TRUE,,V12.1,HIGH
COL-0074,construction-europeenne,Construction européenne,READY_PACK,"CECA, traités européens, Schengen et autres jalons associés.",HIGH_TAG,,,TRUE,TRUE,,V12.1,HIGH
COL-0075,decolonisation,Décolonisation,READY_PACK,Indépendances et conflits de décolonisation.,HIGH_TAG,,,TRUE,TRUE,,V12.1,HIGH
COL-0076,environnement,Environnement,READY_PACK,"Protection de l’environnement, climat et grands accords.",HIGH_TAG,,,TRUE,TRUE,,V12.1,HIGH
COL-0077,mode-expert-50,Mode expert — 50 dates,READY_PACK,"Les 50 événements jouables les plus difficiles, départagés par importance et diffusion scolaire.",TOP_N_EXPERT,,,TRUE,TRUE,50,V12.1,CURATED_SCORE
COL-0078,antiquite,Antiquité,READY_PACK,Événements jouables conventionnellement situés entre les premières écritures et 476.,YEAR_RANGE,,,TRUE,TRUE,,V12.1,DATE_RULE
COL-0079,moyen-age,Moyen Âge,READY_PACK,Événements jouables conventionnellement situés de 476 à 1492.,YEAR_RANGE,,,TRUE,TRUE,,V12.1,DATE_RULE
COL-0080,epoque-moderne,Époque moderne,READY_PACK,Événements jouables conventionnellement situés de 1492 à 1789.,YEAR_RANGE,,,TRUE,TRUE,,V12.1,DATE_RULE
COL-0081,xixe-siecle,XIXe siècle,READY_PACK,Événements jouables de 1801 à 1900.,YEAR_RANGE,,,TRUE,TRUE,,V12.1,DATE_RULE
COL-0082,xxe-siecle,XXe siècle,READY_PACK,Événements jouables de 1901 à 2000.,YEAR_RANGE,,,TRUE,TRUE,,V12.1,DATE_RULE
COL-0083,culture-generale-v1-493,Culture générale V1 — 493 événements,GENERAL_CULTURE_CORPUS,Premier lot culture générale ajouté au palier V15.,tag:corpus-general-culture-v1,,,TRUE,FALSE,,V15.1,CURATED_CORPUS
COL-0084,corpus-complet-v15-1000,Corpus complet V15 — 1 000 événements,MASTER_CORPUS,Corpus scolaire figé V14 + premier lot culture générale V15.,ALL_EVENTS_V15,,,TRUE,FALSE,,V15.1,CURATED_CORPUS
COL-0085,culture-generale-v2-1000,Culture générale V2 — 1 000 nouveaux événements,GENERAL_CULTURE_CORPUS,Deuxième lot de culture générale ajouté en V18.,tag:corpus-general-culture-v2,,,TRUE,FALSE,,V18.1,CURATED_CORPUS
COL-0086,corpus-complet-v18-2000,Corpus complet V18 — 2 000 événements,MASTER_CORPUS,Corpus scolaire figé + deux paliers culture générale.,ALL_EVENTS_V18,,,TRUE,FALSE,,V18.1,CURATED_CORPUS
COL-0087,series-summer-olympics,Jeux olympiques d’été,GENERAL_CULTURE_SERIES,Événements de la série « Jeux olympiques d’été » retenus dans le corpus V18.,tag:series-summer-olympics,,,TRUE,FALSE,,V18.1,CURATED_CORPUS
COL-0088,series-winter-olympics,Jeux olympiques d’hiver,GENERAL_CULTURE_SERIES,Événements de la série « Jeux olympiques d’hiver » retenus dans le corpus V18.,tag:series-winter-olympics,,,TRUE,FALSE,,V18.1,CURATED_CORPUS
COL-0089,series-fifa-world-cup,Coupe du monde de football,GENERAL_CULTURE_SERIES,Événements de la série « Coupe du monde de football » retenus dans le corpus V18.,tag:series-fifa-world-cup,,,TRUE,FALSE,,V18.1,CURATED_CORPUS
COL-0090,series-uefa-euro,Championnat d’Europe de football,GENERAL_CULTURE_SERIES,Événements de la série « Championnat d’Europe de football » retenus dans le corpus V18.,tag:series-uefa-euro,,,TRUE,FALSE,,V18.1,CURATED_CORPUS
COL-0091,series-rugby-world-cup,Coupe du monde de rugby,GENERAL_CULTURE_SERIES,Événements de la série « Coupe du monde de rugby » retenus dans le corpus V18.,tag:series-rugby-world-cup,,,TRUE,FALSE,,V18.1,CURATED_CORPUS
COL-0092,series-us-presidential-election,Élections présidentielles américaines,GENERAL_CULTURE_SERIES,Événements de la série « Élections présidentielles américaines » retenus dans le corpus V18.,tag:series-us-presidential-election,,,TRUE,FALSE,,V18.1,CURATED_CORPUS
COL-0093,series-fr-presidential,Élections présidentielles françaises,GENERAL_CULTURE_SERIES,Événements de la série « Élections présidentielles françaises » retenus dans le corpus V18.,tag:series-fr-presidential,,,TRUE,FALSE,,V18.1,CURATED_CORPUS
COL-0094,series-oscars,Oscars,GENERAL_CULTURE_SERIES,Événements de la série « Oscars » retenus dans le corpus V18.,tag:series-oscars,,,TRUE,FALSE,,V18.1,CURATED_CORPUS
COL-0095,series-formula-one,Formule 1,GENERAL_CULTURE_SERIES,Événements de la série « Formule 1 » retenus dans le corpus V18.,tag:series-formula-one,,,TRUE,FALSE,,V18.1,CURATED_CORPUS
COL-0096,series-tour-de-france,Tour de France,GENERAL_CULTURE_SERIES,Événements de la série « Tour de France » retenus dans le corpus V18.,tag:series-tour-de-france,,,TRUE,FALSE,,V18.1,CURATED_CORPUS
COL-0097,series-eurovision,Eurovision,GENERAL_CULTURE_SERIES,Événements de la série « Eurovision » retenus dans le corpus V18.,tag:series-eurovision,,,TRUE,FALSE,,V18.1,CURATED_CORPUS
COL-0098,series-grammys,Grammy Awards,GENERAL_CULTURE_SERIES,Événements de la série « Grammy Awards » retenus dans le corpus V18.,tag:series-grammys,,,TRUE,FALSE,,V18.1,CURATED_CORPUS
COL-0099,series-cesar,César,GENERAL_CULTURE_SERIES,Événements de la série « César » retenus dans le corpus V18.,tag:series-cesar,,,TRUE,FALSE,,V18.1,CURATED_CORPUS
COL-0100,series-berlinale,Berlinale,GENERAL_CULTURE_SERIES,Événements de la série « Berlinale » retenus dans le corpus V18.,tag:series-berlinale,,,TRUE,FALSE,,V18.1,CURATED_CORPUS
COL-0101,series-golden-globes,Golden Globes,GENERAL_CULTURE_SERIES,Événements de la série « Golden Globes » retenus dans le corpus V18.,tag:series-golden-globes,,,TRUE,FALSE,,V18.1,CURATED_CORPUS
COL-0102,series-bafta,BAFTA Film Awards,GENERAL_CULTURE_SERIES,Événements de la série « BAFTA Film Awards » retenus dans le corpus V18.,tag:series-bafta,,,TRUE,FALSE,,V18.1,CURATED_CORPUS
COL-0103,series-super-bowl,Super Bowl,GENERAL_CULTURE_SERIES,Événements de la série « Super Bowl » retenus dans le corpus V18.,tag:series-super-bowl,,,TRUE,FALSE,,V18.1,CURATED_CORPUS
COL-0104,series-wimbledon,Wimbledon,GENERAL_CULTURE_SERIES,Événements de la série « Wimbledon » retenus dans le corpus V18.,tag:series-wimbledon,,,TRUE,FALSE,,V18.1,CURATED_CORPUS
