event_id,title_canonical,date_text_final,date_status_final,date_action,direct_source_action,semantic_action,semantic_review_after,source_status_final,blocking_issue,notes
EVT-0368,Construction de la grande pyramide de Gizeh,vers 2560 av. J.-C. ; le début du chantier est estimé entre 2600 et 2550 av. J.-C.,APPROXIMATE,CORRECTED_OR_REFINED,DIRECT_SOURCE_ADDED,HIGH_TAGS_AUDITED,FALSE,SUPPORTED_B,,La construction ne possède pas une année de départ attestée : les estimations situent le début entre 2600 et 2550 av. J.-C.
EVT-0369,Code de Hammurabi,vers 1750 av. J.-C.,APPROXIMATE,CORRECTED_OR_REFINED,DIRECT_SOURCE_ADDED,HIGH_TAGS_AUDITED,FALSE,SUPPORTED_B,,La datation usuelle est environ 1750 av. J.-C. ; éviter une fausse plage 1755-1750.
EVT-0370,Unification de la Chine par Qin Shi Huang,221 av. J.-C.,EXACT,VALIDATED_NO_CHANGE,V13_SOURCE_RETAINED,HIGH_TAGS_AUDITED,FALSE,SUPPORTED_B,,
EVT-0371,Départ de Zhang Qian vers l’Asie centrale,138 av. J.-C.,EXACT,VALIDATED_NO_CHANGE,V13_SOURCE_RETAINED,HIGH_TAGS_AUDITED,FALSE,SUPPORTED_B,,
EVT-0372,Réformes de Clisthène à Athènes,508/507 av. J.-C.,CONVENTIONAL,VALIDATED_NO_CHANGE,V13_SOURCE_RETAINED,HIGH_TAGS_AUDITED,FALSE,SUPPORTED_B,,
EVT-0373,Bataille de Marathon,490 av. J.-C.,EXACT,VALIDATED_NO_CHANGE,V13_SOURCE_RETAINED,HIGH_TAGS_AUDITED,FALSE,SUPPORTED_B,,
EVT-0374,Bataille de Salamine,480 av. J.-C.,EXACT,VALIDATED_NO_CHANGE,V13_SOURCE_RETAINED,HIGH_TAGS_AUDITED,FALSE,SUPPORTED_B,,
EVT-0375,Création de la ligue de Délos,478 av. J.-C.,EXACT,VALIDATED_NO_CHANGE,DIRECT_SOURCE_ADDED,HIGH_TAGS_AUDITED,FALSE,SUPPORTED_B,,
EVT-0376,Guerre du Péloponnèse,431-404 av. J.-C.,EXACT,VALIDATED_NO_CHANGE,V13_SOURCE_RETAINED,HIGH_TAGS_AUDITED,FALSE,SUPPORTED_B,,
EVT-0377,Mort de Socrate,399 av. J.-C.,EXACT,VALIDATED_NO_CHANGE,V13_SOURCE_RETAINED,HIGH_TAGS_AUDITED,FALSE,SUPPORTED_B,,
EVT-0378,Alexandre devient roi de Macédoine,336 av. J.-C.,EXACT,VALIDATED_NO_CHANGE,V13_SOURCE_RETAINED,HIGH_TAGS_AUDITED,FALSE,SUPPORTED_B,,
EVT-0379,Bataille d’Issos,333 av. J.-C.,EXACT,VALIDATED_NO_CHANGE,V13_SOURCE_RETAINED,HIGH_TAGS_AUDITED,FALSE,SUPPORTED_B,,
EVT-0380,Bataille de Gaugamèles,331 av. J.-C.,EXACT,VALIDATED_NO_CHANGE,V13_SOURCE_RETAINED,HIGH_TAGS_AUDITED,FALSE,SUPPORTED_B,,
EVT-0381,Mort d’Alexandre le Grand,323 av. J.-C.,EXACT,VALIDATED_NO_CHANGE,V13_SOURCE_RETAINED,HIGH_TAGS_AUDITED,FALSE,SUPPORTED_B,,
EVT-0382,Fondation traditionnelle de la République romaine,509 av. J.-C.,TRADITIONAL,VALIDATED_NO_CHANGE,V13_SOURCE_RETAINED,HIGH_TAGS_AUDITED,FALSE,SUPPORTED_B,,
EVT-0383,Première guerre punique,264-241 av. J.-C.,EXACT,VALIDATED_NO_CHANGE,V13_SOURCE_RETAINED,HIGH_TAGS_AUDITED,FALSE,SUPPORTED_B,,
EVT-0384,Destruction de Carthage par Rome,146 av. J.-C.,EXACT,VALIDATED_NO_CHANGE,V13_SOURCE_RETAINED,HIGH_TAGS_AUDITED,FALSE,SUPPORTED_B,,
EVT-0385,Jules César franchit le Rubicon,10 janvier 49 av. J.-C.,EXACT,VALIDATED_NO_CHANGE,V13_SOURCE_RETAINED,HIGH_TAGS_AUDITED,FALSE,SUPPORTED_B,,
EVT-0386,Assassinat de Jules César,15 mars 44 av. J.-C.,EXACT,VALIDATED_NO_CHANGE,V13_SOURCE_RETAINED,HIGH_TAGS_AUDITED,FALSE,SUPPORTED_B,,
EVT-0387,Bataille d’Actium,2 septembre 31 av. J.-C.,EXACT,VALIDATED_NO_CHANGE,V13_SOURCE_RETAINED,HIGH_TAGS_AUDITED,FALSE,SUPPORTED_B,,
EVT-0388,Accord traditionnellement appelé « édit de Milan »,février 313 — accord de Milan ; 13 juin 313 — circulaire de Licinius affichée à Nicomédie,CONVENTIONAL,CORRECTED_OR_REFINED,DIRECT_SOURCE_ADDED,HIGH_TAGS_AUDITED,FALSE,SUPPORTED_B,,« Édit de Milan » est une appellation traditionnelle : l’accord est conclu en février 313 et la circulaire conservée est affichée le 13 juin.
EVT-0389,Concile d’Éphèse,22 juin-31 juillet 431,EXACT,VALIDATED_NO_CHANGE,V13_SOURCE_RETAINED,HIGH_TAGS_AUDITED,FALSE,SUPPORTED_B,,
EVT-0390,Sac de Rome par Alaric,24 août 410,EXACT,VALIDATED_NO_CHANGE,V13_SOURCE_RETAINED,HIGH_TAGS_AUDITED,FALSE,SUPPORTED_B,,
EVT-0391,Concile de Chalcédoine,8 octobre-1er novembre 451,EXACT,VALIDATED_NO_CHANGE,V13_SOURCE_RETAINED,HIGH_TAGS_AUDITED,FALSE,SUPPORTED_B,,
EVT-0392,Fin de la dynastie Han,220,EXACT,VALIDATED_NO_CHANGE,V13_SOURCE_RETAINED,HIGH_TAGS_AUDITED,FALSE,SUPPORTED_B,,
EVT-0393,Bataille de Vouillé,printemps 507,APPROXIMATE,CORRECTED_OR_REFINED,DIRECT_SOURCE_ADDED,HIGH_TAGS_AUDITED,FALSE,SUPPORTED_B,,"Le printemps 507 est une datation saisonnière, pas une année EXACT au sens strict."
EVT-0394,Prise de Pavie par Charlemagne et fin du royaume lombard,774,EXACT,VALIDATED_NO_CHANGE,V13_SOURCE_RETAINED,HIGH_TAGS_AUDITED,FALSE,SUPPORTED_B,,
EVT-0395,Bataille de Poitiers,"732 ; date conventionnelle, parfois 733",CONVENTIONAL,VALIDATED_NO_CHANGE,V13_SOURCE_RETAINED,HIGH_TAGS_AUDITED,FALSE,SUPPORTED_B,,
EVT-0396,Traité de Saint-Clair-sur-Epte,automne 911,APPROXIMATE,CORRECTED_OR_REFINED,DIRECT_SOURCE_ADDED,HIGH_TAGS_AUDITED,FALSE,SUPPORTED_B,,La source directe situe le traité à l’automne 911.
EVT-0397,Couronnement impérial d’Otton Ier,2 février 962,EXACT,VALIDATED_NO_CHANGE,V13_SOURCE_RETAINED,HIGH_TAGS_AUDITED,FALSE,SUPPORTED_B,,
EVT-0398,Bataille d’Hastings,14 octobre 1066,EXACT,VALIDATED_NO_CHANGE,V13_SOURCE_RETAINED,HIGH_TAGS_AUDITED,FALSE,SUPPORTED_B,,
EVT-0399,Appel à la première croisade au concile de Clermont,27 novembre 1095,EXACT,VALIDATED_NO_CHANGE,V13_SOURCE_RETAINED,HIGH_TAGS_AUDITED,FALSE,SUPPORTED_B,,
EVT-0400,Bataille de Manzikert,26 août 1071,EXACT,VALIDATED_NO_CHANGE,V13_SOURCE_RETAINED,HIGH_TAGS_AUDITED,FALSE,SUPPORTED_B,,
EVT-0401,Magna Carta,15 juin 1215,EXACT,VALIDATED_NO_CHANGE,V13_SOURCE_RETAINED,HIGH_TAGS_AUDITED,FALSE,SUPPORTED_B,,
EVT-0402,Quatrième concile du Latran,11-30 novembre 1215,EXACT,VALIDATED_NO_CHANGE,V13_SOURCE_RETAINED,HIGH_TAGS_AUDITED,FALSE,SUPPORTED_B,,
EVT-0403,Proclamation de Temüjin comme Gengis Khan,1206,EXACT,VALIDATED_NO_CHANGE,V13_SOURCE_RETAINED,HIGH_TAGS_AUDITED,FALSE,SUPPORTED_B,,
EVT-0404,Départ de Marco Polo vers l’Asie,1271,EXACT,VALIDATED_NO_CHANGE,V13_SOURCE_RETAINED,HIGH_TAGS_AUDITED,FALSE,SUPPORTED_B,,
EVT-0405,Retour de Marco Polo à Venise,1295,EXACT,VALIDATED_NO_CHANGE,V13_SOURCE_RETAINED,HIGH_TAGS_AUDITED,FALSE,SUPPORTED_B,,
EVT-0406,Bataille de Crécy,26 août 1346,EXACT,VALIDATED_NO_CHANGE,V13_SOURCE_RETAINED,HIGH_TAGS_AUDITED,FALSE,SUPPORTED_B,,
EVT-0407,Bataille de Poitiers de 1356,19 septembre 1356,EXACT,VALIDATED_NO_CHANGE,V13_SOURCE_RETAINED,HIGH_TAGS_AUDITED,FALSE,SUPPORTED_B,,
EVT-0408,Grande Jacquerie,28 mai-10 juin 1358,EXACT,VALIDATED_NO_CHANGE,V13_SOURCE_RETAINED,HIGH_TAGS_AUDITED,FALSE,SUPPORTED_B,,
EVT-0409,Début du Grand Schisme d’Occident,20 septembre 1378,EXACT,VALIDATED_NO_CHANGE,V13_SOURCE_RETAINED,HIGH_TAGS_AUDITED,FALSE,SUPPORTED_B,,
EVT-0410,Bataille d’Azincourt,25 octobre 1415,EXACT,VALIDATED_NO_CHANGE,V13_SOURCE_RETAINED,HIGH_TAGS_AUDITED,FALSE,SUPPORTED_B,,
EVT-0411,Levée du siège d’Orléans par Jeanne d’Arc,8 mai 1429,EXACT,VALIDATED_NO_CHANGE,V13_SOURCE_RETAINED,HIGH_TAGS_AUDITED,FALSE,SUPPORTED_B,,
EVT-0412,Sacre de Charles VII à Reims,17 juillet 1429,EXACT,VALIDATED_NO_CHANGE,V13_SOURCE_RETAINED,HIGH_TAGS_AUDITED,FALSE,SUPPORTED_B,,
EVT-0413,Exécution de Jeanne d’Arc,30 mai 1431,EXACT,VALIDATED_NO_CHANGE,V13_SOURCE_RETAINED,HIGH_TAGS_AUDITED,FALSE,SUPPORTED_B,,
EVT-0414,Impression de la Bible de Gutenberg,vers 1455,APPROXIMATE,VALIDATED_NO_CHANGE,DIRECT_SOURCE_ADDED,HIGH_TAGS_AUDITED,FALSE,SUPPORTED_B,,
EVT-0415,Mariage d’Isabelle de Castille et Ferdinand d’Aragon,19 octobre 1469,EXACT,VALIDATED_NO_CHANGE,V13_SOURCE_RETAINED,HIGH_TAGS_AUDITED,FALSE,SUPPORTED_B,,
EVT-0416,Création de l’Inquisition espagnole,1er novembre 1478,EXACT,VALIDATED_NO_CHANGE,V13_SOURCE_RETAINED,HIGH_TAGS_AUDITED,FALSE,SUPPORTED_B,,
EVT-0417,Prise de Grenade par les Rois Catholiques,2 janvier 1492,EXACT,VALIDATED_NO_CHANGE,V13_SOURCE_RETAINED,HIGH_TAGS_AUDITED,FALSE,SUPPORTED_B,,
EVT-0418,Traité de Tordesillas,7 juin 1494,EXACT,VALIDATED_NO_CHANGE,V13_SOURCE_RETAINED,HIGH_TAGS_AUDITED,FALSE,SUPPORTED_B,,
EVT-0419,Vasco de Gama atteint Calicut,20 mai 1498,EXACT,VALIDATED_NO_CHANGE,V13_SOURCE_RETAINED,HIGH_TAGS_AUDITED,FALSE,SUPPORTED_B,,
EVT-0420,Publication de De revolutionibus de Copernic,1543,EXACT,VALIDATED_NO_CHANGE,V13_SOURCE_RETAINED,HIGH_TAGS_AUDITED,FALSE,SUPPORTED_B,,
EVT-0421,Paix d’Augsbourg,25 septembre 1555,EXACT,VALIDATED_NO_CHANGE,V13_SOURCE_RETAINED,HIGH_TAGS_AUDITED,FALSE,SUPPORTED_B,,
EVT-0422,Massacre de la Saint-Barthélemy,24 août 1572,EXACT,VALIDATED_NO_CHANGE,V13_SOURCE_RETAINED,HIGH_TAGS_AUDITED,FALSE,SUPPORTED_B,,
EVT-0423,Union des Couronnes d’Angleterre et d’Écosse,24 mars 1603,EXACT,VALIDATED_NO_CHANGE,V13_SOURCE_RETAINED,HIGH_TAGS_AUDITED,FALSE,SUPPORTED_B,,
EVT-0424,Fondation de Jamestown,14 mai 1607,EXACT,VALIDATED_NO_CHANGE,V13_SOURCE_RETAINED,HIGH_TAGS_AUDITED,FALSE,SUPPORTED_B,,
EVT-0425,Mayflower Compact,11 novembre 1620 julien ; 21 novembre 1620 grégorien,EXACT,VALIDATED_NO_CHANGE,V13_SOURCE_RETAINED,HIGH_TAGS_AUDITED,FALSE,SUPPORTED_B,,
EVT-0426,Guerre de Trente Ans,23 mai 1618-24 octobre 1648,EXACT,VALIDATED_NO_CHANGE,V13_SOURCE_RETAINED,HIGH_TAGS_AUDITED,FALSE,SUPPORTED_B,,
EVT-0427,Début de la guerre civile anglaise,22 août 1642,EXACT,VALIDATED_NO_CHANGE,V13_SOURCE_RETAINED,HIGH_TAGS_AUDITED,FALSE,SUPPORTED_B,,
EVT-0428,Exécution de Charles Ier d’Angleterre,30 janvier 1649,EXACT,VALIDATED_NO_CHANGE,V13_SOURCE_RETAINED,HIGH_TAGS_AUDITED,FALSE,SUPPORTED_B,,
EVT-0429,Glorieuse Révolution,1688-1689,CONVENTIONAL,CORRECTED_OR_REFINED,DIRECT_SOURCE_ADDED,HIGH_TAGS_AUDITED,FALSE,SUPPORTED_B,,"La Glorieuse Révolution est conventionnellement datée 1688-1689, pas seulement novembre-décembre 1688."
EVT-0430,Fondation de Saint-Pétersbourg,27 mai 1703,EXACT,VALIDATED_NO_CHANGE,V13_SOURCE_RETAINED,HIGH_TAGS_AUDITED,FALSE,SUPPORTED_B,,
EVT-0431,Guerre de Sept Ans,1756-1763,EXACT,VALIDATED_NO_CHANGE,V13_SOURCE_RETAINED,HIGH_TAGS_AUDITED,FALSE,SUPPORTED_B,,
EVT-0432,Publication du Contrat social de Rousseau,1762,EXACT,VALIDATED_NO_CHANGE,V13_SOURCE_RETAINED,HIGH_TAGS_AUDITED,FALSE,SUPPORTED_B,,
EVT-0433,Boston Tea Party,16 décembre 1773,EXACT,VALIDATED_NO_CHANGE,V13_SOURCE_RETAINED,HIGH_TAGS_AUDITED,FALSE,SUPPORTED_B,,
EVT-0434,Déclaration d’indépendance des États-Unis,4 juillet 1776,EXACT,VALIDATED_NO_CHANGE,V13_SOURCE_RETAINED,HIGH_TAGS_AUDITED,FALSE,SUPPORTED_B,,
EVT-0435,Capitulation britannique à Saratoga,17 octobre 1777,EXACT,VALIDATED_NO_CHANGE,V13_SOURCE_RETAINED,HIGH_TAGS_AUDITED,FALSE,SUPPORTED_B,,
EVT-0436,Capitulation britannique à Yorktown,19 octobre 1781,EXACT,VALIDATED_NO_CHANGE,V13_SOURCE_RETAINED,HIGH_TAGS_AUDITED,FALSE,SUPPORTED_B,,
EVT-0437,Traité de Paris mettant fin à la guerre d’indépendance américaine,3 septembre 1783,EXACT,VALIDATED_NO_CHANGE,V13_SOURCE_RETAINED,HIGH_TAGS_AUDITED,FALSE,SUPPORTED_B,,
EVT-0438,Signature de la Constitution des États-Unis,17 septembre 1787,EXACT,VALIDATED_NO_CHANGE,V13_SOURCE_RETAINED,HIGH_TAGS_AUDITED,FALSE,SUPPORTED_B,,
EVT-0439,Début de l’insurrection des esclaves de Saint-Domingue,22 août 1791,EXACT,VALIDATED_NO_CHANGE,V13_SOURCE_RETAINED,HIGH_TAGS_AUDITED,FALSE,SUPPORTED_B,,
EVT-0440,Abolition de la monarchie en France,21 septembre 1792,EXACT,VALIDATED_NO_CHANGE,V13_SOURCE_RETAINED,HIGH_TAGS_AUDITED,FALSE,SUPPORTED_B,,
EVT-0441,Bataille de Valmy,20 septembre 1792,EXACT,VALIDATED_NO_CHANGE,V13_SOURCE_RETAINED,HIGH_TAGS_AUDITED,FALSE,SUPPORTED_B,,
EVT-0442,Proclamation de la Première République française,22 septembre 1792,EXACT,VALIDATED_NO_CHANGE,V13_SOURCE_RETAINED,HIGH_TAGS_AUDITED,FALSE,SUPPORTED_B,,
EVT-0443,Exécution de Marie-Antoinette,16 octobre 1793,EXACT,VALIDATED_NO_CHANGE,V13_SOURCE_RETAINED,HIGH_TAGS_AUDITED,FALSE,SUPPORTED_B,,
EVT-0444,Chute de Robespierre,27 juillet 1794,EXACT,VALIDATED_NO_CHANGE,V13_SOURCE_RETAINED,HIGH_TAGS_AUDITED,FALSE,SUPPORTED_B,,
EVT-0445,Mise en place du Directoire,2 novembre 1795,EXACT,VALIDATED_NO_CHANGE,V13_SOURCE_RETAINED,HIGH_TAGS_AUDITED,FALSE,SUPPORTED_B,,
EVT-0446,Coup d’État du 18 Brumaire,9 novembre 1799,EXACT,VALIDATED_NO_CHANGE,V13_SOURCE_RETAINED,HIGH_TAGS_AUDITED,FALSE,SUPPORTED_B,,
EVT-0447,Indépendance d’Haïti,1er janvier 1804,EXACT,VALIDATED_NO_CHANGE,V13_SOURCE_RETAINED,HIGH_TAGS_AUDITED,FALSE,SUPPORTED_B,,
EVT-0448,Bataille de Waterloo,18 juin 1815,EXACT,VALIDATED_NO_CHANGE,V13_SOURCE_RETAINED,HIGH_TAGS_AUDITED,FALSE,SUPPORTED_B,,
EVT-0449,Début conventionnel de la guerre d’indépendance grecque,25 mars 1821,CONVENTIONAL,VALIDATED_NO_CHANGE,DIRECT_SOURCE_ADDED,HIGH_TAGS_AUDITED,FALSE,SUPPORTED_B,,
EVT-0450,Reconnaissance internationale du royaume de Grèce,21 juillet 1832,EXACT,VALIDATED_NO_CHANGE,V13_SOURCE_RETAINED,HIGH_TAGS_AUDITED,FALSE,SUPPORTED_B,,
EVT-0451,Début de la révolution belge,25 août 1830,EXACT,VALIDATED_NO_CHANGE,V13_SOURCE_RETAINED,HIGH_TAGS_AUDITED,FALSE,SUPPORTED_B,,
EVT-0452,Proclamation de l’indépendance belge,4 octobre 1830,EXACT,VALIDATED_NO_CHANGE,V13_SOURCE_RETAINED,HIGH_TAGS_AUDITED,FALSE,SUPPORTED_B,,
EVT-0453,Première révolte des canuts,21-24 novembre 1831,EXACT,VALIDATED_NO_CHANGE,V13_SOURCE_RETAINED,HIGH_TAGS_AUDITED,FALSE,SUPPORTED_B,,
EVT-0454,Reform Act britannique de 1832,7 juin 1832,EXACT,VALIDATED_NO_CHANGE,V13_SOURCE_RETAINED,HIGH_TAGS_AUDITED,FALSE,SUPPORTED_B,,
EVT-0455,Sanction royale du Slavery Abolition Act 1833,28 août 1833,EXACT,CORRECTED_OR_REFINED,DIRECT_SOURCE_ADDED,HIGH_TAGS_AUDITED,FALSE,CERTIFIED_A,,Le 28 août 1833 correspond à la sanction royale ; l’entrée en vigueur principale intervient le 1er août 1834.
EVT-0456,Premier message télégraphique de Morse,24 mai 1844,EXACT,VALIDATED_NO_CHANGE,V13_SOURCE_RETAINED,HIGH_TAGS_AUDITED,FALSE,SUPPORTED_B,,
EVT-0457,Grande famine irlandaise,1845-1852,CONVENTIONAL,VALIDATED_NO_CHANGE,V13_SOURCE_RETAINED,HIGH_TAGS_AUDITED,FALSE,SUPPORTED_B,,
EVT-0458,Journées de Juin 1848,23-26 juin 1848,EXACT,VALIDATED_NO_CHANGE,V13_SOURCE_RETAINED,HIGH_TAGS_AUDITED,FALSE,SUPPORTED_B,,
EVT-0459,Coup d’État de Louis-Napoléon Bonaparte,2 décembre 1851,EXACT,VALIDATED_NO_CHANGE,V13_SOURCE_RETAINED,HIGH_TAGS_AUDITED,FALSE,SUPPORTED_B,,
EVT-0460,Proclamation du Second Empire,2 décembre 1852,EXACT,VALIDATED_NO_CHANGE,V13_SOURCE_RETAINED,HIGH_TAGS_AUDITED,FALSE,SUPPORTED_B,,
EVT-0461,Guerre de Crimée,16 octobre 1853-30 mars 1856,CONVENTIONAL,VALIDATED_NO_CHANGE,V13_SOURCE_RETAINED,HIGH_TAGS_AUDITED,FALSE,SUPPORTED_B,,
EVT-0462,Traité de Paris mettant fin à la guerre de Crimée,30 mars 1856,EXACT,VALIDATED_NO_CHANGE,V13_SOURCE_RETAINED,HIGH_TAGS_AUDITED,FALSE,SUPPORTED_B,,
EVT-0463,Début de la révolte des Cipayes,10 mai 1857,EXACT,VALIDATED_NO_CHANGE,V13_SOURCE_RETAINED,HIGH_TAGS_AUDITED,FALSE,SUPPORTED_B,,
EVT-0464,Premier message télégraphique transatlantique officiel par câble,16 août 1858,EXACT,CORRECTED_OR_REFINED,DIRECT_SOURCE_ADDED,HIGH_TAGS_AUDITED,FALSE,CERTIFIED_A,,Le 16 août 1858 correspond au premier échange officiel ; qualifier le câble lui-même d’« opérationnel » était trompeur car il cessa de fonctionner après quelques semaines.
EVT-0465,Proclamation du royaume d’Italie,17 mars 1861,EXACT,VALIDATED_NO_CHANGE,V13_SOURCE_RETAINED,HIGH_TAGS_AUDITED,FALSE,SUPPORTED_B,,
EVT-0466,Guerre de Sécession,12 avril 1861-9 avril 1865,CONVENTIONAL,VALIDATED_NO_CHANGE,V13_SOURCE_RETAINED,HIGH_TAGS_AUDITED,FALSE,SUPPORTED_B,,
EVT-0467,Entrée en vigueur de la Proclamation d’émancipation,1er janvier 1863,EXACT,VALIDATED_NO_CHANGE,V13_SOURCE_RETAINED,HIGH_TAGS_AUDITED,FALSE,SUPPORTED_B,,
EVT-0468,Bataille de Gettysburg,1er-3 juillet 1863,EXACT,VALIDATED_NO_CHANGE,V13_SOURCE_RETAINED,HIGH_TAGS_AUDITED,FALSE,SUPPORTED_B,,
EVT-0469,Fondation de la Première Internationale,28 septembre 1864,EXACT,VALIDATED_NO_CHANGE,V13_SOURCE_RETAINED,HIGH_TAGS_AUDITED,FALSE,SUPPORTED_B,,
EVT-0470,Première Convention de Genève,22 août 1864,EXACT,VALIDATED_NO_CHANGE,V13_SOURCE_RETAINED,HIGH_TAGS_AUDITED,FALSE,SUPPORTED_B,,
EVT-0471,Ouverture du canal de Suez,17 novembre 1869,EXACT,VALIDATED_NO_CHANGE,V13_SOURCE_RETAINED,HIGH_TAGS_AUDITED,FALSE,SUPPORTED_B,,
EVT-0472,Guerre franco-prussienne,19 juillet 1870-10 mai 1871,EXACT,VALIDATED_NO_CHANGE,V13_SOURCE_RETAINED,HIGH_TAGS_AUDITED,FALSE,SUPPORTED_B,,
EVT-0473,Défaite française à Sedan,2 septembre 1870,EXACT,VALIDATED_NO_CHANGE,V13_SOURCE_RETAINED,HIGH_TAGS_AUDITED,FALSE,SUPPORTED_B,,
EVT-0474,Traité de Francfort,10 mai 1871,EXACT,VALIDATED_NO_CHANGE,V13_SOURCE_RETAINED,HIGH_TAGS_AUDITED,FALSE,SUPPORTED_B,,
EVT-0475,Crise de Fachoda,10 juillet-3 novembre 1898,EXACT,CORRECTED_OR_REFINED,DIRECT_SOURCE_ADDED,HIGH_TAGS_AUDITED,FALSE,SUPPORTED_B,,La chronologie directe de l’incident de Fachoda couvre le 10 juillet au 3 novembre 1898.
EVT-0476,Loi Waldeck-Rousseau autorisant les syndicats professionnels,21 mars 1884,EXACT,VALIDATED_NO_CHANGE,V13_SOURCE_RETAINED,HIGH_TAGS_AUDITED,FALSE,SUPPORTED_B,,
EVT-0477,Inauguration de la tour Eiffel,31 mars 1889,EXACT,VALIDATED_NO_CHANGE,V13_SOURCE_RETAINED,HIGH_TAGS_AUDITED,FALSE,SUPPORTED_B,,
EVT-0478,Assassinat de François-Ferdinand à Sarajevo,28 juin 1914,EXACT,VALIDATED_NO_CHANGE,V13_SOURCE_RETAINED,HIGH_TAGS_AUDITED,FALSE,SUPPORTED_B,,
EVT-0479,Déclaration de guerre de l’Allemagne à la Russie,1er août 1914,EXACT,VALIDATED_NO_CHANGE,V13_SOURCE_RETAINED,HIGH_TAGS_AUDITED,FALSE,SUPPORTED_B,,
EVT-0480,Déclaration de guerre de l’Allemagne à la France,3 août 1914,EXACT,VALIDATED_NO_CHANGE,V13_SOURCE_RETAINED,HIGH_TAGS_AUDITED,FALSE,SUPPORTED_B,,
EVT-0481,Entrée en guerre du Royaume-Uni contre l’Allemagne,4 août 1914,EXACT,VALIDATED_NO_CHANGE,V13_SOURCE_RETAINED,HIGH_TAGS_AUDITED,FALSE,SUPPORTED_B,,
EVT-0482,Bataille de Verdun,21 février-18 décembre 1916,EXACT,VALIDATED_NO_CHANGE,V13_SOURCE_RETAINED,HIGH_TAGS_AUDITED,FALSE,SUPPORTED_B,,
EVT-0483,Entrée en guerre des États-Unis dans la Première Guerre mondiale,6 avril 1917,EXACT,VALIDATED_NO_CHANGE,V13_SOURCE_RETAINED,HIGH_TAGS_AUDITED,FALSE,SUPPORTED_B,,
EVT-0484,Prise du pouvoir par les bolcheviks lors de la révolution d’Octobre,7 novembre 1917,EXACT,VALIDATED_NO_CHANGE,V13_SOURCE_RETAINED,HIGH_TAGS_AUDITED,FALSE,SUPPORTED_B,,
EVT-0485,Traité de Brest-Litovsk,3 mars 1918,EXACT,VALIDATED_NO_CHANGE,V13_SOURCE_RETAINED,HIGH_TAGS_AUDITED,FALSE,SUPPORTED_B,,
EVT-0486,Ouverture de la conférence de la paix de Paris,18 janvier 1919,EXACT,VALIDATED_NO_CHANGE,V13_SOURCE_RETAINED,HIGH_TAGS_AUDITED,FALSE,SUPPORTED_B,,
EVT-0487,Entrée en vigueur du pacte de la Société des Nations,10 janvier 1920,EXACT,VALIDATED_NO_CHANGE,V13_SOURCE_RETAINED,HIGH_TAGS_AUDITED,FALSE,SUPPORTED_B,,
EVT-0488,Marche sur Rome,28 octobre 1922,EXACT,VALIDATED_NO_CHANGE,V13_SOURCE_RETAINED,HIGH_TAGS_AUDITED,FALSE,SUPPORTED_B,,
EVT-0489,Début du mandat de Mussolini comme président du Conseil italien,31 octobre 1922,EXACT,CORRECTED_OR_REFINED,DIRECT_SOURCE_ADDED,HIGH_TAGS_AUDITED,FALSE,SUPPORTED_B,,Le 31 octobre correspond au début de mandat retenu par les listes institutionnelles/biographiques ; le processus de formation du gouvernement commence les 29-30 octobre.
EVT-0490,Putsch de la Brasserie,8-9 novembre 1923,EXACT,VALIDATED_NO_CHANGE,V13_SOURCE_RETAINED,HIGH_TAGS_AUDITED,FALSE,SUPPORTED_B,,
EVT-0491,Accords de Londres mettant en œuvre le plan Dawes,16 août 1924,EXACT,VALIDATED_NO_CHANGE,V13_SOURCE_RETAINED,HIGH_TAGS_AUDITED,FALSE,CERTIFIED_A,,
EVT-0492,Signature des traités de Locarno,1er décembre 1925,EXACT,VALIDATED_NO_CHANGE,V13_SOURCE_RETAINED,HIGH_TAGS_AUDITED,FALSE,SUPPORTED_B,,
EVT-0493,Pacte Briand-Kellogg,27 août 1928,EXACT,VALIDATED_NO_CHANGE,V13_SOURCE_RETAINED,HIGH_TAGS_AUDITED,FALSE,SUPPORTED_B,,
EVT-0494,Jeudi noir à Wall Street,24 octobre 1929,EXACT,VALIDATED_NO_CHANGE,V13_SOURCE_RETAINED,HIGH_TAGS_AUDITED,FALSE,SUPPORTED_B,,
EVT-0495,Mardi noir à Wall Street,29 octobre 1929,EXACT,VALIDATED_NO_CHANGE,V13_SOURCE_RETAINED,HIGH_TAGS_AUDITED,FALSE,SUPPORTED_B,,
EVT-0496,Marche du sel de Gandhi,12 mars-6 avril 1930,EXACT,VALIDATED_NO_CHANGE,V13_SOURCE_RETAINED,HIGH_TAGS_AUDITED,FALSE,SUPPORTED_B,,
EVT-0497,Hitler devient chancelier,30 janvier 1933,EXACT,VALIDATED_NO_CHANGE,V13_SOURCE_RETAINED,HIGH_TAGS_AUDITED,FALSE,SUPPORTED_B,,
EVT-0498,Incendie du Reichstag,27 février 1933,EXACT,VALIDATED_NO_CHANGE,V13_SOURCE_RETAINED,HIGH_TAGS_AUDITED,FALSE,SUPPORTED_B,,
EVT-0499,Vote de la loi des pleins pouvoirs en Allemagne,23 mars 1933,EXACT,VALIDATED_NO_CHANGE,V13_SOURCE_RETAINED,HIGH_TAGS_AUDITED,FALSE,SUPPORTED_B,,
EVT-0500,Nuit des Longs Couteaux,30 juin-2 juillet 1934,EXACT,VALIDATED_NO_CHANGE,V13_SOURCE_RETAINED,HIGH_TAGS_AUDITED,FALSE,SUPPORTED_B,,
EVT-0501,Lois de Nuremberg,15 septembre 1935,EXACT,VALIDATED_NO_CHANGE,V13_SOURCE_RETAINED,HIGH_TAGS_AUDITED,FALSE,SUPPORTED_B,,
EVT-0502,Guerre civile espagnole,17 juillet 1936-1er avril 1939,EXACT,VALIDATED_NO_CHANGE,V13_SOURCE_RETAINED,HIGH_TAGS_AUDITED,FALSE,SUPPORTED_B,,
EVT-0503,Bombardement de Guernica,26 avril 1937,EXACT,VALIDATED_NO_CHANGE,V13_SOURCE_RETAINED,HIGH_TAGS_AUDITED,FALSE,SUPPORTED_B,,
EVT-0504,Accords de Munich,30 septembre 1938,EXACT,VALIDATED_NO_CHANGE,V13_SOURCE_RETAINED,HIGH_TAGS_AUDITED,FALSE,SUPPORTED_B,,
EVT-0505,Pacte germano-soviétique,23 août 1939,EXACT,VALIDATED_NO_CHANGE,V13_SOURCE_RETAINED,HIGH_TAGS_AUDITED,FALSE,SUPPORTED_B,,
EVT-0506,Offensive allemande à l’Ouest,10 mai 1940,EXACT,VALIDATED_NO_CHANGE,V13_SOURCE_RETAINED,HIGH_TAGS_AUDITED,FALSE,SUPPORTED_B,,
EVT-0507,Évacuation de Dunkerque,26 mai-4 juin 1940,EXACT,VALIDATED_NO_CHANGE,V13_SOURCE_RETAINED,HIGH_TAGS_AUDITED,FALSE,SUPPORTED_B,,
EVT-0508,Entrée des troupes allemandes dans Paris,14 juin 1940,EXACT,VALIDATED_NO_CHANGE,V13_SOURCE_RETAINED,HIGH_TAGS_AUDITED,FALSE,SUPPORTED_B,,
EVT-0509,Bataille d’Angleterre,10 juillet-31 octobre 1940,EXACT,VALIDATED_NO_CHANGE,DIRECT_SOURCE_ADDED,HIGH_TAGS_AUDITED,FALSE,SUPPORTED_B,,
EVT-0510,Attaque de Pearl Harbor,7 décembre 1941,EXACT,VALIDATED_NO_CHANGE,V13_SOURCE_RETAINED,HIGH_TAGS_AUDITED,FALSE,SUPPORTED_B,,
EVT-0511,Conférence de Wannsee,20 janvier 1942,EXACT,VALIDATED_NO_CHANGE,V13_SOURCE_RETAINED,HIGH_TAGS_AUDITED,FALSE,SUPPORTED_B,,
EVT-0512,Bataille de Midway,4-7 juin 1942,EXACT,VALIDATED_NO_CHANGE,V13_SOURCE_RETAINED,HIGH_TAGS_AUDITED,FALSE,SUPPORTED_B,,
EVT-0513,Bataille de Stalingrad,23 août 1942-2 février 1943,EXACT,VALIDATED_NO_CHANGE,V13_SOURCE_RETAINED,HIGH_TAGS_AUDITED,FALSE,SUPPORTED_B,,
EVT-0514,Seconde bataille d’El-Alamein,23 octobre-11 novembre 1942,EXACT,VALIDATED_NO_CHANGE,V13_SOURCE_RETAINED,HIGH_TAGS_AUDITED,FALSE,SUPPORTED_B,,
EVT-0515,Débarquement allié en Sicile,10 juillet 1943,EXACT,VALIDATED_NO_CHANGE,V13_SOURCE_RETAINED,HIGH_TAGS_AUDITED,FALSE,SUPPORTED_B,,
EVT-0516,Annonce de l’armistice italien,8 septembre 1943,EXACT,VALIDATED_NO_CHANGE,V13_SOURCE_RETAINED,HIGH_TAGS_AUDITED,FALSE,SUPPORTED_B,,
EVT-0517,Conférence de Téhéran,28 novembre-1er décembre 1943,EXACT,VALIDATED_NO_CHANGE,V13_SOURCE_RETAINED,HIGH_TAGS_AUDITED,FALSE,SUPPORTED_B,,
EVT-0518,Libération du camp d’Auschwitz-Birkenau,27 janvier 1945,EXACT,VALIDATED_NO_CHANGE,V13_SOURCE_RETAINED,HIGH_TAGS_AUDITED,FALSE,SUPPORTED_B,,
EVT-0519,Conférence de Yalta,4-11 février 1945,EXACT,VALIDATED_NO_CHANGE,V13_SOURCE_RETAINED,HIGH_TAGS_AUDITED,FALSE,SUPPORTED_B,,
EVT-0520,Bombardement atomique d’Hiroshima,6 août 1945,EXACT,VALIDATED_NO_CHANGE,V13_SOURCE_RETAINED,HIGH_TAGS_AUDITED,FALSE,SUPPORTED_B,,
EVT-0521,Bombardement atomique de Nagasaki,9 août 1945,EXACT,VALIDATED_NO_CHANGE,V13_SOURCE_RETAINED,HIGH_TAGS_AUDITED,FALSE,SUPPORTED_B,,
EVT-0522,Indépendance de l’Inde,15 août 1947,EXACT,VALIDATED_NO_CHANGE,V13_SOURCE_RETAINED,HIGH_TAGS_AUDITED,FALSE,SUPPORTED_B,,
EVT-0523,Discours de Harvard lançant le plan Marshall,5 juin 1947,EXACT,VALIDATED_NO_CHANGE,V13_SOURCE_RETAINED,HIGH_TAGS_AUDITED,FALSE,SUPPORTED_B,,
EVT-0524,Signature du traité de l’Atlantique Nord,4 avril 1949,EXACT,VALIDATED_NO_CHANGE,V13_SOURCE_RETAINED,HIGH_TAGS_AUDITED,FALSE,SUPPORTED_B,,
EVT-0525,Proclamation de la République populaire de Chine,1er octobre 1949,EXACT,VALIDATED_NO_CHANGE,V13_SOURCE_RETAINED,HIGH_TAGS_AUDITED,FALSE,SUPPORTED_B,,
EVT-0526,Conférence de Bandung,18-24 avril 1955,EXACT,VALIDATED_NO_CHANGE,V13_SOURCE_RETAINED,HIGH_TAGS_AUDITED,FALSE,SUPPORTED_B,,
EVT-0527,Création du pacte de Varsovie,14 mai 1955,EXACT,VALIDATED_NO_CHANGE,V13_SOURCE_RETAINED,HIGH_TAGS_AUDITED,FALSE,SUPPORTED_B,,
EVT-0528,Crise du canal de Suez,29 octobre-7 novembre 1956,EXACT,VALIDATED_NO_CHANGE,V13_SOURCE_RETAINED,HIGH_TAGS_AUDITED,FALSE,SUPPORTED_B,,
EVT-0529,Victoire de la révolution cubaine,1er janvier 1959,EXACT,VALIDATED_NO_CHANGE,V13_SOURCE_RETAINED,HIGH_TAGS_AUDITED,FALSE,SUPPORTED_B,,
EVT-0530,Début de la guerre d’Algérie,1er novembre 1954,EXACT,VALIDATED_NO_CHANGE,V13_SOURCE_RETAINED,HIGH_TAGS_AUDITED,FALSE,SUPPORTED_B,,
EVT-0531,Élection de Charles de Gaulle à la présidence de la République,21 décembre 1958,EXACT,VALIDATED_NO_CHANGE,V13_SOURCE_RETAINED,HIGH_TAGS_AUDITED,FALSE,SUPPORTED_B,,
EVT-0532,Débarquement de la baie des Cochons,17-20 avril 1961,EXACT,VALIDATED_NO_CHANGE,V13_SOURCE_RETAINED,HIGH_TAGS_AUDITED,FALSE,SUPPORTED_B,,
EVT-0533,Crise des missiles de Cuba,16-28 octobre 1962,EXACT,VALIDATED_NO_CHANGE,V13_SOURCE_RETAINED,HIGH_TAGS_AUDITED,FALSE,SUPPORTED_B,,
EVT-0534,Assassinat de John F. Kennedy,22 novembre 1963,EXACT,VALIDATED_NO_CHANGE,V13_SOURCE_RETAINED,HIGH_TAGS_AUDITED,FALSE,SUPPORTED_B,,
EVT-0535,Incident du golfe du Tonkin,2 août 1964 ; second incident allégué le 4 août,EXACT,VALIDATED_NO_CHANGE,V13_SOURCE_RETAINED,HIGH_TAGS_AUDITED,FALSE,SUPPORTED_B,,
EVT-0536,Printemps de Prague,5 janvier-21 août 1968,CONVENTIONAL,VALIDATED_NO_CHANGE,V13_SOURCE_RETAINED,HIGH_TAGS_AUDITED,FALSE,SUPPORTED_B,,
EVT-0537,Mai 68 en France,2 mai-23 juin 1968,CONVENTIONAL,VALIDATED_NO_CHANGE,V13_SOURCE_RETAINED,HIGH_TAGS_AUDITED,FALSE,SUPPORTED_B,,
EVT-0538,Ouverture à la signature du Traité sur la non-prolifération des armes nucléaires,1er juillet 1968,EXACT,VALIDATED_NO_CHANGE,V13_SOURCE_RETAINED,HIGH_TAGS_AUDITED,FALSE,SUPPORTED_B,,
EVT-0539,Démission de Charles de Gaulle,28 avril 1969,EXACT,VALIDATED_NO_CHANGE,V13_SOURCE_RETAINED,HIGH_TAGS_AUDITED,FALSE,SUPPORTED_B,,
EVT-0540,Signature de l’Acte final d’Helsinki,1er août 1975,EXACT,VALIDATED_NO_CHANGE,V13_SOURCE_RETAINED,HIGH_TAGS_AUDITED,FALSE,SUPPORTED_B,,
EVT-0541,Troisième plénum du XIe Comité central chinois et lancement des réformes de Deng Xiaoping,18-22 décembre 1978,EXACT,VALIDATED_NO_CHANGE,V13_SOURCE_RETAINED,HIGH_TAGS_AUDITED,FALSE,SUPPORTED_B,,
EVT-0542,Victoire de la révolution iranienne,11 février 1979,EXACT,VALIDATED_NO_CHANGE,V13_SOURCE_RETAINED,HIGH_TAGS_AUDITED,FALSE,SUPPORTED_B,,
EVT-0543,Début formel de l’invasion soviétique de l’Afghanistan,25 décembre 1979,EXACT,CORRECTED_OR_REFINED,DIRECT_SOURCE_ADDED,HIGH_TAGS_AUDITED,FALSE,SUPPORTED_B,,La source directe situe le début formel de l’invasion au 25 décembre 1979.
EVT-0544,Accords de Gdańsk et naissance de Solidarność,31 août 1980,EXACT,VALIDATED_NO_CHANGE,V13_SOURCE_RETAINED,HIGH_TAGS_AUDITED,FALSE,SUPPORTED_B,,
EVT-0545,Catastrophe nucléaire de Tchernobyl,26 avril 1986,EXACT,VALIDATED_NO_CHANGE,V13_SOURCE_RETAINED,HIGH_TAGS_AUDITED,FALSE,SUPPORTED_B,,
EVT-0546,Répression de la place Tian’anmen,4 juin 1989,EXACT,VALIDATED_NO_CHANGE,V13_SOURCE_RETAINED,HIGH_TAGS_AUDITED,FALSE,SUPPORTED_B,,
EVT-0547,Réunification allemande,3 octobre 1990,EXACT,VALIDATED_NO_CHANGE,V13_SOURCE_RETAINED,HIGH_TAGS_AUDITED,FALSE,SUPPORTED_B,,
EVT-0548,Entrée en vigueur principale du Slavery Abolition Act 1833,1er août 1834,EXACT,CORRECTED_OR_REFINED,DIRECT_SOURCE_ADDED,HIGH_TAGS_AUDITED,FALSE,CERTIFIED_A,,Legal acts are stored as distinct milestones.
