curriculum_object_id,link_candidate_id,school_year,level,program_scope,theme_id,theme,subsection,curriculum_status,curriculum_status_raw,date_status_raw,official_wording,event_title_candidate,date_text_candidate,object_type,resolution_action,date_question_policy,resolved_event_count,resolved_event_ids,resolution_notes,notes,section_path,source_line,link_id_v2,link_id_v3
COBJ-0001,LINK-0103,2026-2027,4e,Tronc commun,THM-013,"Thème 1 — Le XVIIIe siècle. Expansions, Lumières et révolutions",6.2.2 Repères Éduscol officiels,REPERE_EDUSCOL,REPERE_EDUSCOL,,années 1670-années 1750,essor de la traite atlantique occidentale,,PERIOD_OR_PROCESS,CREATE_AND_LINK,YEAR_OR_RANGE_ONLY,1,EVT-0346,Resolved by creating one or more canonical event/period records and linking them.,,"6. 4e — année scolaire 2026-2027 > 6.2 Thème 1 — Le XVIIIe siècle. Expansions, Lumières et révolutions > 6.2.2 Repères Éduscol officiels",988,LNK2-0103,LNK3-0103
COBJ-0002,LINK-0104,2026-2027,4e,Tronc commun,THM-013,"Thème 1 — Le XVIIIe siècle. Expansions, Lumières et révolutions",6.2.2 Repères Éduscol officiels,REPERE_EDUSCOL,REPERE_EDUSCOL,,1751-1772,parution de l'Encyclopédie,,DATED_EVENT,LINK_EXISTING,AUTO_ALLOWED,1,EVT-0166,Resolved by linking to existing canonical event(s).,,"6. 4e — année scolaire 2026-2027 > 6.2 Thème 1 — Le XVIIIe siècle. Expansions, Lumières et révolutions > 6.2.2 Repères Éduscol officiels",989,LNK2-0104,LNK3-0104
COBJ-0003,LINK-0105,2026-2027,4e,Tronc commun,THM-013,"Thème 1 — Le XVIIIe siècle. Expansions, Lumières et révolutions",6.2.2 Repères Éduscol officiels,REPERE_EDUSCOL,REPERE_EDUSCOL,,fin XVIIIe siècle,apogée de la traite atlantique,,PERIOD_OR_PROCESS,CREATE_AND_LINK,YEAR_OR_RANGE_ONLY,1,EVT-0347,Resolved by creating one or more canonical event/period records and linking them.,,"6. 4e — année scolaire 2026-2027 > 6.2 Thème 1 — Le XVIIIe siècle. Expansions, Lumières et révolutions > 6.2.2 Repères Éduscol officiels",990,LNK2-0105,LNK3-0105
COBJ-0004,LINK-0106,2026-2027,4e,Tronc commun,THM-013,"Thème 1 — Le XVIIIe siècle. Expansions, Lumières et révolutions",6.2.2 Repères Éduscol officiels,REPERE_EDUSCOL,REPERE_EDUSCOL,,1789,début de la Révolution française,,DATED_EVENT,CREATE_AND_LINK,AUTO_ALLOWED,5,EVT-0348;EVT-0334;EVT-0173;EVT-0174;EVT-0175,Resolved by creating one or more canonical event/period records and linking them.,,"6. 4e — année scolaire 2026-2027 > 6.2 Thème 1 — Le XVIIIe siècle. Expansions, Lumières et révolutions > 6.2.2 Repères Éduscol officiels",991,LNK2-0106,LNK3-0106
COBJ-0005,LINK-0107,2026-2027,4e,Tronc commun,THM-013,"Thème 1 — Le XVIIIe siècle. Expansions, Lumières et révolutions",6.2.2 Repères Éduscol officiels,REPERE_EDUSCOL,REPERE_EDUSCOL + QA,,1799-1814/1815,Napoléon Bonaparte au pouvoir,,PERIOD_OR_PROCESS,CREATE_AND_LINK,YEAR_OR_RANGE_ONLY,1,EVT-0349,Resolved by creating one or more canonical event/period records and linking them.,,"6. 4e — année scolaire 2026-2027 > 6.2 Thème 1 — Le XVIIIe siècle. Expansions, Lumières et révolutions > 6.2.2 Repères Éduscol officiels",992,LNK2-0107,LNK3-0107
COBJ-0006,LINK-0110,2026-2027,4e,Tronc commun,THM-014,Thème 2 — L'Europe et le monde au XIXe siècle,6.3.2 Repères Éduscol officiels,REPERE_EDUSCOL,,APPROXIMATE,dernier tiers du XVIIIe siècle : débuts de la révolution industrielle en Angleterre,PROCESS,,DATED_EVENT,LINK_EXISTING,AUTO_ALLOWED,1,EVT-0009,Resolved by linking to existing canonical event(s).,,6. 4e — année scolaire 2026-2027 > 6.3 Thème 2 — L'Europe et le monde au XIXe siècle > 6.3.2 Repères Éduscol officiels,1122,LNK2-0110,LNK3-0110
COBJ-0007,LINK-0111,2026-2027,4e,Tronc commun,THM-014,Thème 2 — L'Europe et le monde au XIXe siècle,6.3.2 Repères Éduscol officiels,REPERE_EDUSCOL,,"YEAR_EXACT comme repère, pas un jour unique",1848 : « Printemps des peuples »,ensemble de révolutions européennes,,PERIOD_OR_PROCESS,CREATE_AND_LINK,YEAR_OR_RANGE_ONLY,1,EVT-0350,Resolved by creating one or more canonical event/period records and linking them.,,6. 4e — année scolaire 2026-2027 > 6.3 Thème 2 — L'Europe et le monde au XIXe siècle > 6.3.2 Repères Éduscol officiels,1123,LNK2-0111,LNK3-0111
COBJ-0008,LINK-0112,2026-2027,4e,Tronc commun,THM-014,Thème 2 — L'Europe et le monde au XIXe siècle,6.3.2 Repères Éduscol officiels,REPERE_EDUSCOL,,EXACT : 27 avril 1848,1848 : seconde abolition de l'esclavage en France,événement ponctuel précis,,DATED_EVENT,LINK_EXISTING,AUTO_ALLOWED,1,EVT-0188,Resolved by linking to existing canonical event(s).,,6. 4e — année scolaire 2026-2027 > 6.3 Thème 2 — L'Europe et le monde au XIXe siècle > 6.3.2 Repères Éduscol officiels,1124,LNK2-0112,LNK3-0112
COBJ-0009,LINK-0113,2026-2027,4e,Tronc commun,THM-014,Thème 2 — L'Europe et le monde au XIXe siècle,6.3.2 Repères Éduscol officiels,REPERE_EDUSCOL,,APPROXIMATE,années 1870 : début de la « seconde révolution industrielle »,PROCESS,,PERIOD_OR_PROCESS,CREATE_AND_LINK,YEAR_OR_RANGE_ONLY,1,EVT-0351,Resolved by creating one or more canonical event/period records and linking them.,,6. 4e — année scolaire 2026-2027 > 6.3 Thème 2 — L'Europe et le monde au XIXe siècle > 6.3.2 Repères Éduscol officiels,1125,LNK2-0113,LNK3-0113
COBJ-0010,LINK-0114,2026-2027,4e,Tronc commun,THM-014,Thème 2 — L'Europe et le monde au XIXe siècle,6.3.2 Repères Éduscol officiels,REPERE_EDUSCOL,,RANGE,1870-1914 : « seconde mondialisation » et relance de la colonisation,PROCESS / grande période,,PERIOD_OR_PROCESS,CREATE_AND_LINK,YEAR_OR_RANGE_ONLY,1,EVT-0352,Resolved by creating one or more canonical event/period records and linking them.,,6. 4e — année scolaire 2026-2027 > 6.3 Thème 2 — L'Europe et le monde au XIXe siècle > 6.3.2 Repères Éduscol officiels,1126,LNK2-0114,LNK3-0114
COBJ-0011,LINK-0115,2026-2027,4e,Tronc commun,THM-014,Thème 2 — L'Europe et le monde au XIXe siècle,6.3.2 Repères Éduscol officiels,REPERE_EDUSCOL,,ouverture exacte connue,1900 : Exposition universelle de Paris,événement avec dates d'ouverture/fermeture,,DATED_EVENT,LINK_EXISTING,AUTO_ALLOWED,1,EVT-0227,Resolved by linking to existing canonical event(s).,,6. 4e — année scolaire 2026-2027 > 6.3 Thème 2 — L'Europe et le monde au XIXe siècle > 6.3.2 Repères Éduscol officiels,1127,LNK2-0115,LNK3-0115
COBJ-0012,LINK-0116,2026-2027,4e,Tronc commun,THM-015,"Thème 3 — Société, culture et politique dans la France du XIXe siècle",6.4.2 Repères Éduscol officiels,REPERE_EDUSCOL,,REPERE_EDUSCOL + QA,1848 : adoption du suffrage universel,,,DATED_EVENT,LINK_EXISTING,AUTO_ALLOWED,1,EVT-0187,Resolved by linking to existing canonical event(s).,,"6. 4e — année scolaire 2026-2027 > 6.4 Thème 3 — Société, culture et politique dans la France du XIXe siècle > 6.4.2 Repères Éduscol officiels",1260,LNK2-0116,LNK3-0116
COBJ-0013,LINK-0117,2026-2027,4e,Tronc commun,THM-015,"Thème 3 — Société, culture et politique dans la France du XIXe siècle",6.4.2 Repères Éduscol officiels,REPERE_EDUSCOL,,REPERE_EDUSCOL,1870 : proclamation de la Troisième République,,,DATED_EVENT,CREATE_AND_LINK,AUTO_ALLOWED,1,EVT-0353,Resolved by creating one or more canonical event/period records and linking them.,,"6. 4e — année scolaire 2026-2027 > 6.4 Thème 3 — Société, culture et politique dans la France du XIXe siècle > 6.4.2 Repères Éduscol officiels",1261,LNK2-0117,LNK3-0117
COBJ-0014,LINK-0118,2026-2027,4e,Tronc commun,THM-015,"Thème 3 — Société, culture et politique dans la France du XIXe siècle",6.4.2 Repères Éduscol officiels,REPERE_EDUSCOL,,REPERE_EDUSCOL + QA,"1882 : Jules Ferry et l'école gratuite, laïque et obligatoire",,,EVENT_CLUSTER,LINK_EXISTING,CHILD_EVENTS_ONLY,2,EVT-0003;EVT-0004,Resolved by linking to existing canonical event(s).,,"6. 4e — année scolaire 2026-2027 > 6.4 Thème 3 — Société, culture et politique dans la France du XIXe siècle > 6.4.2 Repères Éduscol officiels",1262,LNK2-0118,LNK3-0118
COBJ-0015,LINK-0119,2026-2027,4e,Tronc commun,THM-015,"Thème 3 — Société, culture et politique dans la France du XIXe siècle",6.4.2 Repères Éduscol officiels,REPERE_EDUSCOL,,REPERE_EDUSCOL,1894-1906 : Affaire Dreyfus,,,EVENT_CLUSTER,LINK_EXISTING,CHILD_EVENTS_ONLY,4,EVT-0082;EVT-0083;EVT-0084;EVT-0085,Resolved by linking to existing canonical event(s).,,"6. 4e — année scolaire 2026-2027 > 6.4 Thème 3 — Société, culture et politique dans la France du XIXe siècle > 6.4.2 Repères Éduscol officiels",1263,LNK2-0119,LNK3-0119
COBJ-0016,LINK-0120,2026-2027,4e,Tronc commun,THM-015,"Thème 3 — Société, culture et politique dans la France du XIXe siècle",6.4.2 Repères Éduscol officiels,REPERE_EDUSCOL,,REPERE_EDUSCOL,1905 : séparation des Églises et de l'État,,,DATED_EVENT,LINK_EXISTING,AUTO_ALLOWED,1,EVT-0005,Resolved by linking to existing canonical event(s).,,"6. 4e — année scolaire 2026-2027 > 6.4 Thème 3 — Société, culture et politique dans la France du XIXe siècle > 6.4.2 Repères Éduscol officiels",1264,LNK2-0120,LNK3-0120
COBJ-0017,LINK-0130,2026-2027,3e,Tronc commun,THM-016,"Thème 1 — L'Europe, un théâtre majeur des guerres totales (1914-1945)",7.2.2 Principaux repères Éduscol,REPERE_EDUSCOL,,RANGE / CONVENTIONAL,1914-1918 : Grande Guerre,période scolaire conventionnelle + événements précis reliés,,DATED_EVENT,LINK_EXISTING,AUTO_ALLOWED,1,EVT-0012,Resolved by linking to existing canonical event(s).,,"7. 3e — année scolaire 2026-2027 > 7.2 Thème 1 — L'Europe, un théâtre majeur des guerres totales (1914-1945) > 7.2.2 Principaux repères Éduscol",1549,LNK2-0130,LNK3-0130
COBJ-0018,LINK-0131,2026-2027,3e,Tronc commun,THM-016,"Thème 1 — L'Europe, un théâtre majeur des guerres totales (1914-1945)",7.2.2 Principaux repères Éduscol,REPERE_EDUSCOL,,YEAR_EXACT comme repère scolaire,1917 : Révolution russe,plusieurs événements révolutionnaires à séparer,,PERIOD_OR_PROCESS,CREATE_AND_LINK,YEAR_OR_RANGE_ONLY,1,EVT-0354,Resolved by creating one or more canonical event/period records and linking them.,,"7. 3e — année scolaire 2026-2027 > 7.2 Thème 1 — L'Europe, un théâtre majeur des guerres totales (1914-1945) > 7.2.2 Principaux repères Éduscol",1550,LNK2-0131,LNK3-0131
COBJ-0019,LINK-0132,2026-2027,3e,Tronc commun,THM-016,"Thème 1 — L'Europe, un théâtre majeur des guerres totales (1914-1945)",7.2.2 Principaux repères Éduscol,REPERE_EDUSCOL,,RANGE / CONVENTIONAL,1933-1945 : Allemagne d'Hitler,période politique scolaire ; plusieurs bornes historiques possibles selon le wording,,PERIOD_OR_PROCESS,CREATE_AND_LINK,YEAR_OR_RANGE_ONLY,1,EVT-0355,Resolved by creating one or more canonical event/period records and linking them.,,"7. 3e — année scolaire 2026-2027 > 7.2 Thème 1 — L'Europe, un théâtre majeur des guerres totales (1914-1945) > 7.2.2 Principaux repères Éduscol",1551,LNK2-0132,LNK3-0132
COBJ-0020,LINK-0133,2026-2027,3e,Tronc commun,THM-016,"Thème 1 — L'Europe, un théâtre majeur des guerres totales (1914-1945)",7.2.2 Principaux repères Éduscol,REPERE_EDUSCOL,,YEAR_EXACT comme repère scolaire,1936 : Front populaire,séquence politique et sociale comportant plusieurs dates précises,,PERIOD_OR_PROCESS,CREATE_AND_LINK,YEAR_OR_RANGE_ONLY,5,EVT-0356;EVT-0093;EVT-0094;EVT-0095;EVT-0096,Resolved by creating one or more canonical event/period records and linking them.,,"7. 3e — année scolaire 2026-2027 > 7.2 Thème 1 — L'Europe, un théâtre majeur des guerres totales (1914-1945) > 7.2.2 Principaux repères Éduscol",1552,LNK2-0133,LNK3-0133
COBJ-0021,LINK-0134,2026-2027,3e,Tronc commun,THM-016,"Thème 1 — L'Europe, un théâtre majeur des guerres totales (1914-1945)",7.2.2 Principaux repères Éduscol,REPERE_EDUSCOL,,RANGE / CONVENTIONAL,1939-1945 : Seconde Guerre mondiale,période conventionnelle européenne/mondiale + événements précis reliés,,DATED_EVENT,LINK_EXISTING,AUTO_ALLOWED,1,EVT-0013,Resolved by linking to existing canonical event(s).,,"7. 3e — année scolaire 2026-2027 > 7.2 Thème 1 — L'Europe, un théâtre majeur des guerres totales (1914-1945) > 7.2.2 Principaux repères Éduscol",1553,LNK2-0134,LNK3-0134
COBJ-0022,LINK-0157,2026-2027,3e,Tronc commun,THM-017,Thème 2 — Le monde depuis 1945,7.3.2 Principaux repères Éduscol,REPERE_EDUSCOL,,YEAR_EXACT + événements EXACT,1945 : création de l'ONU,signature de la Charte + entrée en vigueur / naissance juridique,,EVENT_CLUSTER,CREATE_AND_LINK,CHILD_EVENTS_ONLY,2,EVT-0357;EVT-0358,Resolved by creating one or more canonical event/period records and linking them.,,7. 3e — année scolaire 2026-2027 > 7.3 Thème 2 — Le monde depuis 1945 > 7.3.2 Principaux repères Éduscol,1714,LNK2-0157,LNK3-0157
COBJ-0023,LINK-0158,2026-2027,3e,Tronc commun,THM-017,Thème 2 — Le monde depuis 1945,7.3.2 Principaux repères Éduscol,REPERE_EDUSCOL,,CONVENTIONAL / RANGE,1947-1991 : guerre froide,grande périodisation conventionnelle,,PERIOD_OR_PROCESS,CREATE_AND_LINK,YEAR_OR_RANGE_ONLY,1,EVT-0359,Resolved by creating one or more canonical event/period records and linking them.,,7. 3e — année scolaire 2026-2027 > 7.3 Thème 2 — Le monde depuis 1945 > 7.3.2 Principaux repères Éduscol,1715,LNK2-0158,LNK3-0158
COBJ-0024,LINK-0159,2026-2027,3e,Tronc commun,THM-017,Thème 2 — Le monde depuis 1945,7.3.2 Principaux repères Éduscol,REPERE_EDUSCOL,,EXACT,1957 : traité de Rome,signature précise le 25 mars 1957,,DATED_EVENT,LINK_EXISTING,AUTO_ALLOWED,1,EVT-0118,Resolved by linking to existing canonical event(s).,,7. 3e — année scolaire 2026-2027 > 7.3 Thème 2 — Le monde depuis 1945 > 7.3.2 Principaux repères Éduscol,1716,LNK2-0159,LNK3-0159
COBJ-0025,LINK-0160,2026-2027,3e,Tronc commun,THM-017,Thème 2 — Le monde depuis 1945,7.3.2 Principaux repères Éduscol,REPERE_EDUSCOL,,YEAR_EXACT comme repère scolaire,1962 : indépendance de l'Algérie,séquence de plusieurs jalons,,EVENT_CLUSTER,LINK_EXISTING,CHILD_EVENTS_ONLY,5,EVT-0120;EVT-0121;EVT-0122;EVT-0123;EVT-0124,Resolved by linking to existing canonical event(s).,,7. 3e — année scolaire 2026-2027 > 7.3 Thème 2 — Le monde depuis 1945 > 7.3.2 Principaux repères Éduscol,1717,LNK2-0160,LNK3-0160
COBJ-0026,LINK-0161,2026-2027,3e,Tronc commun,THM-017,Thème 2 — Le monde depuis 1945,7.3.2 Principaux repères Éduscol,REPERE_EDUSCOL,,EXACT,1989 : chute du mur de Berlin,9 novembre 1989,,DATED_EVENT,LINK_EXISTING,AUTO_ALLOWED,1,EVT-0114,Resolved by linking to existing canonical event(s).,,7. 3e — année scolaire 2026-2027 > 7.3 Thème 2 — Le monde depuis 1945 > 7.3.2 Principaux repères Éduscol,1718,LNK2-0161,LNK3-0161
COBJ-0027,LINK-0178,2026-2027,3e,Tronc commun,THM-018,Thème 3 — Françaises et Français dans une République repensée,7.4.2 Principaux repères Éduscol,REPERE_EDUSCOL,,,"1944-1945 : Libération, de Gaulle à la tête du GPRF, programme du CNR, droit de vote des femmes",cluster d'événements distincts,,EVENT_CLUSTER,CREATE_AND_LINK,CHILD_EVENTS_ONLY,5,EVT-0360;EVT-0109;EVT-0100;EVT-0006;EVT-0007,Resolved by creating one or more canonical event/period records and linking them.,,7. 3e — année scolaire 2026-2027 > 7.4 Thème 3 — Françaises et Français dans une République repensée > 7.4.2 Principaux repères Éduscol,1849,LNK2-0178,LNK3-0178
COBJ-0028,LINK-0179,2026-2027,3e,Tronc commun,THM-018,Thème 3 — Françaises et Français dans une République repensée,7.4.2 Principaux repères Éduscol,REPERE_EDUSCOL,,,1958 : naissance de la Ve République,référendum + promulgation constitutionnelle,,EVENT_CLUSTER,CREATE_AND_LINK,CHILD_EVENTS_ONLY,2,EVT-0361;EVT-0362,Resolved by creating one or more canonical event/period records and linking them.,,7. 3e — année scolaire 2026-2027 > 7.4 Thème 3 — Françaises et Français dans une République repensée > 7.4.2 Principaux repères Éduscol,1850,LNK2-0179,LNK3-0179
COBJ-0029,LINK-0180,2026-2027,3e,Tronc commun,THM-018,Thème 3 — Françaises et Français dans une République repensée,7.4.2 Principaux repères Éduscol,REPERE_EDUSCOL,,,1962 : élection du président au suffrage universel direct,réforme constitutionnelle en 1962 ; première élection réelle en 1965,,DATED_EVENT,CREATE_AND_LINK,AUTO_ALLOWED,1,EVT-0363,Resolved by creating one or more canonical event/period records and linking them.,,7. 3e — année scolaire 2026-2027 > 7.4 Thème 3 — Françaises et Français dans une République repensée > 7.4.2 Principaux repères Éduscol,1851,LNK2-0180,LNK3-0180
COBJ-0030,LINK-0181,2026-2027,3e,Tronc commun,THM-018,Thème 3 — Françaises et Français dans une République repensée,7.4.2 Principaux repères Éduscol,REPERE_EDUSCOL,,,1975 : loi Veil sur l'IVG,loi du 17 janvier 1975,,DATED_EVENT,LINK_EXISTING,AUTO_ALLOWED,1,EVT-0132,Resolved by linking to existing canonical event(s).,,7. 3e — année scolaire 2026-2027 > 7.4 Thème 3 — Françaises et Français dans une République repensée > 7.4.2 Principaux repères Éduscol,1852,LNK2-0181,LNK3-0181
COBJ-0031,LINK-0182,2026-2027,3e,Tronc commun,THM-018,Thème 3 — Françaises et Français dans une République repensée,7.4.2 Principaux repères Éduscol,REPERE_EDUSCOL,,,"1981 : première alternance, élection de François Mitterrand",10 mai 1981,,DATED_EVENT,CREATE_AND_LINK,AUTO_ALLOWED,1,EVT-0364,Resolved by creating one or more canonical event/period records and linking them.,,7. 3e — année scolaire 2026-2027 > 7.4 Thème 3 — Françaises et Français dans une République repensée > 7.4.2 Principaux repères Éduscol,1853,LNK2-0182,LNK3-0182
COBJ-0032,LINK-0195,2026-2027,Seconde générale et technologique,Tronc commun,,,8.2 Introduction — la périodisation,,,CONVENTIONAL,476,fin de l’Empire romain d’Occident / déposition de Romulus Augustule,,DATED_EVENT,CREATE_AND_LINK,AUTO_ALLOWED,1,EVT-0365,Resolved by creating one or more canonical event/period records and linking them.,,8. Seconde générale et technologique — année scolaire 2026-2027 > 8.2 Introduction — la périodisation,2149,LNK2-0195,LNK3-0195
COBJ-0033,LINK-0196,2026-2027,Seconde générale et technologique,Tronc commun,,,8.2 Introduction — la périodisation,,,EXACT + CONVENTIONAL_BOUND,1453,prise de Constantinople par les Ottomans,,DATED_EVENT,LINK_EXISTING,AUTO_ALLOWED,1,EVT-0062,Resolved by linking to existing canonical event(s).,,8. Seconde générale et technologique — année scolaire 2026-2027 > 8.2 Introduction — la périodisation,2150,LNK2-0196,LNK3-0196
COBJ-0034,LINK-0197,2026-2027,Seconde générale et technologique,Tronc commun,,,8.2 Introduction — la périodisation,,,EXACT + CONVENTIONAL_BOUND,1492,arrivée de l’expédition de Colomb à Guanahaní,,DATED_EVENT,LINK_EXISTING,AUTO_ALLOWED,1,EVT-0063,Resolved by linking to existing canonical event(s).,,8. Seconde générale et technologique — année scolaire 2026-2027 > 8.2 Introduction — la périodisation,2151,LNK2-0197,LNK3-0197
COBJ-0035,LINK-0198,2026-2027,Seconde générale et technologique,Tronc commun,,,8.2 Introduction — la périodisation,,,CONVENTIONAL_BOUND,1789,Révolution française / début conventionnel de l’époque contemporaine en France,,DATED_EVENT,CREATE_AND_LINK,AUTO_ALLOWED,3,EVT-0348;EVT-0334;EVT-0173,Resolved by creating one or more canonical event/period records and linking them.,,8. Seconde générale et technologique — année scolaire 2026-2027 > 8.2 Introduction — la périodisation,2152,LNK2-0198,LNK3-0198
COBJ-0036,LINK-0353,2026-2027,Première HGGSP,HGGSP,THM-036,Thème 1 — Comprendre un régime politique : la démocratie,Jalons officiels du BO,PPO_BO,,,Être citoyen à Athènes au Ve siècle : démocratie directe mais limitée,,,EVENT_CLUSTER,LINK_EXISTING,CHILD_EVENTS_ONLY,2,EVT-0029;EVT-0136,Resolved by linking to existing canonical event(s).,,11. HGGSP — Première et Terminale générales — année scolaire 2026-2027 > 11.2 HGGSP Première — « Acquérir des clefs de compréhension du monde contemporain » > 11.2.1 Thème 1 — Comprendre un régime politique : la démocratie > Jalons officiels du BO,3989,LNK2-0353,LNK3-0353
COBJ-0037,LINK-0354,2026-2027,Première HGGSP,HGGSP,THM-036,Thème 1 — Comprendre un régime politique : la démocratie,Jalons officiels du BO,PPO_BO,,,"Benjamin Constant, « liberté des Anciens, liberté des Modernes »",,,DATED_EVENT,LINK_EXISTING,AUTO_ALLOWED,1,EVT-0262,Resolved by linking to existing canonical event(s).,,11. HGGSP — Première et Terminale générales — année scolaire 2026-2027 > 11.2 HGGSP Première — « Acquérir des clefs de compréhension du monde contemporain » > 11.2.1 Thème 1 — Comprendre un régime politique : la démocratie > Jalons officiels du BO,3990,LNK2-0354,LNK3-0354
COBJ-0038,LINK-0355,2026-2027,Première HGGSP,HGGSP,THM-036,Thème 1 — Comprendre un régime politique : la démocratie,Jalons officiels du BO,PPO_BO,,,Tocqueville : de la démocratie à la tyrannie ?,,,EVENT_CLUSTER,LINK_EXISTING,CHILD_EVENTS_ONLY,2,EVT-0263;EVT-0264,Resolved by linking to existing canonical event(s).,,11. HGGSP — Première et Terminale générales — année scolaire 2026-2027 > 11.2 HGGSP Première — « Acquérir des clefs de compréhension du monde contemporain » > 11.2.1 Thème 1 — Comprendre un régime politique : la démocratie > Jalons officiels du BO,3991,LNK2-0355,LNK3-0355
COBJ-0039,LINK-0356,2026-2027,Première HGGSP,HGGSP,THM-036,Thème 1 — Comprendre un régime politique : la démocratie,Jalons officiels du BO,PPO_BO,,,"Chili, 1970-1973",,,DATED_EVENT,LINK_EXISTING,AUTO_ALLOWED,1,EVT-0265,Resolved by linking to existing canonical event(s).,,11. HGGSP — Première et Terminale générales — année scolaire 2026-2027 > 11.2 HGGSP Première — « Acquérir des clefs de compréhension du monde contemporain » > 11.2.1 Thème 1 — Comprendre un régime politique : la démocratie > Jalons officiels du BO,3992,LNK2-0356,LNK3-0356
COBJ-0040,LINK-0357,2026-2027,Première HGGSP,HGGSP,THM-036,Thème 1 — Comprendre un régime politique : la démocratie,Jalons officiels du BO,PPO_BO,,,"Portugal et Espagne, 1974-1982",,,EVENT_CLUSTER,LINK_EXISTING,CHILD_EVENTS_ONLY,5,EVT-0266;EVT-0267;EVT-0268;EVT-0269;EVT-0270,Resolved by linking to existing canonical event(s).,,11. HGGSP — Première et Terminale générales — année scolaire 2026-2027 > 11.2 HGGSP Première — « Acquérir des clefs de compréhension du monde contemporain » > 11.2.1 Thème 1 — Comprendre un régime politique : la démocratie > Jalons officiels du BO,3993,LNK2-0357,LNK3-0357
COBJ-0041,LINK-0358,2026-2027,Première HGGSP,HGGSP,THM-036,Thème 1 — Comprendre un régime politique : la démocratie,Jalons officiels du BO,PPO_BO,,,Fonctionnement de l’Union européenne : démocratie représentative et déléguée,,,TOPIC_OR_CASE_STUDY,OBJECT_ONLY,NO_AUTOMATIC_DATE,0,,Resolved as curriculum object only: no single historical event/date should be invented.,,11. HGGSP — Première et Terminale générales — année scolaire 2026-2027 > 11.2 HGGSP Première — « Acquérir des clefs de compréhension du monde contemporain » > 11.2.1 Thème 1 — Comprendre un régime politique : la démocratie > Jalons officiels du BO,3994,LNK2-0358,LNK3-0358
COBJ-0042,LINK-0359,2026-2027,Première HGGSP,HGGSP,THM-036,Thème 1 — Comprendre un régime politique : la démocratie,Jalons officiels du BO,PPO_BO,,,UE face aux citoyens et aux États : remises en question depuis 1992,,,EVENT_CLUSTER,LINK_EXISTING,CHILD_EVENTS_ONLY,2,EVT-0271;EVT-0272,Resolved by linking to existing canonical event(s).,,11. HGGSP — Première et Terminale générales — année scolaire 2026-2027 > 11.2 HGGSP Première — « Acquérir des clefs de compréhension du monde contemporain » > 11.2.1 Thème 1 — Comprendre un régime politique : la démocratie > Jalons officiels du BO,3995,LNK2-0359,LNK3-0359
COBJ-0043,LINK-0371,2026-2027,Première HGGSP,HGGSP,THM-037,Thème 2 — Analyser les dynamiques des puissances internationales,Jalons officiels du BO,PPO_BO,,,"Empire ottoman, de l’essor au déclin",,,TOPIC_OR_CASE_STUDY,OBJECT_ONLY,NO_AUTOMATIC_DATE,0,,Resolved as curriculum object only: no single historical event/date should be invented.,,11. HGGSP — Première et Terminale générales — année scolaire 2026-2027 > 11.2 HGGSP Première — « Acquérir des clefs de compréhension du monde contemporain » > 11.2.2 Thème 2 — Analyser les dynamiques des puissances internationales > Jalons officiels du BO,4025,LNK2-0371,LNK3-0371
COBJ-0044,LINK-0372,2026-2027,Première HGGSP,HGGSP,THM-037,Thème 2 — Analyser les dynamiques des puissances internationales,Jalons officiels du BO,PPO_BO,,,Russie depuis 1991 après l’éclatement d’un empire,,,TOPIC_WITH_ANCHOR,LINK_EXISTING,CHILD_EVENTS_ONLY,1,EVT-0115,Resolved by linking to existing canonical event(s).,,11. HGGSP — Première et Terminale générales — année scolaire 2026-2027 > 11.2 HGGSP Première — « Acquérir des clefs de compréhension du monde contemporain » > 11.2.2 Thème 2 — Analyser les dynamiques des puissances internationales > Jalons officiels du BO,4026,LNK2-0372,LNK3-0372
COBJ-0045,LINK-0373,2026-2027,Première HGGSP,HGGSP,THM-037,Thème 2 — Analyser les dynamiques des puissances internationales,Jalons officiels du BO,PPO_BO,,,"Enjeu de la langue : anglais, français, francophonie, Instituts Confucius",,,TOPIC_OR_CASE_STUDY,OBJECT_ONLY,NO_AUTOMATIC_DATE,0,,Resolved as curriculum object only: no single historical event/date should be invented.,,11. HGGSP — Première et Terminale générales — année scolaire 2026-2027 > 11.2 HGGSP Première — « Acquérir des clefs de compréhension du monde contemporain » > 11.2.2 Thème 2 — Analyser les dynamiques des puissances internationales > Jalons officiels du BO,4027,LNK2-0373,LNK3-0373
COBJ-0046,LINK-0374,2026-2027,Première HGGSP,HGGSP,THM-037,Thème 2 — Analyser les dynamiques des puissances internationales,Jalons officiels du BO,PPO_BO,,,"Géants du numérique (GAFAM, BATX)",,,TOPIC_OR_CASE_STUDY,OBJECT_ONLY,NO_AUTOMATIC_DATE,0,,Resolved as curriculum object only: no single historical event/date should be invented.,,11. HGGSP — Première et Terminale générales — année scolaire 2026-2027 > 11.2 HGGSP Première — « Acquérir des clefs de compréhension du monde contemporain » > 11.2.2 Thème 2 — Analyser les dynamiques des puissances internationales > Jalons officiels du BO,4028,LNK2-0374,LNK3-0374
COBJ-0047,LINK-0375,2026-2027,Première HGGSP,HGGSP,THM-037,Thème 2 — Analyser les dynamiques des puissances internationales,Jalons officiels du BO,PPO_BO,,,Nouvelles routes de la Soie,,,TOPIC_OR_CASE_STUDY,OBJECT_ONLY,NO_AUTOMATIC_DATE,0,,Resolved as curriculum object only: no single historical event/date should be invented.,,11. HGGSP — Première et Terminale générales — année scolaire 2026-2027 > 11.2 HGGSP Première — « Acquérir des clefs de compréhension du monde contemporain » > 11.2.2 Thème 2 — Analyser les dynamiques des puissances internationales > Jalons officiels du BO,4029,LNK2-0375,LNK3-0375
COBJ-0048,LINK-0376,2026-2027,Première HGGSP,HGGSP,THM-037,Thème 2 — Analyser les dynamiques des puissances internationales,Jalons officiels du BO,PPO_BO,,,"Lieux et formes de la puissance des États-Unis (ONU, Hollywood, MIT…)",,,TOPIC_OR_CASE_STUDY,OBJECT_ONLY,NO_AUTOMATIC_DATE,0,,Resolved as curriculum object only: no single historical event/date should be invented.,,11. HGGSP — Première et Terminale générales — année scolaire 2026-2027 > 11.2 HGGSP Première — « Acquérir des clefs de compréhension du monde contemporain » > 11.2.2 Thème 2 — Analyser les dynamiques des puissances internationales > Jalons officiels du BO,4030,LNK2-0376,LNK3-0376
COBJ-0049,LINK-0377,2026-2027,Première HGGSP,HGGSP,THM-037,Thème 2 — Analyser les dynamiques des puissances internationales,Jalons officiels du BO,PPO_BO,,,Unilatéralisme et multilatéralisme,,,TOPIC_OR_CASE_STUDY,OBJECT_ONLY,NO_AUTOMATIC_DATE,0,,Resolved as curriculum object only: no single historical event/date should be invented.,,11. HGGSP — Première et Terminale générales — année scolaire 2026-2027 > 11.2 HGGSP Première — « Acquérir des clefs de compréhension du monde contemporain » > 11.2.2 Thème 2 — Analyser les dynamiques des puissances internationales > Jalons officiels du BO,4031,LNK2-0377,LNK3-0377
COBJ-0050,LINK-0378,2026-2027,Première HGGSP,HGGSP,THM-037,Thème 2 — Analyser les dynamiques des puissances internationales,Jalons officiels du BO,PPO_BO,,,Points d’appui et zones d’influence des États-Unis,,,TOPIC_OR_CASE_STUDY,OBJECT_ONLY,NO_AUTOMATIC_DATE,0,,Resolved as curriculum object only: no single historical event/date should be invented.,,11. HGGSP — Première et Terminale générales — année scolaire 2026-2027 > 11.2 HGGSP Première — « Acquérir des clefs de compréhension du monde contemporain » > 11.2.2 Thème 2 — Analyser les dynamiques des puissances internationales > Jalons officiels du BO,4032,LNK2-0378,LNK3-0378
COBJ-0051,LINK-0379,2026-2027,Première HGGSP,HGGSP,THM-038,Thème 3 — Étudier les divisions politiques du monde : les frontières,Jalons officiels du BO,PPO_BO,,,Limes rhénan,,,TOPIC_OR_CASE_STUDY,OBJECT_ONLY,NO_AUTOMATIC_DATE,0,,Resolved as curriculum object only: no single historical event/date should be invented.,,11. HGGSP — Première et Terminale générales — année scolaire 2026-2027 > 11.2 HGGSP Première — « Acquérir des clefs de compréhension du monde contemporain » > 11.2.3 Thème 3 — Étudier les divisions politiques du monde : les frontières > Jalons officiels du BO,4050,LNK2-0379,LNK3-0379
COBJ-0052,LINK-0380,2026-2027,Première HGGSP,HGGSP,THM-038,Thème 3 — Étudier les divisions politiques du monde : les frontières,Jalons officiels du BO,PPO_BO,,,Conférence de Berlin et partage de l’Afrique,,,EVENT_CLUSTER,LINK_EXISTING,CHILD_EVENTS_ONLY,2,EVT-0273;EVT-0274,Resolved by linking to existing canonical event(s).,,11. HGGSP — Première et Terminale générales — année scolaire 2026-2027 > 11.2 HGGSP Première — « Acquérir des clefs de compréhension du monde contemporain » > 11.2.3 Thème 3 — Étudier les divisions politiques du monde : les frontières > Jalons officiels du BO,4051,LNK2-0380,LNK3-0380
COBJ-0053,LINK-0381,2026-2027,Première HGGSP,HGGSP,THM-038,Thème 3 — Étudier les divisions politiques du monde : les frontières,Jalons officiels du BO,PPO_BO,,,Frontière entre les deux Corée,,,EVENT_CLUSTER,LINK_EXISTING,CHILD_EVENTS_ONLY,2,EVT-0275;EVT-0276,Resolved by linking to existing canonical event(s).,,11. HGGSP — Première et Terminale générales — année scolaire 2026-2027 > 11.2 HGGSP Première — « Acquérir des clefs de compréhension du monde contemporain » > 11.2.3 Thème 3 — Étudier les divisions politiques du monde : les frontières > Jalons officiels du BO,4052,LNK2-0381,LNK3-0381
COBJ-0054,LINK-0382,2026-2027,Première HGGSP,HGGSP,THM-038,Thème 3 — Étudier les divisions politiques du monde : les frontières,Jalons officiels du BO,PPO_BO,,,"Frontière germano-polonaise, 1939-1990",,,TOPIC_WITH_ANCHOR,LINK_EXISTING,CHILD_EVENTS_ONLY,1,EVT-0277,Resolved by linking to existing canonical event(s).,,11. HGGSP — Première et Terminale générales — année scolaire 2026-2027 > 11.2 HGGSP Première — « Acquérir des clefs de compréhension du monde contemporain » > 11.2.3 Thème 3 — Étudier les divisions politiques du monde : les frontières > Jalons officiels du BO,4053,LNK2-0382,LNK3-0382
COBJ-0055,LINK-0383,2026-2027,Première HGGSP,HGGSP,THM-038,Thème 3 — Étudier les divisions politiques du monde : les frontières,Jalons officiels du BO,PPO_BO,,,Droit de la mer,,,EVENT_CLUSTER,LINK_EXISTING,CHILD_EVENTS_ONLY,2,EVT-0278;EVT-0279,Resolved by linking to existing canonical event(s).,,11. HGGSP — Première et Terminale générales — année scolaire 2026-2027 > 11.2 HGGSP Première — « Acquérir des clefs de compréhension du monde contemporain » > 11.2.3 Thème 3 — Étudier les divisions politiques du monde : les frontières > Jalons officiels du BO,4054,LNK2-0383,LNK3-0383
COBJ-0056,LINK-0384,2026-2027,Première HGGSP,HGGSP,THM-038,Thème 3 — Étudier les divisions politiques du monde : les frontières,Jalons officiels du BO,PPO_BO,,,Enjeux de Schengen et du contrôle des frontières,,,EVENT_CLUSTER,LINK_EXISTING,CHILD_EVENTS_ONLY,3,EVT-0280;EVT-0281;EVT-0282,Resolved by linking to existing canonical event(s).,,11. HGGSP — Première et Terminale générales — année scolaire 2026-2027 > 11.2 HGGSP Première — « Acquérir des clefs de compréhension du monde contemporain » > 11.2.3 Thème 3 — Étudier les divisions politiques du monde : les frontières > Jalons officiels du BO,4055,LNK2-0384,LNK3-0384
COBJ-0057,LINK-0385,2026-2027,Première HGGSP,HGGSP,THM-038,Thème 3 — Étudier les divisions politiques du monde : les frontières,Jalons officiels du BO,PPO_BO,,,Frontières d’un État adhérent à l’UE,,,TOPIC_OR_CASE_STUDY,OBJECT_ONLY,NO_AUTOMATIC_DATE,0,,Resolved as curriculum object only: no single historical event/date should be invented.,,11. HGGSP — Première et Terminale générales — année scolaire 2026-2027 > 11.2 HGGSP Première — « Acquérir des clefs de compréhension du monde contemporain » > 11.2.3 Thème 3 — Étudier les divisions politiques du monde : les frontières > Jalons officiels du BO,4056,LNK2-0385,LNK3-0385
COBJ-0058,LINK-0386,2026-2027,Première HGGSP,HGGSP,THM-038,Thème 3 — Étudier les divisions politiques du monde : les frontières,Jalons officiels du BO,PPO_BO,,,Espaces transfrontaliers intra-européens,,,TOPIC_OR_CASE_STUDY,OBJECT_ONLY,NO_AUTOMATIC_DATE,0,,Resolved as curriculum object only: no single historical event/date should be invented.,,11. HGGSP — Première et Terminale générales — année scolaire 2026-2027 > 11.2 HGGSP Première — « Acquérir des clefs de compréhension du monde contemporain » > 11.2.3 Thème 3 — Étudier les divisions politiques du monde : les frontières > Jalons officiels du BO,4057,LNK2-0386,LNK3-0386
COBJ-0059,LINK-0397,2026-2027,Première HGGSP,HGGSP,THM-039,Thème 4 — S’informer : un regard critique sur les sources et modes de communication,Jalons officiels du BO,PPO_BO,,,De l’imprimerie à la presse à grand tirage,,,TOPIC_OR_CASE_STUDY,OBJECT_ONLY,NO_AUTOMATIC_DATE,0,,Resolved as curriculum object only: no single historical event/date should be invented.,,11. HGGSP — Première et Terminale générales — année scolaire 2026-2027 > 11.2 HGGSP Première — « Acquérir des clefs de compréhension du monde contemporain » > 11.2.4 Thème 4 — S’informer : un regard critique sur les sources et modes de communication > Jalons officiels du BO,4088,LNK2-0397,LNK3-0397
COBJ-0060,LINK-0398,2026-2027,Première HGGSP,HGGSP,THM-039,Thème 4 — S’informer : un regard critique sur les sources et modes de communication,Jalons officiels du BO,PPO_BO,,,Radio et télévision au XXe siècle,,,TOPIC_OR_CASE_STUDY,OBJECT_ONLY,NO_AUTOMATIC_DATE,0,,Resolved as curriculum object only: no single historical event/date should be invented.,,11. HGGSP — Première et Terminale générales — année scolaire 2026-2027 > 11.2 HGGSP Première — « Acquérir des clefs de compréhension du monde contemporain » > 11.2.4 Thème 4 — S’informer : un regard critique sur les sources et modes de communication > Jalons officiels du BO,4089,LNK2-0398,LNK3-0398
COBJ-0061,LINK-0399,2026-2027,Première HGGSP,HGGSP,THM-039,Thème 4 — S’informer : un regard critique sur les sources et modes de communication,Jalons officiels du BO,PPO_BO,,,Naissance et extension d’Internet,,,TOPIC_OR_CASE_STUDY,OBJECT_ONLY,NO_AUTOMATIC_DATE,0,,Resolved as curriculum object only: no single historical event/date should be invented.,,11. HGGSP — Première et Terminale générales — année scolaire 2026-2027 > 11.2 HGGSP Première — « Acquérir des clefs de compréhension du monde contemporain » > 11.2.4 Thème 4 — S’informer : un regard critique sur les sources et modes de communication > Jalons officiels du BO,4090,LNK2-0399,LNK3-0399
COBJ-0062,LINK-0400,2026-2027,Première HGGSP,HGGSP,THM-039,Thème 4 — S’informer : un regard critique sur les sources et modes de communication,Jalons officiels du BO,PPO_BO,,,Affaire Dreyfus et presse,,,EVENT_CLUSTER,LINK_EXISTING,CHILD_EVENTS_ONLY,4,EVT-0082;EVT-0083;EVT-0084;EVT-0085,Resolved by linking to existing canonical event(s).,,11. HGGSP — Première et Terminale générales — année scolaire 2026-2027 > 11.2 HGGSP Première — « Acquérir des clefs de compréhension du monde contemporain » > 11.2.4 Thème 4 — S’informer : un regard critique sur les sources et modes de communication > Jalons officiels du BO,4091,LNK2-0400,LNK3-0400
COBJ-0063,LINK-0401,2026-2027,Première HGGSP,HGGSP,THM-039,Thème 4 — S’informer : un regard critique sur les sources et modes de communication,Jalons officiels du BO,PPO_BO,,,Agence Havas et AFP,,,EVENT_CLUSTER,LINK_EXISTING,CHILD_EVENTS_ONLY,3,EVT-0283;EVT-0284;EVT-0285,Resolved by linking to existing canonical event(s).,,11. HGGSP — Première et Terminale générales — année scolaire 2026-2027 > 11.2 HGGSP Première — « Acquérir des clefs de compréhension du monde contemporain » > 11.2.4 Thème 4 — S’informer : un regard critique sur les sources et modes de communication > Jalons officiels du BO,4092,LNK2-0401,LNK3-0401
COBJ-0064,LINK-0402,2026-2027,Première HGGSP,HGGSP,THM-039,Thème 4 — S’informer : un regard critique sur les sources et modes de communication,Jalons officiels du BO,PPO_BO,,,Médias et guerre du Vietnam,,,TOPIC_OR_CASE_STUDY,OBJECT_ONLY,NO_AUTOMATIC_DATE,0,,Resolved as curriculum object only: no single historical event/date should be invented.,,11. HGGSP — Première et Terminale générales — année scolaire 2026-2027 > 11.2 HGGSP Première — « Acquérir des clefs de compréhension du monde contemporain » > 11.2.4 Thème 4 — S’informer : un regard critique sur les sources et modes de communication > Jalons officiels du BO,4093,LNK2-0402,LNK3-0402
COBJ-0065,LINK-0403,2026-2027,Première HGGSP,HGGSP,THM-039,Thème 4 — S’informer : un regard critique sur les sources et modes de communication,Jalons officiels du BO,PPO_BO,,,Information fragmentée et horizontale,,,TOPIC_OR_CASE_STUDY,OBJECT_ONLY,NO_AUTOMATIC_DATE,0,,Resolved as curriculum object only: no single historical event/date should be invented.,,11. HGGSP — Première et Terminale générales — année scolaire 2026-2027 > 11.2 HGGSP Première — « Acquérir des clefs de compréhension du monde contemporain » > 11.2.4 Thème 4 — S’informer : un regard critique sur les sources et modes de communication > Jalons officiels du BO,4094,LNK2-0403,LNK3-0403
COBJ-0066,LINK-0404,2026-2027,Première HGGSP,HGGSP,THM-039,Thème 4 — S’informer : un regard critique sur les sources et modes de communication,Jalons officiels du BO,PPO_BO,,,Témoignages et lanceurs d’alerte,,,TOPIC_OR_CASE_STUDY,OBJECT_ONLY,NO_AUTOMATIC_DATE,0,,Resolved as curriculum object only: no single historical event/date should be invented.,,11. HGGSP — Première et Terminale générales — année scolaire 2026-2027 > 11.2 HGGSP Première — « Acquérir des clefs de compréhension du monde contemporain » > 11.2.4 Thème 4 — S’informer : un regard critique sur les sources et modes de communication > Jalons officiels du BO,4095,LNK2-0404,LNK3-0404
COBJ-0067,LINK-0405,2026-2027,Première HGGSP,HGGSP,THM-039,Thème 4 — S’informer : un regard critique sur les sources et modes de communication,Jalons officiels du BO,PPO_BO,,,Théories du complot sur Internet,,,TOPIC_OR_CASE_STUDY,OBJECT_ONLY,NO_AUTOMATIC_DATE,0,,Resolved as curriculum object only: no single historical event/date should be invented.,,11. HGGSP — Première et Terminale générales — année scolaire 2026-2027 > 11.2 HGGSP Première — « Acquérir des clefs de compréhension du monde contemporain » > 11.2.4 Thème 4 — S’informer : un regard critique sur les sources et modes de communication > Jalons officiels du BO,4096,LNK2-0405,LNK3-0405
COBJ-0068,LINK-0409,2026-2027,Première HGGSP,HGGSP,THM-040,Thème 5 — Analyser les relations entre États et religions,Jalons officiels du BO,PPO_BO,,,Couronnement de Charlemagne : pape et empereur,,,DATED_EVENT,LINK_EXISTING,AUTO_ALLOWED,1,EVT-0044,Resolved by linking to existing canonical event(s).,,11. HGGSP — Première et Terminale générales — année scolaire 2026-2027 > 11.2 HGGSP Première — « Acquérir des clefs de compréhension du monde contemporain » > 11.2.5 Thème 5 — Analyser les relations entre États et religions > Jalons officiels du BO,4116,LNK2-0409,LNK3-0409
COBJ-0069,LINK-0410,2026-2027,Première HGGSP,HGGSP,THM-040,Thème 5 — Analyser les relations entre États et religions,Jalons officiels du BO,PPO_BO,,,Calife et empereur byzantin aux IXe-Xe siècles,,,TOPIC_OR_CASE_STUDY,OBJECT_ONLY,NO_AUTOMATIC_DATE,0,,Resolved as curriculum object only: no single historical event/date should be invented.,,11. HGGSP — Première et Terminale générales — année scolaire 2026-2027 > 11.2 HGGSP Première — « Acquérir des clefs de compréhension du monde contemporain » > 11.2.5 Thème 5 — Analyser les relations entre États et religions > Jalons officiels du BO,4117,LNK2-0410,LNK3-0410
COBJ-0070,LINK-0411,2026-2027,Première HGGSP,HGGSP,THM-040,Thème 5 — Analyser les relations entre États et religions,Jalons officiels du BO,PPO_BO,,,Turquie : abolition du califat en 1924 par Mustafa Kemal,,,DATED_EVENT,CREATE_AND_LINK,AUTO_ALLOWED,1,EVT-0366,Resolved by creating one or more canonical event/period records and linking them.,,11. HGGSP — Première et Terminale générales — année scolaire 2026-2027 > 11.2 HGGSP Première — « Acquérir des clefs de compréhension du monde contemporain » > 11.2.5 Thème 5 — Analyser les relations entre États et religions > Jalons officiels du BO,4118,LNK2-0411,LNK3-0411
COBJ-0071,LINK-0412,2026-2027,Première HGGSP,HGGSP,THM-040,Thème 5 — Analyser les relations entre États et religions,Jalons officiels du BO,PPO_BO,,,États et religions aux États-Unis depuis la Seconde Guerre mondiale,,,TOPIC_OR_CASE_STUDY,OBJECT_ONLY,NO_AUTOMATIC_DATE,0,,Resolved as curriculum object only: no single historical event/date should be invented.,,11. HGGSP — Première et Terminale générales — année scolaire 2026-2027 > 11.2 HGGSP Première — « Acquérir des clefs de compréhension du monde contemporain » > 11.2.5 Thème 5 — Analyser les relations entre États et religions > Jalons officiels du BO,4119,LNK2-0412,LNK3-0412
COBJ-0072,LINK-0413,2026-2027,Première HGGSP,HGGSP,THM-040,Thème 5 — Analyser les relations entre États et religions,Jalons officiels du BO,PPO_BO,,,Inde : « sécularisme » et dimension politique de la religion,,,TOPIC_OR_CASE_STUDY,OBJECT_ONLY,NO_AUTOMATIC_DATE,0,,Resolved as curriculum object only: no single historical event/date should be invented.,,11. HGGSP — Première et Terminale générales — année scolaire 2026-2027 > 11.2 HGGSP Première — « Acquérir des clefs de compréhension du monde contemporain » > 11.2.5 Thème 5 — Analyser les relations entre États et religions > Jalons officiels du BO,4120,LNK2-0413,LNK3-0413
COBJ-0073,LINK-0414,2026-2027,Première HGGSP,HGGSP,THM-040,Thème 5 — Analyser les relations entre États et religions,Jalons officiels du BO,PPO_BO,,,Minorités religieuses en Inde,,,TOPIC_OR_CASE_STUDY,OBJECT_ONLY,NO_AUTOMATIC_DATE,0,,Resolved as curriculum object only: no single historical event/date should be invented.,,11. HGGSP — Première et Terminale générales — année scolaire 2026-2027 > 11.2 HGGSP Première — « Acquérir des clefs de compréhension du monde contemporain » > 11.2.5 Thème 5 — Analyser les relations entre États et religions > Jalons officiels du BO,4121,LNK2-0414,LNK3-0414
COBJ-0074,LINK-0415,2026-2027,Première HGGSP,HGGSP,THM-040,Thème 5 — Analyser les relations entre États et religions,Jalons officiels du BO,PPO_BO,,,Enjeux géopolitiques Inde-Pakistan,,,TOPIC_OR_CASE_STUDY,OBJECT_ONLY,NO_AUTOMATIC_DATE,0,,Resolved as curriculum object only: no single historical event/date should be invented.,,11. HGGSP — Première et Terminale générales — année scolaire 2026-2027 > 11.2 HGGSP Première — « Acquérir des clefs de compréhension du monde contemporain » > 11.2.5 Thème 5 — Analyser les relations entre États et religions > Jalons officiels du BO,4122,LNK2-0415,LNK3-0415
COBJ-0075,LINK-0416,2026-2027,Terminale HGGSP,HGGSP,THM-041,Thème 1 — De nouveaux espaces de conquête,Jalons officiels du BO,PPO_BO,,,Course à l’espace depuis les années 1950 jusqu’aux nouveaux acteurs,,,EVENT_CLUSTER,LINK_EXISTING,CHILD_EVENTS_ONLY,6,EVT-0286;EVT-0287;EVT-0288;EVT-0289;EVT-0290;EVT-0291,Resolved by linking to existing canonical event(s).,,11. HGGSP — Première et Terminale générales — année scolaire 2026-2027 > 11.3 HGGSP Terminale > 11.3.1 Thème 1 — De nouveaux espaces de conquête > Jalons officiels du BO,4143,LNK2-0416,LNK3-0416
COBJ-0076,LINK-0417,2026-2027,Terminale HGGSP,HGGSP,THM-041,Thème 1 — De nouveaux espaces de conquête,Jalons officiels du BO,PPO_BO,,,Dissuasion nucléaire et forces de projection maritime,,,TOPIC_OR_CASE_STUDY,OBJECT_ONLY,NO_AUTOMATIC_DATE,0,,Resolved as curriculum object only: no single historical event/date should be invented.,,11. HGGSP — Première et Terminale générales — année scolaire 2026-2027 > 11.3 HGGSP Terminale > 11.3.1 Thème 1 — De nouveaux espaces de conquête > Jalons officiels du BO,4144,LNK2-0417,LNK3-0417
COBJ-0077,LINK-0418,2026-2027,Terminale HGGSP,HGGSP,THM-041,Thème 1 — De nouveaux espaces de conquête,Jalons officiels du BO,PPO_BO,,,Station spatiale internationale,,,EVENT_CLUSTER,LINK_EXISTING,CHILD_EVENTS_ONLY,2,EVT-0290;EVT-0291,Resolved by linking to existing canonical event(s).,,11. HGGSP — Première et Terminale générales — année scolaire 2026-2027 > 11.3 HGGSP Terminale > 11.3.1 Thème 1 — De nouveaux espaces de conquête > Jalons officiels du BO,4145,LNK2-0418,LNK3-0418
COBJ-0078,LINK-0419,2026-2027,Terminale HGGSP,HGGSP,THM-041,Thème 1 — De nouveaux espaces de conquête,Jalons officiels du BO,PPO_BO,,,ZEE / Montego Bay → gestion commune de la biodiversité BBNJ,,,EVENT_CLUSTER,LINK_EXISTING,CHILD_EVENTS_ONLY,4,EVT-0278;EVT-0279;EVT-0293;EVT-0294,Resolved by linking to existing canonical event(s).,,11. HGGSP — Première et Terminale générales — année scolaire 2026-2027 > 11.3 HGGSP Terminale > 11.3.1 Thème 1 — De nouveaux espaces de conquête > Jalons officiels du BO,4146,LNK2-0419,LNK3-0419
COBJ-0079,LINK-0420,2026-2027,Terminale HGGSP,HGGSP,THM-041,Thème 1 — De nouveaux espaces de conquête,Jalons officiels du BO,PPO_BO,,,Chine : affirmation politique par l’espace et les mers,,,TOPIC_OR_CASE_STUDY,OBJECT_ONLY,NO_AUTOMATIC_DATE,0,,Resolved as curriculum object only: no single historical event/date should be invented.,,11. HGGSP — Première et Terminale générales — année scolaire 2026-2027 > 11.3 HGGSP Terminale > 11.3.1 Thème 1 — De nouveaux espaces de conquête > Jalons officiels du BO,4147,LNK2-0420,LNK3-0420
COBJ-0080,LINK-0421,2026-2027,Terminale HGGSP,HGGSP,THM-041,Thème 1 — De nouveaux espaces de conquête,Jalons officiels du BO,PPO_BO,,,Enjeux économiques et géopolitiques pour la Chine et le monde,,,TOPIC_OR_CASE_STUDY,OBJECT_ONLY,NO_AUTOMATIC_DATE,0,,Resolved as curriculum object only: no single historical event/date should be invented.,,11. HGGSP — Première et Terminale générales — année scolaire 2026-2027 > 11.3 HGGSP Terminale > 11.3.1 Thème 1 — De nouveaux espaces de conquête > Jalons officiels du BO,4148,LNK2-0421,LNK3-0421
COBJ-0081,LINK-0432,2026-2027,Terminale HGGSP,HGGSP,THM-042,"Thème 2 — Faire la guerre, faire la paix : formes de conflits et modes de résolution",Jalons officiels du BO,PPO_BO,,,Clausewitz : de la guerre de Sept Ans aux guerres napoléoniennes,,,TOPIC_OR_CASE_STUDY,OBJECT_ONLY,NO_AUTOMATIC_DATE,0,,Resolved as curriculum object only: no single historical event/date should be invented.,,"11. HGGSP — Première et Terminale générales — année scolaire 2026-2027 > 11.3 HGGSP Terminale > 11.3.2 Thème 2 — Faire la guerre, faire la paix : formes de conflits et modes de résolution > Jalons officiels du BO",4175,LNK2-0432,LNK3-0432
COBJ-0082,LINK-0433,2026-2027,Terminale HGGSP,HGGSP,THM-042,"Thème 2 — Faire la guerre, faire la paix : formes de conflits et modes de résolution",Jalons officiels du BO,PPO_BO,,,Guerres irrégulières : d’Al-Qaïda à Daech,,,TOPIC_OR_CASE_STUDY,OBJECT_ONLY,NO_AUTOMATIC_DATE,0,,Resolved as curriculum object only: no single historical event/date should be invented.,,"11. HGGSP — Première et Terminale générales — année scolaire 2026-2027 > 11.3 HGGSP Terminale > 11.3.2 Thème 2 — Faire la guerre, faire la paix : formes de conflits et modes de résolution > Jalons officiels du BO",4176,LNK2-0433,LNK3-0433
COBJ-0083,LINK-0434,2026-2027,Terminale HGGSP,HGGSP,THM-042,"Thème 2 — Faire la guerre, faire la paix : formes de conflits et modes de résolution",Jalons officiels du BO,PPO_BO,,,Traités de Westphalie (1648),,,DATED_EVENT,LINK_EXISTING,AUTO_ALLOWED,1,EVT-0295,Resolved by linking to existing canonical event(s).,,"11. HGGSP — Première et Terminale générales — année scolaire 2026-2027 > 11.3 HGGSP Terminale > 11.3.2 Thème 2 — Faire la guerre, faire la paix : formes de conflits et modes de résolution > Jalons officiels du BO",4177,LNK2-0434,LNK3-0434
COBJ-0084,LINK-0435,2026-2027,Terminale HGGSP,HGGSP,THM-042,"Thème 2 — Faire la guerre, faire la paix : formes de conflits et modes de résolution",Jalons officiels du BO,PPO_BO,,,Actions de l’ONU sous Kofi Annan (1997-2006),,,EVENT_CLUSTER,LINK_EXISTING,CHILD_EVENTS_ONLY,2,EVT-0296;EVT-0297,Resolved by linking to existing canonical event(s).,,"11. HGGSP — Première et Terminale générales — année scolaire 2026-2027 > 11.3 HGGSP Terminale > 11.3.2 Thème 2 — Faire la guerre, faire la paix : formes de conflits et modes de résolution > Jalons officiels du BO",4178,LNK2-0435,LNK3-0435
COBJ-0085,LINK-0436,2026-2027,Terminale HGGSP,HGGSP,THM-042,"Thème 2 — Faire la guerre, faire la paix : formes de conflits et modes de résolution",Jalons officiels du BO,PPO_BO,,,Conflit israélo-arabe → israélo-palestinien et tentatives de résolution,,,TOPIC_WITH_ANCHOR,LINK_EXISTING,CHILD_EVENTS_ONLY,1,EVT-0298,Resolved by linking to existing canonical event(s).,,"11. HGGSP — Première et Terminale générales — année scolaire 2026-2027 > 11.3 HGGSP Terminale > 11.3.2 Thème 2 — Faire la guerre, faire la paix : formes de conflits et modes de résolution > Jalons officiels du BO",4179,LNK2-0436,LNK3-0436
COBJ-0086,LINK-0437,2026-2027,Terminale HGGSP,HGGSP,THM-042,"Thème 2 — Faire la guerre, faire la paix : formes de conflits et modes de résolution",Jalons officiels du BO,PPO_BO,,,Guerres du Golfe 1991 et 2003 et prolongements,,,EVENT_CLUSTER,LINK_EXISTING,CHILD_EVENTS_ONLY,4,EVT-0299;EVT-0300;EVT-0301;EVT-0302,Resolved by linking to existing canonical event(s).,,"11. HGGSP — Première et Terminale générales — année scolaire 2026-2027 > 11.3 HGGSP Terminale > 11.3.2 Thème 2 — Faire la guerre, faire la paix : formes de conflits et modes de résolution > Jalons officiels du BO",4180,LNK2-0437,LNK3-0437
COBJ-0087,LINK-0446,2026-2027,Terminale HGGSP,HGGSP,THM-043,Thème 3 — Histoire et mémoires,Jalons officiels du BO,PPO_BO,,,Débat historique sur les causes de la Première Guerre mondiale,,,EVENT_CLUSTER,LINK_EXISTING,CHILD_EVENTS_ONLY,2,EVT-0012;EVT-0089,Resolved by linking to existing canonical event(s).,,11. HGGSP — Première et Terminale générales — année scolaire 2026-2027 > 11.3 HGGSP Terminale > 11.3.3 Thème 3 — Histoire et mémoires > Jalons officiels du BO,4205,LNK2-0446,LNK3-0446
COBJ-0088,LINK-0447,2026-2027,Terminale HGGSP,HGGSP,THM-043,Thème 3 — Histoire et mémoires,Jalons officiels du BO,PPO_BO,,,Mémoires et histoire de la guerre d’Algérie,,,EVENT_CLUSTER,LINK_EXISTING,CHILD_EVENTS_ONLY,5,EVT-0120;EVT-0121;EVT-0122;EVT-0123;EVT-0124,Resolved by linking to existing canonical event(s).,,11. HGGSP — Première et Terminale générales — année scolaire 2026-2027 > 11.3 HGGSP Terminale > 11.3.3 Thème 3 — Histoire et mémoires > Jalons officiels du BO,4206,LNK2-0447,LNK3-0447
COBJ-0089,LINK-0448,2026-2027,Terminale HGGSP,HGGSP,THM-043,Thème 3 — Histoire et mémoires,Jalons officiels du BO,PPO_BO,,,Tribunaux gacaca face au génocide des Tutsis,,,TOPIC_OR_CASE_STUDY,OBJECT_ONLY,NO_AUTOMATIC_DATE,0,,Resolved as curriculum object only: no single historical event/date should be invented.,,11. HGGSP — Première et Terminale générales — année scolaire 2026-2027 > 11.3 HGGSP Terminale > 11.3.3 Thème 3 — Histoire et mémoires > Jalons officiels du BO,4207,LNK2-0448,LNK3-0448
COBJ-0090,LINK-0449,2026-2027,Terminale HGGSP,HGGSP,THM-043,Thème 3 — Histoire et mémoires,Jalons officiels du BO,PPO_BO,,,Tribunal pénal international pour l’ex-Yougoslavie,,,EVENT_CLUSTER,LINK_EXISTING,CHILD_EVENTS_ONLY,2,EVT-0305;EVT-0306,Resolved by linking to existing canonical event(s).,,11. HGGSP — Première et Terminale générales — année scolaire 2026-2027 > 11.3 HGGSP Terminale > 11.3.3 Thème 3 — Histoire et mémoires > Jalons officiels du BO,4208,LNK2-0449,LNK3-0449
COBJ-0091,LINK-0450,2026-2027,Terminale HGGSP,HGGSP,THM-043,Thème 3 — Histoire et mémoires,Jalons officiels du BO,PPO_BO,,,Lieux de mémoire du génocide des Juifs et des Tsiganes,,,TOPIC_OR_CASE_STUDY,OBJECT_ONLY,NO_AUTOMATIC_DATE,0,,Resolved as curriculum object only: no single historical event/date should be invented.,,11. HGGSP — Première et Terminale générales — année scolaire 2026-2027 > 11.3 HGGSP Terminale > 11.3.3 Thème 3 — Histoire et mémoires > Jalons officiels du BO,4209,LNK2-0450,LNK3-0450
COBJ-0092,LINK-0451,2026-2027,Terminale HGGSP,HGGSP,THM-043,Thème 3 — Histoire et mémoires,Jalons officiels du BO,PPO_BO,,,Juger les crimes nazis après Nuremberg,,,EVENT_CLUSTER,LINK_EXISTING,CHILD_EVENTS_ONLY,2,EVT-0307;EVT-0308,Resolved by linking to existing canonical event(s).,,11. HGGSP — Première et Terminale générales — année scolaire 2026-2027 > 11.3 HGGSP Terminale > 11.3.3 Thème 3 — Histoire et mémoires > Jalons officiels du BO,4210,LNK2-0451,LNK3-0451
COBJ-0093,LINK-0452,2026-2027,Terminale HGGSP,HGGSP,THM-043,Thème 3 — Histoire et mémoires,Jalons officiels du BO,PPO_BO,,,Génocide dans la littérature et le cinéma,,,TOPIC_OR_CASE_STUDY,OBJECT_ONLY,NO_AUTOMATIC_DATE,0,,Resolved as curriculum object only: no single historical event/date should be invented.,,11. HGGSP — Première et Terminale générales — année scolaire 2026-2027 > 11.3 HGGSP Terminale > 11.3.3 Thème 3 — Histoire et mémoires > Jalons officiels du BO,4211,LNK2-0452,LNK3-0452
COBJ-0094,LINK-0459,2026-2027,Terminale HGGSP,HGGSP,THM-044,"Thème 4 — Identifier, protéger et valoriser le patrimoine : enjeux géopolitiques",Jalons officiels du BO,PPO_BO,,,Usages de Versailles de l’Empire à nos jours,,,EVENT_CLUSTER,LINK_EXISTING,CHILD_EVENTS_ONLY,2,EVT-0154;EVT-0200,Resolved by linking to existing canonical event(s).,,"11. HGGSP — Première et Terminale générales — année scolaire 2026-2027 > 11.3 HGGSP Terminale > 11.3.4 Thème 4 — Identifier, protéger et valoriser le patrimoine : enjeux géopolitiques > Jalons officiels du BO",4234,LNK2-0459,LNK3-0459
COBJ-0095,LINK-0460,2026-2027,Terminale HGGSP,HGGSP,THM-044,"Thème 4 — Identifier, protéger et valoriser le patrimoine : enjeux géopolitiques",Jalons officiels du BO,PPO_BO,,,Frises du Parthénon depuis le XIXe siècle,,,TOPIC_OR_CASE_STUDY,OBJECT_ONLY,NO_AUTOMATIC_DATE,0,,Resolved as curriculum object only: no single historical event/date should be invented.,,"11. HGGSP — Première et Terminale générales — année scolaire 2026-2027 > 11.3 HGGSP Terminale > 11.3.4 Thème 4 — Identifier, protéger et valoriser le patrimoine : enjeux géopolitiques > Jalons officiels du BO",4235,LNK2-0460,LNK3-0460
COBJ-0096,LINK-0461,2026-2027,Terminale HGGSP,HGGSP,THM-044,"Thème 4 — Identifier, protéger et valoriser le patrimoine : enjeux géopolitiques",Jalons officiels du BO,PPO_BO,,,"Paris : urbanisation, développement et préservation",,,TOPIC_WITH_ANCHOR,LINK_EXISTING,CHILD_EVENTS_ONLY,1,EVT-0192,Resolved by linking to existing canonical event(s).,,"11. HGGSP — Première et Terminale générales — année scolaire 2026-2027 > 11.3 HGGSP Terminale > 11.3.4 Thème 4 — Identifier, protéger et valoriser le patrimoine : enjeux géopolitiques > Jalons officiels du BO",4236,LNK2-0461,LNK3-0461
COBJ-0097,LINK-0462,2026-2027,Terminale HGGSP,HGGSP,THM-044,"Thème 4 — Identifier, protéger et valoriser le patrimoine : enjeux géopolitiques",Jalons officiels du BO,PPO_BO,,,"Destruction, protection et restauration du patrimoine au Mali",,,EVENT_CLUSTER,LINK_EXISTING,CHILD_EVENTS_ONLY,2,EVT-0309;EVT-0310,Resolved by linking to existing canonical event(s).,,"11. HGGSP — Première et Terminale générales — année scolaire 2026-2027 > 11.3 HGGSP Terminale > 11.3.4 Thème 4 — Identifier, protéger et valoriser le patrimoine : enjeux géopolitiques > Jalons officiels du BO",4237,LNK2-0462,LNK3-0462
COBJ-0098,LINK-0463,2026-2027,Terminale HGGSP,HGGSP,THM-044,"Thème 4 — Identifier, protéger et valoriser le patrimoine : enjeux géopolitiques",Jalons officiels du BO,PPO_BO,,,Venise : tourisme culturel et protection,,,TOPIC_WITH_ANCHOR,LINK_EXISTING,CHILD_EVENTS_ONLY,1,EVT-0142,Resolved by linking to existing canonical event(s).,,"11. HGGSP — Première et Terminale générales — année scolaire 2026-2027 > 11.3 HGGSP Terminale > 11.3.4 Thème 4 — Identifier, protéger et valoriser le patrimoine : enjeux géopolitiques > Jalons officiels du BO",4238,LNK2-0463,LNK3-0463
COBJ-0099,LINK-0464,2026-2027,Terminale HGGSP,HGGSP,THM-044,"Thème 4 — Identifier, protéger et valoriser le patrimoine : enjeux géopolitiques",Jalons officiels du BO,PPO_BO,,,Politique publique française du patrimoine,,,TOPIC_OR_CASE_STUDY,OBJECT_ONLY,NO_AUTOMATIC_DATE,0,,Resolved as curriculum object only: no single historical event/date should be invented.,,"11. HGGSP — Première et Terminale générales — année scolaire 2026-2027 > 11.3 HGGSP Terminale > 11.3.4 Thème 4 — Identifier, protéger et valoriser le patrimoine : enjeux géopolitiques > Jalons officiels du BO",4239,LNK2-0464,LNK3-0464
COBJ-0100,LINK-0465,2026-2027,Terminale HGGSP,HGGSP,THM-044,"Thème 4 — Identifier, protéger et valoriser le patrimoine : enjeux géopolitiques",Jalons officiels du BO,PPO_BO,,,Bassin minier du Nord-Pas-de-Calais,,,DATED_EVENT,LINK_EXISTING,AUTO_ALLOWED,1,EVT-0311,Resolved by linking to existing canonical event(s).,,"11. HGGSP — Première et Terminale générales — année scolaire 2026-2027 > 11.3 HGGSP Terminale > 11.3.4 Thème 4 — Identifier, protéger et valoriser le patrimoine : enjeux géopolitiques > Jalons officiels du BO",4240,LNK2-0465,LNK3-0465
COBJ-0101,LINK-0466,2026-2027,Terminale HGGSP,HGGSP,THM-044,"Thème 4 — Identifier, protéger et valoriser le patrimoine : enjeux géopolitiques",Jalons officiels du BO,PPO_BO,,,Patrimoine comme rayonnement culturel / repas gastronomique des Français,,,DATED_EVENT,LINK_EXISTING,AUTO_ALLOWED,1,EVT-0312,Resolved by linking to existing canonical event(s).,,"11. HGGSP — Première et Terminale générales — année scolaire 2026-2027 > 11.3 HGGSP Terminale > 11.3.4 Thème 4 — Identifier, protéger et valoriser le patrimoine : enjeux géopolitiques > Jalons officiels du BO",4241,LNK2-0466,LNK3-0466
COBJ-0102,LINK-0471,2026-2027,Terminale HGGSP,HGGSP,THM-045,"Thème 5 — L’environnement, entre exploitation et protection : un enjeu planétaire",Jalons officiels du BO,PPO_BO,,,Forêt française depuis Colbert,,,DATED_EVENT,CREATE_AND_LINK,AUTO_ALLOWED,1,EVT-0367,Resolved by creating one or more canonical event/period records and linking them.,,"11. HGGSP — Première et Terminale générales — année scolaire 2026-2027 > 11.3 HGGSP Terminale > 11.3.5 Thème 5 — L’environnement, entre exploitation et protection : un enjeu planétaire > Jalons officiels du BO",4262,LNK2-0471,LNK3-0471
COBJ-0103,LINK-0472,2026-2027,Terminale HGGSP,HGGSP,THM-045,"Thème 5 — L’environnement, entre exploitation et protection : un enjeu planétaire",Jalons officiels du BO,PPO_BO,,,« Révolution néolithique » et « révolution industrielle »,,,EVENT_CLUSTER,LINK_EXISTING,CHILD_EVENTS_ONLY,3,EVT-0340;EVT-0009;EVT-0010,Resolved by linking to existing canonical event(s).,,"11. HGGSP — Première et Terminale générales — année scolaire 2026-2027 > 11.3 HGGSP Terminale > 11.3.5 Thème 5 — L’environnement, entre exploitation et protection : un enjeu planétaire > Jalons officiels du BO",4263,LNK2-0472,LNK3-0472
COBJ-0104,LINK-0473,2026-2027,Terminale HGGSP,HGGSP,THM-045,"Thème 5 — L’environnement, entre exploitation et protection : un enjeu planétaire",Jalons officiels du BO,PPO_BO,,,"Fluctuations climatiques en Europe, Moyen Âge-XIXe",,,TOPIC_OR_CASE_STUDY,OBJECT_ONLY,NO_AUTOMATIC_DATE,0,,Resolved as curriculum object only: no single historical event/date should be invented.,,"11. HGGSP — Première et Terminale générales — année scolaire 2026-2027 > 11.3 HGGSP Terminale > 11.3.5 Thème 5 — L’environnement, entre exploitation et protection : un enjeu planétaire > Jalons officiels du BO",4264,LNK2-0473,LNK3-0473
COBJ-0105,LINK-0474,2026-2027,Terminale HGGSP,HGGSP,THM-045,"Thème 5 — L’environnement, entre exploitation et protection : un enjeu planétaire",Jalons officiels du BO,PPO_BO,,,"Accords internationaux sur le climat : Sommets de la Terre, COP…",,,EVENT_CLUSTER,LINK_EXISTING,CHILD_EVENTS_ONLY,6,EVT-0316;EVT-0317;EVT-0318;EVT-0319;EVT-0320;EVT-0321,Resolved by linking to existing canonical event(s).,,"11. HGGSP — Première et Terminale générales — année scolaire 2026-2027 > 11.3 HGGSP Terminale > 11.3.5 Thème 5 — L’environnement, entre exploitation et protection : un enjeu planétaire > Jalons officiels du BO",4265,LNK2-0474,LNK3-0474
COBJ-0106,LINK-0475,2026-2027,Terminale HGGSP,HGGSP,THM-045,"Thème 5 — L’environnement, entre exploitation et protection : un enjeu planétaire",Jalons officiels du BO,PPO_BO,,,Environnement aux États-Unis depuis le XIXe siècle,,,EVENT_CLUSTER,LINK_EXISTING,CHILD_EVENTS_ONLY,3,EVT-0313;EVT-0314;EVT-0315,Resolved by linking to existing canonical event(s).,,"11. HGGSP — Première et Terminale générales — année scolaire 2026-2027 > 11.3 HGGSP Terminale > 11.3.5 Thème 5 — L’environnement, entre exploitation et protection : un enjeu planétaire > Jalons officiels du BO",4266,LNK2-0475,LNK3-0475
COBJ-0107,LINK-0476,2026-2027,Terminale HGGSP,HGGSP,THM-045,"Thème 5 — L’environnement, entre exploitation et protection : un enjeu planétaire",Jalons officiels du BO,PPO_BO,,,États-Unis et environnement à l’échelle internationale,,,EVENT_CLUSTER,LINK_EXISTING,CHILD_EVENTS_ONLY,6,EVT-0316;EVT-0317;EVT-0318;EVT-0319;EVT-0320;EVT-0321,Resolved by linking to existing canonical event(s).,,"11. HGGSP — Première et Terminale générales — année scolaire 2026-2027 > 11.3 HGGSP Terminale > 11.3.5 Thème 5 — L’environnement, entre exploitation et protection : un enjeu planétaire > Jalons officiels du BO",4267,LNK2-0476,LNK3-0476
COBJ-0108,LINK-0486,2026-2027,Terminale HGGSP,HGGSP,THM-046,Thème 6 — L’enjeu de la connaissance,Jalons officiels du BO,PPO_BO,,,Grandes étapes de l’alphabétisation des femmes du XVIe siècle à aujourd’hui,,,EVENT_CLUSTER,LINK_EXISTING,CHILD_EVENTS_ONLY,3,EVT-0086;EVT-0087;EVT-0088,Resolved by linking to existing canonical event(s).,,11. HGGSP — Première et Terminale générales — année scolaire 2026-2027 > 11.3 HGGSP Terminale > 11.3.6 Thème 6 — L’enjeu de la connaissance > Jalons officiels du BO,4293,LNK2-0486,LNK3-0486
COBJ-0109,LINK-0487,2026-2027,Terminale HGGSP,HGGSP,THM-046,Thème 6 — L’enjeu de la connaissance,Jalons officiels du BO,PPO_BO,,,Recherches sur la radioactivité de 1896 aux années 1950,,,EVENT_CLUSTER,LINK_EXISTING,CHILD_EVENTS_ONLY,4,EVT-0322;EVT-0323;EVT-0324;EVT-0325,Resolved by linking to existing canonical event(s).,,11. HGGSP — Première et Terminale générales — année scolaire 2026-2027 > 11.3 HGGSP Terminale > 11.3.6 Thème 6 — L’enjeu de la connaissance > Jalons officiels du BO,4294,LNK2-0487,LNK3-0487
COBJ-0110,LINK-0488,2026-2027,Terminale HGGSP,HGGSP,THM-046,Thème 6 — L’enjeu de la connaissance,Jalons officiels du BO,PPO_BO,,,Services secrets soviétiques et américains pendant la guerre froide,,,TOPIC_OR_CASE_STUDY,OBJECT_ONLY,NO_AUTOMATIC_DATE,0,,Resolved as curriculum object only: no single historical event/date should be invented.,,11. HGGSP — Première et Terminale générales — année scolaire 2026-2027 > 11.3 HGGSP Terminale > 11.3.6 Thème 6 — L’enjeu de la connaissance > Jalons officiels du BO,4295,LNK2-0488,LNK3-0488
COBJ-0111,LINK-0489,2026-2027,Terminale HGGSP,HGGSP,THM-046,Thème 6 — L’enjeu de la connaissance,Jalons officiels du BO,PPO_BO,,,"Circulation des étudiants, transferts technologiques et puissance : Inde",,,TOPIC_OR_CASE_STUDY,OBJECT_ONLY,NO_AUTOMATIC_DATE,0,,Resolved as curriculum object only: no single historical event/date should be invented.,,11. HGGSP — Première et Terminale générales — année scolaire 2026-2027 > 11.3 HGGSP Terminale > 11.3.6 Thème 6 — L’enjeu de la connaissance > Jalons officiels du BO,4296,LNK2-0489,LNK3-0489
COBJ-0112,LINK-0490,2026-2027,Terminale HGGSP,HGGSP,THM-046,Thème 6 — L’enjeu de la connaissance,Jalons officiels du BO,PPO_BO,,,"Cyberspace : réseaux, territoires, infrastructures, acteurs, données",,,TOPIC_OR_CASE_STUDY,OBJECT_ONLY,NO_AUTOMATIC_DATE,0,,Resolved as curriculum object only: no single historical event/date should be invented.,,11. HGGSP — Première et Terminale générales — année scolaire 2026-2027 > 11.3 HGGSP Terminale > 11.3.6 Thème 6 — L’enjeu de la connaissance > Jalons officiels du BO,4297,LNK2-0490,LNK3-0490
COBJ-0113,LINK-0491,2026-2027,Terminale HGGSP,HGGSP,THM-046,Thème 6 — L’enjeu de la connaissance,Jalons officiels du BO,PPO_BO,,,"Cyberdéfense : coopération européenne et souveraineté nationale, cas français",,,DATED_EVENT,LINK_EXISTING,AUTO_ALLOWED,1,EVT-0326,Resolved by linking to existing canonical event(s).,,11. HGGSP — Première et Terminale générales — année scolaire 2026-2027 > 11.3 HGGSP Terminale > 11.3.6 Thème 6 — L’enjeu de la connaissance > Jalons officiels du BO,4298,LNK2-0491,LNK3-0491
