occurrence_id,original_source_id,source_id,url,level,program_scope,section_path,source_line
OCC-0001,SRC-0001,SRC-0001,https://eduscol.education.gouv.fr/4791/ressources-d-accompagnement-du-programme-d-histoire-et-geographie-au-cycle-3,,Tronc commun,1. Calendrier d’application des programmes en 2026-2027,118
OCC-0002,SRC-0012,SRC-0001,https://eduscol.education.gouv.fr/4791/ressources-d-accompagnement-du-programme-d-histoire-et-geographie-au-cycle-3,CM2,Tronc commun,3. CM2 — année scolaire 2026-2027 > 3.1 Programme applicable,198
OCC-0003,SRC-0013,SRC-0001,https://eduscol.education.gouv.fr/4791/ressources-d-accompagnement-du-programme-d-histoire-et-geographie-au-cycle-3,CM2,Tronc commun,3. CM2 — année scolaire 2026-2027 > 3.5 Sources de contrôle principales CM2,250
OCC-0004,SRC-0022,SRC-0001,https://eduscol.education.gouv.fr/4791/ressources-d-accompagnement-du-programme-d-histoire-et-geographie-au-cycle-3,6e,Tronc commun,4. 6e — année scolaire 2026-2027 > 4.1 Programme applicable,286
OCC-0005,SRC-0002,SRC-0002,https://www.education.gouv.fr/sites/default/files/document/boenjs22pdf-516809.pdf,CM1,Tronc commun,2. CM1 — année scolaire 2026-2027 > 2.1 Programme applicable,136
OCC-0006,SRC-0005,SRC-0002,https://www.education.gouv.fr/sites/default/files/document/boenjs22pdf-516809.pdf,CM1,Tronc commun,2. CM1 — année scolaire 2026-2027 > 2.4 Sources de contrôle principales CM1,175
OCC-0007,SRC-0003,SRC-0003,https://actions-recherche.bnf.fr/bnf/anirw3.nsf/IX01/A2016000276_leonard-en-france-le-maitre-et-ses-eleves-500-ans-apres-la-traversee-des-alpes-1516-2016,CM1,Tronc commun,2. CM1 — année scolaire 2026-2027 > 2.3 Anomalie importante : Léonard de Vinci,170
OCC-0008,SRC-0004,SRC-0004,https://www.culture.gouv.fr/Media/Medias-creation-rapide/CVL-Laissez-vous-conter-la-Renaissance.pdf,CM1,Tronc commun,2. CM1 — année scolaire 2026-2027 > 2.3 Anomalie importante : Léonard de Vinci,171
OCC-0009,SRC-0006,SRC-0006,https://catalogue.bnf.fr/ark:/12148/cb16559188k,CM1,Tronc commun,2. CM1 — année scolaire 2026-2027 > 2.4 Sources de contrôle principales CM1,176
OCC-0010,SRC-0051,SRC-0006,https://catalogue.bnf.fr/ark:/12148/cb16559188k,5e,Tronc commun,5. 5e — année scolaire 2026-2027 > 5.4 Thème 3 — Transformations de l'Europe et ouverture sur le monde aux XVIe et XVIIe siècles > 13 avril 1598 : édit de Nantes,822
OCC-0011,SRC-0062,SRC-0006,https://catalogue.bnf.fr/ark:/12148/cb16559188k,5e,Tronc commun,5. 5e — année scolaire 2026-2027 > 5.7 Sources historiques de contrôle principales — 5e,949
OCC-0012,SRC-0180,SRC-0006,https://catalogue.bnf.fr/ark:/12148/cb16559188k,Seconde générale et technologique,Tronc commun,8. Seconde générale et technologique — année scolaire 2026-2027 > 8.5 Thème 3 — L’État à l’époque moderne : France et Angleterre > 8.5.6 Édit de Nantes / révocation : deux événements distincts,2363
OCC-0013,SRC-0202,SRC-0006,https://catalogue.bnf.fr/ark:/12148/cb16559188k,Seconde générale et technologique,Tronc commun,8. Seconde générale et technologique — année scolaire 2026-2027 > 8.10 Sources principales — Seconde > Vérification historique,2637
OCC-0014,SRC-0007,SRC-0007,https://expositions.bnf.fr/monde-en-spheres/reperes/index.html,CM1,Tronc commun,2. CM1 — année scolaire 2026-2027 > 2.4 Sources de contrôle principales CM1,177
OCC-0015,SRC-0008,SRC-0008,https://catalogue.bnf.fr/ark:/12148/cb150189772,CM1,Tronc commun,2. CM1 — année scolaire 2026-2027 > 2.4 Sources de contrôle principales CM1,178
OCC-0016,SRC-0009,SRC-0009,https://www.assemblee-nationale.fr/dyn/histoire-et-patrimoine/revolution-francaise/reunion-des-etats-generaux-les-cahiers-de-doleances,CM1,Tronc commun,2. CM1 — année scolaire 2026-2027 > 2.4 Sources de contrôle principales CM1,179
OCC-0017,SRC-0010,SRC-0010,https://www.assemblee-nationale.fr/dyn/histoire-et-patrimoine/revolution-francaise/nuit-du-4-aout-abolition-des-privileges,CM1,Tronc commun,2. CM1 — année scolaire 2026-2027 > 2.4 Sources de contrôle principales CM1,180
OCC-0018,SRC-0011,SRC-0011,https://www.assemblee-nationale.fr/dyn/histoire-et-patrimoine/revolution-francaise/la-declaration-des-droits-de-l-homme-et-du-citoyen,CM1,Tronc commun,2. CM1 — année scolaire 2026-2027 > 2.4 Sources de contrôle principales CM1,181
OCC-0019,SRC-0014,SRC-0014,https://www.legifrance.gouv.fr/jorf/id/JORFTEXT000000877117,CM2,Tronc commun,3. CM2 — année scolaire 2026-2027 > 3.5 Sources de contrôle principales CM2,251
OCC-0020,SRC-0015,SRC-0015,https://www.legifrance.gouv.fr/jorf/id/JORFTEXT000000877118,CM2,Tronc commun,3. CM2 — année scolaire 2026-2027 > 3.5 Sources de contrôle principales CM2,252
OCC-0021,SRC-0082,SRC-0015,https://www.legifrance.gouv.fr/jorf/id/JORFTEXT000000877118,4e,Tronc commun,"6. 4e — année scolaire 2026-2027 > 6.4 Thème 3 — Société, culture et politique dans la France du XIXe siècle > 6.4.5 Jules Ferry : le repère 1882 fusionne deux lois",1328
OCC-0022,SRC-0105,SRC-0015,https://www.legifrance.gouv.fr/jorf/id/JORFTEXT000000877118,4e,Tronc commun,6. 4e — année scolaire 2026-2027 > 6.7 Sources principales — 4e > Vérification historique / juridique,1502
OCC-0023,SRC-0016,SRC-0016,https://www.legifrance.gouv.fr/loda/id/JORFTEXT000000508749/1905-12-09,CM2,Tronc commun,3. CM2 — année scolaire 2026-2027 > 3.5 Sources de contrôle principales CM2,253
OCC-0024,SRC-0085,SRC-0016,https://www.legifrance.gouv.fr/loda/id/JORFTEXT000000508749/1905-12-09,4e,Tronc commun,"6. 4e — année scolaire 2026-2027 > 6.4 Thème 3 — Société, culture et politique dans la France du XIXe siècle > 6.4.7 Loi de séparation des Églises et de l'État",1370
OCC-0025,SRC-0108,SRC-0016,https://www.legifrance.gouv.fr/loda/id/JORFTEXT000000508749/1905-12-09,4e,Tronc commun,6. 4e — année scolaire 2026-2027 > 6.7 Sources principales — 4e > Vérification historique / juridique,1505
OCC-0026,SRC-0017,SRC-0017,https://www2.assemblee-nationale.fr/decouvrir-l-assemblee/histoire/le-suffrage-universel/la-conquete-de-la-citoyennete-politique-des-femmes/chronologie-du-droit-de-vote-et-d-eligibilite-des-femmes,CM2,Tronc commun,3. CM2 — année scolaire 2026-2027 > 3.5 Sources de contrôle principales CM2,254
OCC-0027,SRC-0162,SRC-0017,https://www2.assemblee-nationale.fr/decouvrir-l-assemblee/histoire/le-suffrage-universel/la-conquete-de-la-citoyennete-politique-des-femmes/chronologie-du-droit-de-vote-et-d-eligibilite-des-femmes,3e,Tronc commun,7. 3e — année scolaire 2026-2027 > 7.7 Sources principales — 3e > Vérification historique / juridique,2110
OCC-0028,SRC-0018,SRC-0018,https://european-union.europa.eu/principles-countries-history/europe-day_en,CM2,Tronc commun,3. CM2 — année scolaire 2026-2027 > 3.5 Sources de contrôle principales CM2,255
OCC-0029,SRC-0019,SRC-0019,https://www.consilium.europa.eu/fr/documents/treaties-agreements/agreement?id=1957002,CM2,Tronc commun,3. CM2 — année scolaire 2026-2027 > 3.5 Sources de contrôle principales CM2,256
OCC-0030,SRC-0020,SRC-0020,https://www.europarl.europa.eu/about-parliament/en/in-the-past/the-parliament-and-the-treaties/maastricht-treaty,CM2,Tronc commun,3. CM2 — année scolaire 2026-2027 > 3.5 Sources de contrôle principales CM2,257
OCC-0031,SRC-0021,SRC-0021,https://eduscol.education.gouv.fr/media/100806/download?attachment=,6e,Tronc commun,4. 6e — année scolaire 2026-2027 > 4.1 Programme applicable,283
OCC-0032,SRC-0023,SRC-0023,https://humanorigins.si.edu/research/climate-and-human-evolution/climate-effects-human-evolution,6e,Tronc commun,4. 6e — année scolaire 2026-2027 > 4.2 Thème 1 — La longue histoire de l’humanité et des migrations > Point scientifique important : outils ≠ nécessairement Homo,315
OCC-0033,SRC-0024,SRC-0024,https://www.britishmuseum.org/sites/default/files/2019-09/Visit_Mesopotamia_KS2b.pdf,6e,Tronc commun,4. 6e — année scolaire 2026-2027 > 4.2 Thème 1 — La longue histoire de l’humanité et des migrations > Point de vigilance : premières écritures,322
OCC-0034,SRC-0025,SRC-0025,https://www.metmuseum.org/art/collection/search/249281,6e,Tronc commun,"4. 6e — année scolaire 2026-2027 > 4.3 Thème 2 — Récits fondateurs, croyances et citoyenneté dans la Méditerranée antique > Fondation de Rome : règle spéciale",375
OCC-0035,SRC-0026,SRC-0026,https://turismoroma.it/it/eventi/753-ac-nasce-roma,6e,Tronc commun,"4. 6e — année scolaire 2026-2027 > 4.3 Thème 2 — Récits fondateurs, croyances et citoyenneté dans la Méditerranée antique > Fondation de Rome : règle spéciale",377
OCC-0036,SRC-0027,SRC-0027,https://www.metmuseum.org/fr/essays/roman-portrait-sculpture-the-stylistic-cycle,6e,Tronc commun,4. 6e — année scolaire 2026-2027 > 4.4 Thème 3 — L’Empire romain dans le monde antique > Anomalie Éduscol n°1 : Constantin « réunifie l’Empire en 305 »,425
OCC-0037,SRC-0028,SRC-0028,https://www.metmuseum.org/fr/essays/han-dynasty-206-b-c-220-a-d,6e,Tronc commun,4. 6e — année scolaire 2026-2027 > 4.4 Thème 3 — L’Empire romain dans le monde antique > Anomalie Éduscol n°2 : chronologie des Han,452
OCC-0038,SRC-0029,SRC-0029,https://82nd-and-fifth.metmuseum.org/toah/ht/05/eac.html,6e,Tronc commun,4. 6e — année scolaire 2026-2027 > 4.4 Thème 3 — L’Empire romain dans le monde antique > Anomalie Éduscol n°2 : chronologie des Han,453
OCC-0039,SRC-0030,SRC-0030,https://smarthistory.org/han-dynasty-intro,6e,Tronc commun,4. 6e — année scolaire 2026-2027 > 4.4 Thème 3 — L’Empire romain dans le monde antique > Anomalie Éduscol n°2 : chronologie des Han,454
OCC-0040,SRC-0031,SRC-0031,https://www.metmuseum.org/de/essays/the-roman-empire-27-b-c-393-a-d,6e,Tronc commun,4. 6e — année scolaire 2026-2027 > 4.4 Thème 3 — L’Empire romain dans le monde antique > Auguste : précision maximale,475
OCC-0041,SRC-0032,SRC-0032,https://www.cambridge.org/core/journals/studies-in-church-history/article/abs/imperial-law-or-councils-of-the-church-theodosius-i-and-the-imposition-of-doctrinal-uniformity/27C5C9FDF4D4B9D020FF10DDBDABFD5F,6e,Tronc commun,4. 6e — année scolaire 2026-2027 > 4.4 Thème 3 — L’Empire romain dans le monde antique > Édit de Thessalonique,482
OCC-0042,SRC-0033,SRC-0033,https://www.education.gouv.fr/bo/20/Hebdo31/MENE2018714A.htm,5e,Tronc commun,5. 5e — année scolaire 2026-2027 > 5.1 Programme applicable > Sources pédagogiques principales,554
OCC-0043,SRC-0034,SRC-0034,https://eduscol.education.gouv.fr/4362/enseigner-au-cycle-4,5e,Tronc commun,5. 5e — année scolaire 2026-2027 > 5.1 Programme applicable > Sources pédagogiques principales,555
OCC-0044,SRC-0064,SRC-0034,https://eduscol.education.gouv.fr/4362/enseigner-au-cycle-4,4e,Tronc commun,6. 4e — année scolaire 2026-2027 > 6.1 Programme applicable,968
OCC-0045,SRC-0089,SRC-0034,https://eduscol.education.gouv.fr/4362/enseigner-au-cycle-4,4e,Tronc commun,6. 4e — année scolaire 2026-2027 > 6.7 Sources principales — 4e > Programme / pédagogie,1483
OCC-0046,SRC-0111,SRC-0034,https://eduscol.education.gouv.fr/4362/enseigner-au-cycle-4,3e,Tronc commun,7. 3e — année scolaire 2026-2027 > 7.1 Programme applicable,1524
OCC-0047,SRC-0136,SRC-0034,https://eduscol.education.gouv.fr/4362/enseigner-au-cycle-4,3e,Tronc commun,7. 3e — année scolaire 2026-2027 > 7.7 Sources principales — 3e > Programme / pédagogie,2081
OCC-0048,SRC-0035,SRC-0035,https://eduscol.education.gouv.fr/5730/ressources-d-accompagnement-du-programme-d-histoire-geographie-au-cycle-4,5e,Tronc commun,5. 5e — année scolaire 2026-2027 > 5.1 Programme applicable > Sources pédagogiques principales,556
OCC-0049,SRC-0112,SRC-0035,https://eduscol.education.gouv.fr/5730/ressources-d-accompagnement-du-programme-d-histoire-geographie-au-cycle-4,3e,Tronc commun,7. 3e — année scolaire 2026-2027 > 7.1 Programme applicable,1525
OCC-0050,SRC-0137,SRC-0035,https://eduscol.education.gouv.fr/5730/ressources-d-accompagnement-du-programme-d-histoire-geographie-au-cycle-4,3e,Tronc commun,7. 3e — année scolaire 2026-2027 > 7.7 Sources principales — 3e > Programme / pédagogie,2082
OCC-0051,SRC-0036,SRC-0036,https://eduscol.education.gouv.fr/sites/default/files/document/c4his5th1chretientesetislam-dm593823pdf-78210.pdf,5e,Tronc commun,"5. 5e — année scolaire 2026-2027 > 5.2 Thème 1 — Chrétientés et islam (VIe-XIIIe siècles), des mondes en contact > Repères Éduscol explicitement indiqués",571
OCC-0052,SRC-0037,SRC-0037,https://aa.usno.navy.mil/downloads/c15_usb_online.pdf,5e,Tronc commun,"5. 5e — année scolaire 2026-2027 > 5.2 Thème 1 — Chrétientés et islam (VIe-XIIIe siècles), des mondes en contact > 622 : Hégire ≠ premier jour du calendrier hégirien",594
OCC-0053,SRC-0054,SRC-0037,https://aa.usno.navy.mil/downloads/c15_usb_online.pdf,5e,Tronc commun,5. 5e — année scolaire 2026-2027 > 5.7 Sources historiques de contrôle principales — 5e,941
OCC-0054,SRC-0038,SRC-0038,https://expositions.bnf.fr/rouge/bande/grand/116.htm,5e,Tronc commun,"5. 5e — année scolaire 2026-2027 > 5.2 Thème 1 — Chrétientés et islam (VIe-XIIIe siècles), des mondes en contact > 25 décembre 800 : couronnement de Charlemagne",618
OCC-0055,SRC-0053,SRC-0038,https://expositions.bnf.fr/rouge/bande/grand/116.htm,5e,Tronc commun,5. 5e — année scolaire 2026-2027 > 5.7 Sources historiques de contrôle principales — 5e,940
OCC-0056,SRC-0039,SRC-0039,https://catalogue.bnf.fr/ark:/12148/cb412329623,5e,Tronc commun,"5. 5e — année scolaire 2026-2027 > 5.2 Thème 1 — Chrétientés et islam (VIe-XIIIe siècles), des mondes en contact > 25 décembre 800 : couronnement de Charlemagne",619
OCC-0057,SRC-0040,SRC-0040,https://www.vatican.va/content/paul-vi/fr/speeches/1965/documents/hf-p-vi-spe-19651207-common-declaration.html,5e,Tronc commun,"5. 5e — année scolaire 2026-2027 > 5.2 Thème 1 — Chrétientés et islam (VIe-XIIIe siècles), des mondes en contact > 1054 : ne pas transformer une rupture progressive en « jour exact du schisme »",643
OCC-0058,SRC-0055,SRC-0040,https://www.vatican.va/content/paul-vi/fr/speeches/1965/documents/hf-p-vi-spe-19651207-common-declaration.html,5e,Tronc commun,5. 5e — année scolaire 2026-2027 > 5.7 Sources historiques de contrôle principales — 5e,942
OCC-0059,SRC-0041,SRC-0041,https://catalogue.bnf.fr/ark:/12148/cb15590665t,5e,Tronc commun,"5. 5e — année scolaire 2026-2027 > 5.2 Thème 1 — Chrétientés et islam (VIe-XIIIe siècles), des mondes en contact > Événements complémentaires directement utiles au thème 1",662
OCC-0060,SRC-0056,SRC-0041,https://catalogue.bnf.fr/ark:/12148/cb15590665t,5e,Tronc commun,5. 5e — année scolaire 2026-2027 > 5.7 Sources historiques de contrôle principales — 5e,943
OCC-0061,SRC-0042,SRC-0042,https://eduscol.education.gouv.fr/sites/default/files/document/c4his5th2societeseglisesetpouvoirpolitique-dm593825pdf-78213.pdf,5e,Tronc commun,"5. 5e — année scolaire 2026-2027 > 5.3 Thème 2 — Société, Église et pouvoir politique dans l'Occident féodal (XIe-XVe siècles) > Repères Éduscol explicitement indiqués",675
OCC-0062,SRC-0043,SRC-0043,https://www.persee.fr/doc/bsnaf_0081-1181_1967_num_1966_1_7564,5e,Tronc commun,"5. 5e — année scolaire 2026-2027 > 5.3 Thème 2 — Société, Église et pouvoir politique dans l'Occident féodal (XIe-XVe siècles) > Hugues Capet : 987 est sûr, le jour l'est beaucoup moins",694
OCC-0063,SRC-0057,SRC-0043,https://www.persee.fr/doc/bsnaf_0081-1181_1967_num_1966_1_7564,5e,Tronc commun,5. 5e — année scolaire 2026-2027 > 5.7 Sources historiques de contrôle principales — 5e,944
OCC-0064,SRC-0044,SRC-0044,https://www.persee.fr/doc/ahess_0395-2649_1988_num_43_3_283514,5e,Tronc commun,"5. 5e — année scolaire 2026-2027 > 5.3 Thème 2 — Société, Église et pouvoir politique dans l'Occident féodal (XIe-XVe siècles) > Hugues Capet : 987 est sûr, le jour l'est beaucoup moins",695
OCC-0065,SRC-0045,SRC-0045,https://catalogue.bnf.fr/ark:/12148/cb119864858,5e,Tronc commun,"5. 5e — année scolaire 2026-2027 > 5.3 Thème 2 — Société, Église et pouvoir politique dans l'Occident féodal (XIe-XVe siècles) > Bouvines : date précise solide",716
OCC-0066,SRC-0058,SRC-0045,https://catalogue.bnf.fr/ark:/12148/cb119864858,5e,Tronc commun,5. 5e — année scolaire 2026-2027 > 5.7 Sources historiques de contrôle principales — 5e,945
OCC-0067,SRC-0046,SRC-0046,https://catalogue.bnf.fr/ark:/12148/cb34779433t.public,5e,Tronc commun,"5. 5e — année scolaire 2026-2027 > 5.3 Thème 2 — Société, Église et pouvoir politique dans l'Occident féodal (XIe-XVe siècles) > Bouvines : date précise solide",717
OCC-0068,SRC-0047,SRC-0047,https://catalogue.bnf.fr/ark:/12148/cb11943274h,5e,Tronc commun,"5. 5e — année scolaire 2026-2027 > 5.3 Thème 2 — Société, Église et pouvoir politique dans l'Occident féodal (XIe-XVe siècles) > Guerre de Cent Ans : période conventionnelle, pas une guerre continue de 116 ans",736
OCC-0069,SRC-0059,SRC-0047,https://catalogue.bnf.fr/ark:/12148/cb11943274h,5e,Tronc commun,5. 5e — année scolaire 2026-2027 > 5.7 Sources historiques de contrôle principales — 5e,946
OCC-0070,SRC-0048,SRC-0048,https://eduscol.education.gouv.fr/media/78216/download?attachment=,5e,Tronc commun,5. 5e — année scolaire 2026-2027 > 5.4 Thème 3 — Transformations de l'Europe et ouverture sur le monde aux XVIe et XVIIe siècles > Repères Éduscol explicitement indiqués,767
OCC-0071,SRC-0049,SRC-0049,https://www.loc.gov/item/92501264,5e,Tronc commun,5. 5e — année scolaire 2026-2027 > 5.4 Thème 3 — Transformations de l'Europe et ouverture sur le monde aux XVIe et XVIIe siècles > 12 octobre 1492 : Colomb,793
OCC-0072,SRC-0060,SRC-0049,https://www.loc.gov/item/92501264,5e,Tronc commun,5. 5e — année scolaire 2026-2027 > 5.7 Sources historiques de contrôle principales — 5e,947
OCC-0073,SRC-0050,SRC-0050,https://ghdi.ghi-dc.org/pdf/eng/Doc.37-ENG-95%20Thesen.pdf,5e,Tronc commun,"5. 5e — année scolaire 2026-2027 > 5.4 Thème 3 — Transformations de l'Europe et ouverture sur le monde aux XVIe et XVIIe siècles > 31 octobre 1517 : Luther — date utilisable, geste à formuler prudemment",801
OCC-0074,SRC-0061,SRC-0050,https://ghdi.ghi-dc.org/pdf/eng/Doc.37-ENG-95%20Thesen.pdf,5e,Tronc commun,5. 5e — année scolaire 2026-2027 > 5.7 Sources historiques de contrôle principales — 5e,948
OCC-0075,SRC-0052,SRC-0052,https://www.chateauversailles.fr/decouvrir/les-ressources/versailles-cour,5e,Tronc commun,5. 5e — année scolaire 2026-2027 > 5.4 Thème 3 — Transformations de l'Europe et ouverture sur le monde aux XVIe et XVIIe siècles > Louis XIV : correction indispensable de la formulation Éduscol,830
OCC-0076,SRC-0063,SRC-0052,https://www.chateauversailles.fr/decouvrir/les-ressources/versailles-cour,5e,Tronc commun,5. 5e — année scolaire 2026-2027 > 5.7 Sources historiques de contrôle principales — 5e,950
OCC-0077,SRC-0065,SRC-0065,https://eduscol.education.gouv.fr/sites/default/files/document/c4his4th1xviiiesiecleexpansionslumieresrevolutions-dm593815pdf-78219.pdf,4e,Tronc commun,"6. 4e — année scolaire 2026-2027 > 6.2 Thème 1 — Le XVIIIe siècle. Expansions, Lumières et révolutions > 6.2.2 Repères Éduscol officiels",995
OCC-0078,SRC-0090,SRC-0065,https://eduscol.education.gouv.fr/sites/default/files/document/c4his4th1xviiiesiecleexpansionslumieresrevolutions-dm593815pdf-78219.pdf,4e,Tronc commun,6. 4e — année scolaire 2026-2027 > 6.7 Sources principales — 4e > Programme / pédagogie,1484
OCC-0079,SRC-0066,SRC-0066,https://catalogue.bnf.fr/ark:/12148/cb11931970c.public,4e,Tronc commun,"6. 4e — année scolaire 2026-2027 > 6.2 Thème 1 — Le XVIIIe siècle. Expansions, Lumières et révolutions > 6.2.3 Encyclopédie : conserver la plage 1751-1772",1019
OCC-0080,SRC-0093,SRC-0066,https://catalogue.bnf.fr/ark:/12148/cb11931970c.public,4e,Tronc commun,6. 4e — année scolaire 2026-2027 > 6.7 Sources principales — 4e > Vérification historique / juridique,1490
OCC-0081,SRC-0067,SRC-0067,https://classes.bnf.fr/dossitsm/fabrency.htm,4e,Tronc commun,"6. 4e — année scolaire 2026-2027 > 6.2 Thème 1 — Le XVIIIe siècle. Expansions, Lumières et révolutions > 6.2.3 Encyclopédie : conserver la plage 1751-1772",1020
OCC-0082,SRC-0068,SRC-0068,https://www2.assemblee-nationale.fr/14/evenements/2016/abolition-de-l-esclavage-1794-et-1848,4e,Tronc commun,"6. 4e — année scolaire 2026-2027 > 6.2 Thème 1 — Le XVIIIe siècle. Expansions, Lumières et révolutions > 6.2.5 Esclavage pendant Révolution et Empire : événements à séparer",1050
OCC-0083,SRC-0099,SRC-0068,https://www2.assemblee-nationale.fr/14/evenements/2016/abolition-de-l-esclavage-1794-et-1848,4e,Tronc commun,6. 4e — année scolaire 2026-2027 > 6.7 Sources principales — 4e > Vérification historique / juridique,1496
OCC-0084,SRC-0069,SRC-0069,https://www2.assemblee-nationale.fr/14/evenements/2016/abolition-de-l-esclavage-1794-et-1848/1848-l-abolition-definitive,4e,Tronc commun,"6. 4e — année scolaire 2026-2027 > 6.2 Thème 1 — Le XVIIIe siècle. Expansions, Lumières et révolutions > 6.2.5 Esclavage pendant Révolution et Empire : événements à séparer",1051
OCC-0085,SRC-0070,SRC-0070,https://www.assemblee-nationale.fr/dyn/histoire-et-patrimoine/revolution-francaise/le-coup-d-etat-des-18-et-19-brumaire-an-viii,4e,Tronc commun,"6. 4e — année scolaire 2026-2027 > 6.2 Thème 1 — Le XVIIIe siècle. Expansions, Lumières et révolutions > 6.2.6 Napoléon : ne surtout pas stocker 1799-1815 comme une période continue",1079
OCC-0086,SRC-0094,SRC-0070,https://www.assemblee-nationale.fr/dyn/histoire-et-patrimoine/revolution-francaise/le-coup-d-etat-des-18-et-19-brumaire-an-viii,4e,Tronc commun,6. 4e — année scolaire 2026-2027 > 6.7 Sources principales — 4e > Vérification historique / juridique,1491
OCC-0087,SRC-0071,SRC-0071,https://www.napoleon.org/histoire-des-2-empires/articles/le-role-de-caulaincourt-dans-labdication-de-napoleon-ier-et-la-negociation-du-traite-de-fontainebleau-en-avril-1814,4e,Tronc commun,"6. 4e — année scolaire 2026-2027 > 6.2 Thème 1 — Le XVIIIe siècle. Expansions, Lumières et révolutions > 6.2.6 Napoléon : ne surtout pas stocker 1799-1815 comme une période continue",1080
OCC-0088,SRC-0095,SRC-0071,https://www.napoleon.org/histoire-des-2-empires/articles/le-role-de-caulaincourt-dans-labdication-de-napoleon-ier-et-la-negociation-du-traite-de-fontainebleau-en-avril-1814,4e,Tronc commun,6. 4e — année scolaire 2026-2027 > 6.7 Sources principales — 4e > Vérification historique / juridique,1492
OCC-0089,SRC-0072,SRC-0072,https://www.napoleon.org/histoire-des-2-empires/chronologies/vie-et-regne-de-napoleon,4e,Tronc commun,"6. 4e — année scolaire 2026-2027 > 6.2 Thème 1 — Le XVIIIe siècle. Expansions, Lumières et révolutions > 6.2.6 Napoléon : ne surtout pas stocker 1799-1815 comme une période continue",1081
OCC-0090,SRC-0096,SRC-0072,https://www.napoleon.org/histoire-des-2-empires/chronologies/vie-et-regne-de-napoleon,4e,Tronc commun,6. 4e — année scolaire 2026-2027 > 6.7 Sources principales — 4e > Vérification historique / juridique,1493
OCC-0091,SRC-0073,SRC-0073,https://www.napoleon.org/histoire-des-2-empires/articles/22-juin-1815-lavenement-de-napoleon-ii,4e,Tronc commun,"6. 4e — année scolaire 2026-2027 > 6.2 Thème 1 — Le XVIIIe siècle. Expansions, Lumières et révolutions > 6.2.6 Napoléon : ne surtout pas stocker 1799-1815 comme une période continue",1082
OCC-0092,SRC-0097,SRC-0073,https://www.napoleon.org/histoire-des-2-empires/articles/22-juin-1815-lavenement-de-napoleon-ii,4e,Tronc commun,6. 4e — année scolaire 2026-2027 > 6.7 Sources principales — 4e > Vérification historique / juridique,1494
OCC-0093,SRC-0074,SRC-0074,https://www.assemblee-nationale.fr/dyn/histoire-et-patrimoine/consulat-et-premier-empire/la-codification-juridique,4e,Tronc commun,"6. 4e — année scolaire 2026-2027 > 6.2 Thème 1 — Le XVIIIe siècle. Expansions, Lumières et révolutions > 6.2.7 Code civil : événement direct à intégrer",1102
OCC-0094,SRC-0098,SRC-0074,https://www.assemblee-nationale.fr/dyn/histoire-et-patrimoine/consulat-et-premier-empire/la-codification-juridique,4e,Tronc commun,6. 4e — année scolaire 2026-2027 > 6.7 Sources principales — 4e > Vérification historique / juridique,1495
OCC-0095,SRC-0075,SRC-0075,https://eduscol.education.gouv.fr/sites/default/files/document/c4his4th2leuropeetlemondexixesiecle-dm593819pdf-78222.pdf,4e,Tronc commun,6. 4e — année scolaire 2026-2027 > 6.3 Thème 2 — L'Europe et le monde au XIXe siècle > 6.3.2 Repères Éduscol officiels,1130
OCC-0096,SRC-0091,SRC-0075,https://eduscol.education.gouv.fr/sites/default/files/document/c4his4th2leuropeetlemondexixesiecle-dm593819pdf-78222.pdf,4e,Tronc commun,6. 4e — année scolaire 2026-2027 > 6.7 Sources principales — 4e > Programme / pédagogie,1485
OCC-0097,SRC-0076,SRC-0076,https://www.assemblee-nationale.fr/dyn/histoire-et-patrimoine/deuxieme-republique/l-abolition-de-l-esclavage,4e,Tronc commun,6. 4e — année scolaire 2026-2027 > 6.3 Thème 2 — L'Europe et le monde au XIXe siècle > 6.3.4 1848 : deux réalités différentes dans un seul repère > Seconde abolition de l'esclavage en France,1178
OCC-0098,SRC-0100,SRC-0076,https://www.assemblee-nationale.fr/dyn/histoire-et-patrimoine/deuxieme-republique/l-abolition-de-l-esclavage,4e,Tronc commun,6. 4e — année scolaire 2026-2027 > 6.7 Sources principales — 4e > Vérification historique / juridique,1497
OCC-0099,SRC-0077,SRC-0077,https://www.gov.ie/en/office-of-public-works/organisation-information/history-of-the-office-of-public-works,4e,Tronc commun,6. 4e — année scolaire 2026-2027 > 6.3 Thème 2 — L'Europe et le monde au XIXe siècle > 6.3.5 QA — grande famine irlandaise : Éduscol se trompe sur la fin,1204
OCC-0100,SRC-0101,SRC-0077,https://www.gov.ie/en/office-of-public-works/organisation-information/history-of-the-office-of-public-works,4e,Tronc commun,6. 4e — année scolaire 2026-2027 > 6.7 Sources principales — 4e > Vérification historique / juridique,1498
OCC-0101,SRC-0078,SRC-0078,https://www.paris.fr/pages/sur-les-traces-des-expositions-universelles-de-paris-2-2-19671,4e,Tronc commun,6. 4e — année scolaire 2026-2027 > 6.3 Thème 2 — L'Europe et le monde au XIXe siècle > 6.3.6 Exposition universelle de Paris de 1900,1229
OCC-0102,SRC-0102,SRC-0078,https://www.paris.fr/pages/sur-les-traces-des-expositions-universelles-de-paris-2-2-19671,4e,Tronc commun,6. 4e — année scolaire 2026-2027 > 6.7 Sources principales — 4e > Vérification historique / juridique,1499
OCC-0103,SRC-0079,SRC-0079,https://eduscol.education.gouv.fr/sites/default/files/document/c4his4th3societecultureetpolitiquedanslafranceduxixesiecle-dm593821pdf-78225.pdf,4e,Tronc commun,"6. 4e — année scolaire 2026-2027 > 6.4 Thème 3 — Société, culture et politique dans la France du XIXe siècle > 6.4.2 Repères Éduscol officiels",1267
OCC-0104,SRC-0092,SRC-0079,https://eduscol.education.gouv.fr/sites/default/files/document/c4his4th3societecultureetpolitiquedanslafranceduxixesiecle-dm593821pdf-78225.pdf,4e,Tronc commun,6. 4e — année scolaire 2026-2027 > 6.7 Sources principales — 4e > Programme / pédagogie,1486
OCC-0105,SRC-0080,SRC-0080,https://www.vie-publique.fr/fiches/23911-quelles-sont-les-etapes-de-la-conquetes-du-droit-de-vote,4e,Tronc commun,"6. 4e — année scolaire 2026-2027 > 6.4 Thème 3 — Société, culture et politique dans la France du XIXe siècle > 6.4.3 1848 : « suffrage universel » = suffrage universel masculin dans ce contexte",1291
OCC-0106,SRC-0103,SRC-0080,https://www.vie-publique.fr/fiches/23911-quelles-sont-les-etapes-de-la-conquetes-du-droit-de-vote,4e,Tronc commun,6. 4e — année scolaire 2026-2027 > 6.7 Sources principales — 4e > Vérification historique / juridique,1500
OCC-0107,SRC-0081,SRC-0081,https://www2.assemblee-nationale.fr/decouvrir-l-assemblee/histoire/le-suffrage-universel/la-republique-et-le-suffrage-universel/1870-1940-la-iiieme-republique-ou-l-avenement-du-suffrage-universel-masculin,4e,Tronc commun,"6. 4e — année scolaire 2026-2027 > 6.4 Thème 3 — Société, culture et politique dans la France du XIXe siècle > 6.4.4 Proclamation de la Troisième République",1312
OCC-0108,SRC-0104,SRC-0081,https://www2.assemblee-nationale.fr/decouvrir-l-assemblee/histoire/le-suffrage-universel/la-republique-et-le-suffrage-universel/1870-1940-la-iiieme-republique-ou-l-avenement-du-suffrage-universel-masculin,4e,Tronc commun,6. 4e — année scolaire 2026-2027 > 6.7 Sources principales — 4e > Vérification historique / juridique,1501
OCC-0109,SRC-0083,SRC-0083,https://www.legifrance.gouv.fr/loda/id/LEGITEXT000006070887,4e,Tronc commun,"6. 4e — année scolaire 2026-2027 > 6.4 Thème 3 — Société, culture et politique dans la France du XIXe siècle > 6.4.5 Jules Ferry : le repère 1882 fusionne deux lois",1329
OCC-0110,SRC-0106,SRC-0083,https://www.legifrance.gouv.fr/loda/id/LEGITEXT000006070887,4e,Tronc commun,6. 4e — année scolaire 2026-2027 > 6.7 Sources principales — 4e > Vérification historique / juridique,1503
OCC-0111,SRC-0084,SRC-0084,https://francearchives.gouv.fr/fr/pages_histoire/39548,4e,Tronc commun,"6. 4e — année scolaire 2026-2027 > 6.4 Thème 3 — Société, culture et politique dans la France du XIXe siècle > 6.4.6 Affaire Dreyfus : stocker la séquence et ses jalons",1347
OCC-0112,SRC-0107,SRC-0084,https://francearchives.gouv.fr/fr/pages_histoire/39548,4e,Tronc commun,6. 4e — année scolaire 2026-2027 > 6.7 Sources principales — 4e > Vérification historique / juridique,1504
OCC-0113,SRC-0086,SRC-0086,https://ccfr.bnf.fr/portailccfr/ark:/16871/004b1720868,4e,Tronc commun,"6. 4e — année scolaire 2026-2027 > 6.4 Thème 3 — Société, culture et politique dans la France du XIXe siècle > 6.4.8 Conditions féminines : événements précis à intégrer comme extensions directes",1385
OCC-0114,SRC-0109,SRC-0086,https://ccfr.bnf.fr/portailccfr/ark:/16871/004b1720868,4e,Tronc commun,6. 4e — année scolaire 2026-2027 > 6.7 Sources principales — 4e > Vérification historique / juridique,1506
OCC-0115,SRC-0087,SRC-0087,https://www.legifrance.gouv.fr/loda/id/JORFTEXT000017727195/2026-08-24,4e,Tronc commun,"6. 4e — année scolaire 2026-2027 > 6.4 Thème 3 — Société, culture et politique dans la France du XIXe siècle > 6.4.8 Conditions féminines : événements précis à intégrer comme extensions directes",1386
OCC-0116,SRC-0088,SRC-0088,https://www.legifrance.gouv.fr/jorf/id/JORFTEXT000000508986,4e,Tronc commun,"6. 4e — année scolaire 2026-2027 > 6.4 Thème 3 — Société, culture et politique dans la France du XIXe siècle > 6.4.8 Conditions féminines : événements précis à intégrer comme extensions directes",1387
OCC-0117,SRC-0110,SRC-0088,https://www.legifrance.gouv.fr/jorf/id/JORFTEXT000000508986,4e,Tronc commun,6. 4e — année scolaire 2026-2027 > 6.7 Sources principales — 4e > Vérification historique / juridique,1507
OCC-0118,SRC-0113,SRC-0113,https://eduscol.education.gouv.fr/sites/default/files/document/c4his3th1leuropetheatremajeurguerrestotales-dm593802pdf-78228.pdf,3e,Tronc commun,"7. 3e — année scolaire 2026-2027 > 7.2 Thème 1 — L'Europe, un théâtre majeur des guerres totales (1914-1945) > 7.2.1 Sous-thèmes officiels",1543
OCC-0119,SRC-0138,SRC-0113,https://eduscol.education.gouv.fr/sites/default/files/document/c4his3th1leuropetheatremajeurguerrestotales-dm593802pdf-78228.pdf,3e,Tronc commun,7. 3e — année scolaire 2026-2027 > 7.7 Sources principales — 3e > Programme / pédagogie,2083
OCC-0120,SRC-0114,SRC-0114,https://encyclopedia.ushmm.org/content/en/timeline-event/holocaust/before-1933/the-armenian-genocide,3e,Tronc commun,"7. 3e — année scolaire 2026-2027 > 7.2 Thème 1 — L'Europe, un théâtre majeur des guerres totales (1914-1945) > 7.2.3 Première Guerre mondiale : garder la période, mais aussi les événements précis",1571
OCC-0121,SRC-0142,SRC-0114,https://encyclopedia.ushmm.org/content/en/timeline-event/holocaust/before-1933/the-armenian-genocide,3e,Tronc commun,7. 3e — année scolaire 2026-2027 > 7.7 Sources principales — 3e > Vérification historique / juridique,2090
OCC-0122,SRC-0115,SRC-0115,https://encyclopedia.ushmm.org/content/en/timeline-event/holocaust/1933-1938/hitler-appointed-chancellor,3e,Tronc commun,"7. 3e — année scolaire 2026-2027 > 7.2 Thème 1 — L'Europe, un théâtre majeur des guerres totales (1914-1945) > 7.2.5 Allemagne hitlérienne : 1933-1945 est un repère de régime, pas une date unique",1616
OCC-0123,SRC-0141,SRC-0115,https://encyclopedia.ushmm.org/content/en/timeline-event/holocaust/1933-1938/hitler-appointed-chancellor,3e,Tronc commun,7. 3e — année scolaire 2026-2027 > 7.7 Sources principales — 3e > Vérification historique / juridique,2089
OCC-0124,SRC-0116,SRC-0116,https://www.assemblee-nationale.fr/dyn/histoire-et-patrimoine/troisieme-republique/adoption-et-publication-du-programme-du-rassemblement-populaire-victoire-du-front-populaire,3e,Tronc commun,"7. 3e — année scolaire 2026-2027 > 7.2 Thème 1 — L'Europe, un théâtre majeur des guerres totales (1914-1945) > 7.2.6 Front populaire : 1936 doit se décomposer en plusieurs événements",1634
OCC-0125,SRC-0143,SRC-0116,https://www.assemblee-nationale.fr/dyn/histoire-et-patrimoine/troisieme-republique/adoption-et-publication-du-programme-du-rassemblement-populaire-victoire-du-front-populaire,3e,Tronc commun,7. 3e — année scolaire 2026-2027 > 7.7 Sources principales — 3e > Vérification historique / juridique,2091
OCC-0126,SRC-0117,SRC-0117,https://www.vie-publique.fr/lettre_essentiel/37,3e,Tronc commun,"7. 3e — année scolaire 2026-2027 > 7.2 Thème 1 — L'Europe, un théâtre majeur des guerres totales (1914-1945) > 7.2.6 Front populaire : 1936 doit se décomposer en plusieurs événements",1635
OCC-0127,SRC-0118,SRC-0118,https://www.assemblee-nationale.fr/dyn/histoire-et-patrimoine/deuxieme-guerre-mondiale/des-decrets-lois-du-gouvernement-daladier-au-vote-par-la-chambre-des-deputes-et-le-senat-des-pleins-pouvoirs-au-marechal-petain,3e,Tronc commun,"7. 3e — année scolaire 2026-2027 > 7.2 Thème 1 — L'Europe, un théâtre majeur des guerres totales (1914-1945) > 7.2.8 Vichy, France libre, Résistance : séparer toute la séquence de juin-juillet 1940",1678
OCC-0128,SRC-0144,SRC-0118,https://www.assemblee-nationale.fr/dyn/histoire-et-patrimoine/deuxieme-guerre-mondiale/des-decrets-lois-du-gouvernement-daladier-au-vote-par-la-chambre-des-deputes-et-le-senat-des-pleins-pouvoirs-au-marechal-petain,3e,Tronc commun,7. 3e — année scolaire 2026-2027 > 7.7 Sources principales — 3e > Vérification historique / juridique,2092
OCC-0129,SRC-0119,SRC-0119,https://www.assemblee-nationale.fr/dyn/histoire-et-patrimoine/deuxieme-guerre-mondiale/creation-du-conseil-de-la-resistance-et-programme-du-cnr,3e,Tronc commun,"7. 3e — année scolaire 2026-2027 > 7.2 Thème 1 — L'Europe, un théâtre majeur des guerres totales (1914-1945) > 7.2.8 Vichy, France libre, Résistance : séparer toute la séquence de juin-juillet 1940",1679
OCC-0130,SRC-0131,SRC-0119,https://www.assemblee-nationale.fr/dyn/histoire-et-patrimoine/deuxieme-guerre-mondiale/creation-du-conseil-de-la-resistance-et-programme-du-cnr,3e,Tronc commun,7. 3e — année scolaire 2026-2027 > 7.4 Thème 3 — Françaises et Français dans une République repensée > 7.4.3 1944-1945 : un repère scolaire qui regroupe beaucoup d'événements,1870
OCC-0131,SRC-0146,SRC-0119,https://www.assemblee-nationale.fr/dyn/histoire-et-patrimoine/deuxieme-guerre-mondiale/creation-du-conseil-de-la-resistance-et-programme-du-cnr,3e,Tronc commun,7. 3e — année scolaire 2026-2027 > 7.7 Sources principales — 3e > Vérification historique / juridique,2094
OCC-0132,SRC-0120,SRC-0120,https://www.memorialdelashoah.org/16-et-17-juillet-1942-la-rafle-du-vel-dhiv.html,3e,Tronc commun,"7. 3e — année scolaire 2026-2027 > 7.2 Thème 1 — L'Europe, un théâtre majeur des guerres totales (1914-1945) > 7.2.9 Persécution et génocide des Juifs : ne pas écraser les étapes",1690
OCC-0133,SRC-0145,SRC-0120,https://www.memorialdelashoah.org/16-et-17-juillet-1942-la-rafle-du-vel-dhiv.html,3e,Tronc commun,7. 3e — année scolaire 2026-2027 > 7.7 Sources principales — 3e > Vérification historique / juridique,2093
OCC-0134,SRC-0121,SRC-0121,https://eduscol.education.gouv.fr/sites/default/files/document/c4his3th2lemondedepuis1945593805pdf-78231.pdf,3e,Tronc commun,7. 3e — année scolaire 2026-2027 > 7.3 Thème 2 — Le monde depuis 1945 > 7.3.1 Sous-thèmes officiels,1708
OCC-0135,SRC-0139,SRC-0121,https://eduscol.education.gouv.fr/sites/default/files/document/c4his3th2lemondedepuis1945593805pdf-78231.pdf,3e,Tronc commun,7. 3e — année scolaire 2026-2027 > 7.7 Sources principales — 3e > Programme / pédagogie,2084
OCC-0136,SRC-0122,SRC-0122,https://history.state.gov/milestones/1945-1952/truman-doctrine,3e,Tronc commun,7. 3e — année scolaire 2026-2027 > 7.3 Thème 2 — Le monde depuis 1945 > 7.3.4 Guerre froide : 1947-1991 reste une convention historiographique,1760
OCC-0137,SRC-0147,SRC-0122,https://history.state.gov/milestones/1945-1952/truman-doctrine,3e,Tronc commun,7. 3e — année scolaire 2026-2027 > 7.7 Sources principales — 3e > Vérification historique / juridique,2095
OCC-0138,SRC-0123,SRC-0123,https://history.state.gov/milestones/1945-1952/berlin-airlift,3e,Tronc commun,7. 3e — année scolaire 2026-2027 > 7.3 Thème 2 — Le monde depuis 1945 > 7.3.4 Guerre froide : 1947-1991 reste une convention historiographique,1761
OCC-0139,SRC-0148,SRC-0123,https://history.state.gov/milestones/1945-1952/berlin-airlift,3e,Tronc commun,7. 3e — année scolaire 2026-2027 > 7.7 Sources principales — 3e > Vérification historique / juridique,2096
OCC-0140,SRC-0124,SRC-0124,https://www.stiftung-berliner-mauer.de/de/themen/die-berliner-mauer,3e,Tronc commun,7. 3e — année scolaire 2026-2027 > 7.3 Thème 2 — Le monde depuis 1945 > 7.3.4 Guerre froide : 1947-1991 reste une convention historiographique,1762
OCC-0141,SRC-0149,SRC-0124,https://www.stiftung-berliner-mauer.de/de/themen/die-berliner-mauer,3e,Tronc commun,7. 3e — année scolaire 2026-2027 > 7.7 Sources principales — 3e > Vérification historique / juridique,2097
OCC-0142,SRC-0125,SRC-0125,https://www.bundesregierung.de/breg-de/schwerpunkte/deutsche-einheit/die-mauer-ist-offen--403858,3e,Tronc commun,7. 3e — année scolaire 2026-2027 > 7.3 Thème 2 — Le monde depuis 1945 > 7.3.4 Guerre froide : 1947-1991 reste une convention historiographique,1763
OCC-0143,SRC-0129,SRC-0125,https://www.bundesregierung.de/breg-de/schwerpunkte/deutsche-einheit/die-mauer-ist-offen--403858,3e,Tronc commun,7. 3e — année scolaire 2026-2027 > 7.3 Thème 2 — Le monde depuis 1945 > 7.3.7 9 novembre 1989 : un excellent événement jour/mois/année,1828
OCC-0144,SRC-0150,SRC-0125,https://www.bundesregierung.de/breg-de/schwerpunkte/deutsche-einheit/die-mauer-ist-offen--403858,3e,Tronc commun,7. 3e — année scolaire 2026-2027 > 7.7 Sources principales — 3e > Vérification historique / juridique,2098
OCC-0145,SRC-0126,SRC-0126,https://european-union.europa.eu/principles-countries-history/history-eu/1945-59_fr,3e,Tronc commun,7. 3e — année scolaire 2026-2027 > 7.3 Thème 2 — Le monde depuis 1945 > 7.3.5 Construction européenne : réutiliser les événements déjà audités,1784
OCC-0146,SRC-0151,SRC-0126,https://european-union.europa.eu/principles-countries-history/history-eu/1945-59_fr,3e,Tronc commun,7. 3e — année scolaire 2026-2027 > 7.7 Sources principales — 3e > Vérification historique / juridique,2099
OCC-0147,SRC-0127,SRC-0127,https://www.consilium.europa.eu/fr/schuman-declaration,3e,Tronc commun,7. 3e — année scolaire 2026-2027 > 7.3 Thème 2 — Le monde depuis 1945 > 7.3.5 Construction européenne : réutiliser les événements déjà audités,1785
OCC-0148,SRC-0152,SRC-0127,https://www.consilium.europa.eu/fr/schuman-declaration,3e,Tronc commun,7. 3e — année scolaire 2026-2027 > 7.7 Sources principales — 3e > Vérification historique / juridique,2100
OCC-0149,SRC-0128,SRC-0128,https://www.diplomatie.gouv.fr/fr/archives-bibliotheque/publications-et-travaux-scientifiques/hors-collection/vers-la-paix-en-algerie-les-negociations-d-evian-dans-les-archives-diplomatiques-francaises,3e,Tronc commun,7. 3e — année scolaire 2026-2027 > 7.3 Thème 2 — Le monde depuis 1945 > 7.3.6 1962 : indépendance de l'Algérie — surtout ne pas réduire à un seul jour générique,1800
OCC-0150,SRC-0153,SRC-0128,https://www.diplomatie.gouv.fr/fr/archives-bibliotheque/publications-et-travaux-scientifiques/hors-collection/vers-la-paix-en-algerie-les-negociations-d-evian-dans-les-archives-diplomatiques-francaises,3e,Tronc commun,7. 3e — année scolaire 2026-2027 > 7.7 Sources principales — 3e > Vérification historique / juridique,2101
OCC-0151,SRC-0130,SRC-0130,https://eduscol.education.gouv.fr/sites/default/files/document/c4his3th3francaisesfrancaisrepubliquerepensee-dm593817pdf-78234.pdf,3e,Tronc commun,7. 3e — année scolaire 2026-2027 > 7.4 Thème 3 — Françaises et Français dans une République repensée > 7.4.1 Sous-thèmes officiels,1843
OCC-0152,SRC-0140,SRC-0130,https://eduscol.education.gouv.fr/sites/default/files/document/c4his3th3francaisesfrancaisrepubliquerepensee-dm593817pdf-78234.pdf,3e,Tronc commun,7. 3e — année scolaire 2026-2027 > 7.7 Sources principales — 3e > Programme / pédagogie,2085
OCC-0153,SRC-0132,SRC-0132,https://www.elysee.fr/francois-mitterrand/1981/05/10/declaration-de-m-francois-mitterrand-a-lannonce-de-son-election-a-la-presidence-de-la-republique-chateau-chinon-dimanche-10-mai-1981,3e,Tronc commun,7. 3e — année scolaire 2026-2027 > 7.4 Thème 3 — Françaises et Français dans une République repensée > 7.4.7 Première alternance sous la Ve République,1938
OCC-0154,SRC-0154,SRC-0132,https://www.elysee.fr/francois-mitterrand/1981/05/10/declaration-de-m-francois-mitterrand-a-lannonce-de-son-election-a-la-presidence-de-la-republique-chateau-chinon-dimanche-10-mai-1981,3e,Tronc commun,7. 3e — année scolaire 2026-2027 > 7.7 Sources principales — 3e > Vérification historique / juridique,2102
OCC-0155,SRC-0133,SRC-0133,https://www.legifrance.gouv.fr/loda/id/JORFTEXT000000693433,3e,Tronc commun,7. 3e — année scolaire 2026-2027 > 7.4 Thème 3 — Françaises et Français dans une République repensée > 7.4.8 Transformations sociales : sous-corpus directement justifié par le programme,1959
OCC-0156,SRC-0155,SRC-0133,https://www.legifrance.gouv.fr/loda/id/JORFTEXT000000693433,3e,Tronc commun,7. 3e — année scolaire 2026-2027 > 7.7 Sources principales — 3e > Vérification historique / juridique,2103
OCC-0157,SRC-0134,SRC-0134,https://www.legifrance.gouv.fr/loda/id/JORFTEXT000000700039,3e,Tronc commun,7. 3e — année scolaire 2026-2027 > 7.4 Thème 3 — Françaises et Français dans une République repensée > 7.4.8 Transformations sociales : sous-corpus directement justifié par le programme,1960
OCC-0158,SRC-0156,SRC-0134,https://www.legifrance.gouv.fr/loda/id/JORFTEXT000000700039,3e,Tronc commun,7. 3e — année scolaire 2026-2027 > 7.7 Sources principales — 3e > Vérification historique / juridique,2104
OCC-0159,SRC-0135,SRC-0135,https://www.legifrance.gouv.fr/loda/id/JORFTEXT000000880039,3e,Tronc commun,7. 3e — année scolaire 2026-2027 > 7.4 Thème 3 — Françaises et Français dans une République repensée > 7.4.8 Transformations sociales : sous-corpus directement justifié par le programme,1961
OCC-0160,SRC-0157,SRC-0135,https://www.legifrance.gouv.fr/loda/id/JORFTEXT000000880039,3e,Tronc commun,7. 3e — année scolaire 2026-2027 > 7.7 Sources principales — 3e > Vérification historique / juridique,2105
OCC-0161,SRC-0158,SRC-0158,https://www.un.org/fr/about-us/un-charter,3e,Tronc commun,7. 3e — année scolaire 2026-2027 > 7.7 Sources principales — 3e > Vérification historique / juridique,2106
OCC-0162,SRC-0159,SRC-0159,https://www.legifrance.gouv.fr/loda/id/JORFTEXT000000571356,3e,Tronc commun,7. 3e — année scolaire 2026-2027 > 7.7 Sources principales — 3e > Vérification historique / juridique,2107
OCC-0163,SRC-0160,SRC-0160,https://www.legifrance.gouv.fr/loda/id/JORFTEXT000000684037,3e,Tronc commun,7. 3e — année scolaire 2026-2027 > 7.7 Sources principales — 3e > Vérification historique / juridique,2108
OCC-0164,SRC-0161,SRC-0161,https://francearchives.gouv.fr/facomponent/eed664561bd5b6926a4d2066f7817f483c333eb8,3e,Tronc commun,7. 3e — année scolaire 2026-2027 > 7.7 Sources principales — 3e > Vérification historique / juridique,2109
OCC-0165,SRC-0163,SRC-0163,https://www.legifrance.gouv.fr/loda/id/JORFTEXT000000698857,3e,Tronc commun,7. 3e — année scolaire 2026-2027 > 7.7 Sources principales — 3e > Vérification historique / juridique,2111
OCC-0166,SRC-0164,SRC-0164,https://www.legifrance.gouv.fr/loda/id/JORFTEXT000000503950,3e,Tronc commun,7. 3e — année scolaire 2026-2027 > 7.7 Sources principales — 3e > Vérification historique / juridique,2112
OCC-0167,SRC-0165,SRC-0165,https://www.legifrance.gouv.fr/loda/id/JORFTEXT000000700230,3e,Tronc commun,7. 3e — année scolaire 2026-2027 > 7.7 Sources principales — 3e > Vérification historique / juridique,2113
OCC-0168,SRC-0166,SRC-0166,https://www.legifrance.gouv.fr/loda/id/JORFTEXT000000319513,3e,Tronc commun,7. 3e — année scolaire 2026-2027 > 7.7 Sources principales — 3e > Vérification historique / juridique,2114
OCC-0169,SRC-0167,SRC-0167,https://www.legifrance.gouv.fr/loda/id/JORFTEXT000000875188,3e,Tronc commun,7. 3e — année scolaire 2026-2027 > 7.7 Sources principales — 3e > Vérification historique / juridique,2115
OCC-0170,SRC-0168,SRC-0168,https://eduscol.education.gouv.fr/5799/programmes-et-ressources-en-histoire-geographie-voie-gt,Seconde générale et technologique,Tronc commun,8. Seconde générale et technologique — année scolaire 2026-2027 > 8.1 Programme applicable et statut particulier des « points de passage et d’ouverture »,2138
OCC-0171,SRC-0194,SRC-0168,https://eduscol.education.gouv.fr/5799/programmes-et-ressources-en-histoire-geographie-voie-gt,Seconde générale et technologique,Tronc commun,8. Seconde générale et technologique — année scolaire 2026-2027 > 8.10 Sources principales — Seconde > Sources curriculaires,2626
OCC-0172,SRC-0216,SRC-0168,https://eduscol.education.gouv.fr/5799/programmes-et-ressources-en-histoire-geographie-voie-gt,Première générale,Tronc commun,9. Première générale — année scolaire 2026-2027 > 9.1 Programme applicable,2672
OCC-0173,SRC-0239,SRC-0168,https://eduscol.education.gouv.fr/5799/programmes-et-ressources-en-histoire-geographie-voie-gt,Terminale générale,Tronc commun,10. Terminale générale — année scolaire 2026-2027 > 10.1 Programme applicable,3223
OCC-0174,SRC-0270,SRC-0168,https://eduscol.education.gouv.fr/5799/programmes-et-ressources-en-histoire-geographie-voie-gt,Terminale générale,Tronc commun,10. Terminale générale — année scolaire 2026-2027 > 10.9 Sources principales — Terminale > Sources curriculaires,3914
OCC-0175,SRC-0169,SRC-0169,https://eduscol.education.gouv.fr/sites/default/files/document/spe577annexe1corr1063699pdf-83007.pdf,Seconde générale et technologique,Tronc commun,8. Seconde générale et technologique — année scolaire 2026-2027 > 8.1 Programme applicable et statut particulier des « points de passage et d’ouverture »,2139
OCC-0176,SRC-0170,SRC-0169,https://eduscol.education.gouv.fr/sites/default/files/document/spe577annexe1corr1063699pdf-83007.pdf,Seconde générale et technologique,Tronc commun,8. Seconde générale et technologique — année scolaire 2026-2027 > 8.3 Thème 1 — Le monde méditerranéen : empreintes de l’Antiquité et du Moyen Âge > 8.3.3 Points de vigilance,2202
OCC-0177,SRC-0195,SRC-0169,https://eduscol.education.gouv.fr/sites/default/files/document/spe577annexe1corr1063699pdf-83007.pdf,Seconde générale et technologique,Tronc commun,8. Seconde générale et technologique — année scolaire 2026-2027 > 8.10 Sources principales — Seconde > Sources curriculaires,2627
OCC-0178,SRC-0171,SRC-0171,https://eduscol.education.gouv.fr/sites/default/files/document/ra19lyceegtcom2histtheme1antiquitemoyenage1169453pdf-83022.pdf,Seconde générale et technologique,Tronc commun,8. Seconde générale et technologique — année scolaire 2026-2027 > 8.3 Thème 1 — Le monde méditerranéen : empreintes de l’Antiquité et du Moyen Âge > 8.3.3 Points de vigilance,2203
OCC-0179,SRC-0196,SRC-0171,https://eduscol.education.gouv.fr/sites/default/files/document/ra19lyceegtcom2histtheme1antiquitemoyenage1169453pdf-83022.pdf,Seconde générale et technologique,Tronc commun,8. Seconde générale et technologique — année scolaire 2026-2027 > 8.10 Sources principales — Seconde > Sources curriculaires,2628
OCC-0180,SRC-0172,SRC-0172,https://resources.metmuseum.org/resources/metpublications/pdf/The_World_between_Empires_Art_and_Identity_in_the_Ancient_Middle_East.pdf,Seconde générale et technologique,Tronc commun,8. Seconde générale et technologique — année scolaire 2026-2027 > 8.3 Thème 1 — Le monde méditerranéen : empreintes de l’Antiquité et du Moyen Âge > 8.3.3 Points de vigilance,2204
OCC-0181,SRC-0173,SRC-0173,https://www.museivaticani.va/content/museivaticani/fr/collezioni/musei/cappella-sistina/volta.html,Seconde générale et technologique,Tronc commun,"8. Seconde générale et technologique — année scolaire 2026-2027 > 8.4 Thème 2 — XVe-XVIe siècles : un nouveau rapport au monde, un temps de mutation intellectuelle > 8.4.3 Michel-Ange : très bon exemple de notre règle de précision maximale",2257
OCC-0182,SRC-0175,SRC-0173,https://www.museivaticani.va/content/museivaticani/fr/collezioni/musei/cappella-sistina/volta.html,5e,Tronc commun,"8. Seconde générale et technologique — année scolaire 2026-2027 > 8.4 Thème 2 — XVe-XVIe siècles : un nouveau rapport au monde, un temps de mutation intellectuelle > 8.4.5 Luther : réutiliser la nuance déjà auditée en 5e",2274
OCC-0183,SRC-0200,SRC-0173,https://www.museivaticani.va/content/museivaticani/fr/collezioni/musei/cappella-sistina/volta.html,Seconde générale et technologique,Tronc commun,8. Seconde générale et technologique — année scolaire 2026-2027 > 8.10 Sources principales — Seconde > Vérification historique,2635
OCC-0184,SRC-0174,SRC-0174,https://eduscol.education.gouv.fr/sites/default/files/document/ra20lyceegt2histgeotheme2-xve-xvie-nouveau-rapport-monde1293851pdf-83025.pdf,5e,Tronc commun,"8. Seconde générale et technologique — année scolaire 2026-2027 > 8.4 Thème 2 — XVe-XVIe siècles : un nouveau rapport au monde, un temps de mutation intellectuelle > 8.4.5 Luther : réutiliser la nuance déjà auditée en 5e",2273
OCC-0185,SRC-0197,SRC-0174,https://eduscol.education.gouv.fr/sites/default/files/document/ra20lyceegt2histgeotheme2-xve-xvie-nouveau-rapport-monde1293851pdf-83025.pdf,Seconde générale et technologique,Tronc commun,8. Seconde générale et technologique — année scolaire 2026-2027 > 8.10 Sources principales — Seconde > Sources curriculaires,2629
OCC-0186,SRC-0176,SRC-0176,https://www.legifrance.gouv.fr/loda/id/JORFTEXT000000501354,Seconde générale et technologique,Tronc commun,8. Seconde générale et technologique — année scolaire 2026-2027 > 8.5 Thème 3 — L’État à l’époque moderne : France et Angleterre > 8.5.3 Villers-Cotterêts : 1539 devient 25 août 1539 en base,2327
OCC-0187,SRC-0199,SRC-0176,https://www.legifrance.gouv.fr/loda/id/JORFTEXT000000501354,Seconde générale et technologique,Tronc commun,8. Seconde générale et technologique — année scolaire 2026-2027 > 8.10 Sources principales — Seconde > Vérification historique,2634
OCC-0188,SRC-0177,SRC-0177,https://catalogue.bnf.fr/ark:/12148/cb12567708x,Seconde générale et technologique,Tronc commun,8. Seconde générale et technologique — année scolaire 2026-2027 > 8.5 Thème 3 — L’État à l’époque moderne : France et Angleterre > 8.5.4 Colbert : ne pas fabriquer un unique « jour de la politique mercantiliste »,2340
OCC-0189,SRC-0204,SRC-0177,https://catalogue.bnf.fr/ark:/12148/cb12567708x,Seconde générale et technologique,Tronc commun,8. Seconde générale et technologique — année scolaire 2026-2027 > 8.10 Sources principales — Seconde > Vérification historique,2639
OCC-0190,SRC-0178,SRC-0178,https://catalogue.bnf.fr/ark:/12148/cb33821221b,Seconde générale et technologique,Tronc commun,8. Seconde générale et technologique — année scolaire 2026-2027 > 8.5 Thème 3 — L’État à l’époque moderne : France et Angleterre > 8.5.4 Colbert : ne pas fabriquer un unique « jour de la politique mercantiliste »,2341
OCC-0191,SRC-0205,SRC-0178,https://catalogue.bnf.fr/ark:/12148/cb33821221b,Seconde générale et technologique,Tronc commun,8. Seconde générale et technologique — année scolaire 2026-2027 > 8.10 Sources principales — Seconde > Vérification historique,2640
OCC-0192,SRC-0179,SRC-0179,https://www.chateauversailles.fr/decouvrir/histoire/grandes-dates/versailles-capitale-royaume,Seconde générale et technologique,Tronc commun,"8. Seconde générale et technologique — année scolaire 2026-2027 > 8.5 Thème 3 — L’État à l’époque moderne : France et Angleterre > 8.5.5 Versailles : processus de cour, mais jalon exact du 6 mai 1682",2353
OCC-0193,SRC-0201,SRC-0179,https://www.chateauversailles.fr/decouvrir/histoire/grandes-dates/versailles-capitale-royaume,Seconde générale et technologique,Tronc commun,8. Seconde générale et technologique — année scolaire 2026-2027 > 8.10 Sources principales — Seconde > Vérification historique,2636
OCC-0194,SRC-0181,SRC-0181,https://www.chateauversailles.fr/sites/default/files/file/av-maintenon-150419-bd-planche.pdf,Seconde générale et technologique,Tronc commun,8. Seconde générale et technologique — année scolaire 2026-2027 > 8.5 Thème 3 — L’État à l’époque moderne : France et Angleterre > 8.5.6 Édit de Nantes / révocation : deux événements distincts,2364
OCC-0195,SRC-0203,SRC-0181,https://www.chateauversailles.fr/sites/default/files/file/av-maintenon-150419-bd-planche.pdf,Seconde générale et technologique,Tronc commun,8. Seconde générale et technologique — année scolaire 2026-2027 > 8.10 Sources principales — Seconde > Vérification historique,2638
OCC-0196,SRC-0182,SRC-0182,https://www.legislation.gov.uk/aep/Cha2/31/2/contents,Seconde générale et technologique,Tronc commun,8. Seconde générale et technologique — année scolaire 2026-2027 > 8.5 Thème 3 — L’État à l’époque moderne : France et Angleterre > 8.5.7 Habeas Corpus / Bill of Rights : attention aux titres juridiques et aux calendriers,2378
OCC-0197,SRC-0206,SRC-0182,https://www.legislation.gov.uk/aep/Cha2/31/2/contents,Seconde générale et technologique,Tronc commun,8. Seconde générale et technologique — année scolaire 2026-2027 > 8.10 Sources principales — Seconde > Vérification historique,2641
OCC-0198,SRC-0183,SRC-0183,https://www.legislation.gov.uk/aep/WillandMarSess2/1/2/enacted,Seconde générale et technologique,Tronc commun,8. Seconde générale et technologique — année scolaire 2026-2027 > 8.5 Thème 3 — L’État à l’époque moderne : France et Angleterre > 8.5.7 Habeas Corpus / Bill of Rights : attention aux titres juridiques et aux calendriers,2379
OCC-0199,SRC-0207,SRC-0183,https://www.legislation.gov.uk/aep/WillandMarSess2/1/2/enacted,Seconde générale et technologique,Tronc commun,8. Seconde générale et technologique — année scolaire 2026-2027 > 8.10 Sources principales — Seconde > Vérification historique,2642
OCC-0200,SRC-0184,SRC-0184,https://eduscol.education.gouv.fr/sites/default/files/document/ra20lyceegt2histgeotheme3-etat-epoque-moderne1293912pdf-83028.pdf,Seconde générale et technologique,Tronc commun,8. Seconde générale et technologique — année scolaire 2026-2027 > 8.5 Thème 3 — L’État à l’époque moderne : France et Angleterre > 8.5.8 Voltaire : le PPO du BO mélange volontairement plusieurs étapes,2406
OCC-0201,SRC-0198,SRC-0184,https://eduscol.education.gouv.fr/sites/default/files/document/ra20lyceegt2histgeotheme3-etat-epoque-moderne1293912pdf-83028.pdf,Seconde générale et technologique,Tronc commun,8. Seconde générale et technologique — année scolaire 2026-2027 > 8.10 Sources principales — Seconde > Sources curriculaires,2630
OCC-0202,SRC-0185,SRC-0185,https://catalogue.bnf.fr/rechercher.do?index=TIT3&numNotice=12098476,Seconde générale et technologique,Tronc commun,8. Seconde générale et technologique — année scolaire 2026-2027 > 8.5 Thème 3 — L’État à l’époque moderne : France et Angleterre > 8.5.8 Voltaire : le PPO du BO mélange volontairement plusieurs étapes,2407
OCC-0203,SRC-0209,SRC-0185,https://catalogue.bnf.fr/rechercher.do?index=TIT3&numNotice=12098476,Seconde générale et technologique,Tronc commun,8. Seconde générale et technologique — année scolaire 2026-2027 > 8.10 Sources principales — Seconde > Vérification historique,2644
OCC-0204,SRC-0186,SRC-0186,https://catalogue.bnf.fr/ark:/12148/cb316049240,Seconde générale et technologique,Tronc commun,8. Seconde générale et technologique — année scolaire 2026-2027 > 8.5 Thème 3 — L’État à l’époque moderne : France et Angleterre > 8.5.8 Voltaire : le PPO du BO mélange volontairement plusieurs étapes,2408
OCC-0205,SRC-0210,SRC-0186,https://catalogue.bnf.fr/ark:/12148/cb316049240,Seconde générale et technologique,Tronc commun,8. Seconde générale et technologique — année scolaire 2026-2027 > 8.10 Sources principales — Seconde > Vérification historique,2645
OCC-0206,SRC-0187,SRC-0187,https://www.archives.gov/legislative/features/gw-inauguration,Seconde générale et technologique,Tronc commun,"8. Seconde générale et technologique — année scolaire 2026-2027 > 8.5 Thème 3 — L’État à l’époque moderne : France et Angleterre > 8.5.9 Washington : personnage PPO, événement précis possible",2416
OCC-0207,SRC-0208,SRC-0187,https://www.archives.gov/legislative/features/gw-inauguration,Seconde générale et technologique,Tronc commun,8. Seconde générale et technologique — année scolaire 2026-2027 > 8.10 Sources principales — Seconde > Vérification historique,2643
OCC-0208,SRC-0188,SRC-0188,https://www2.museogalileo.it/it/biblioteca-e-istituto-di-ricerca/progetti/incontra-galileo/31-opere/454-sidereus-nuncius-1610.html,Seconde générale et technologique,Tronc commun,"8. Seconde générale et technologique — année scolaire 2026-2027 > 8.6 Thème 4 — Dynamiques et ruptures dans les sociétés des XVIIe et XVIIIe siècles > 8.6.3 Galilée : le PPO est un parcours, pas une unique date",2467
OCC-0209,SRC-0211,SRC-0188,https://www2.museogalileo.it/it/biblioteca-e-istituto-di-ricerca/progetti/incontra-galileo/31-opere/454-sidereus-nuncius-1610.html,Seconde générale et technologique,Tronc commun,8. Seconde générale et technologique — année scolaire 2026-2027 > 8.10 Sources principales — Seconde > Vérification historique,2646
OCC-0210,SRC-0189,SRC-0189,https://catalogo.museogalileo.it/multimedia/ProcessoGalileoBis.html,Seconde générale et technologique,Tronc commun,"8. Seconde générale et technologique — année scolaire 2026-2027 > 8.6 Thème 4 — Dynamiques et ruptures dans les sociétés des XVIIe et XVIIIe siècles > 8.6.3 Galilée : le PPO est un parcours, pas une unique date",2468
OCC-0211,SRC-0212,SRC-0189,https://catalogo.museogalileo.it/multimedia/ProcessoGalileoBis.html,Seconde générale et technologique,Tronc commun,8. Seconde générale et technologique — année scolaire 2026-2027 > 8.10 Sources principales — Seconde > Vérification historique,2647
OCC-0212,SRC-0190,SRC-0190,https://blog.sciencemuseum.org.uk/a-new-age,Seconde générale et technologique,Tronc commun,8. Seconde générale et technologique — année scolaire 2026-2027 > 8.6 Thème 4 — Dynamiques et ruptures dans les sociétés des XVIIe et XVIIIe siècles > 8.6.4 Newcomen : 1712 est la précision maximale utile actuellement,2485
OCC-0213,SRC-0213,SRC-0190,https://blog.sciencemuseum.org.uk/a-new-age,Seconde générale et technologique,Tronc commun,8. Seconde générale et technologique — année scolaire 2026-2027 > 8.10 Sources principales — Seconde > Vérification historique,2648
OCC-0214,SRC-0191,SRC-0191,https://collection.sciencemuseumgroup.org.uk/objects/co2000/demainbrays-newcomen-engine-model,Seconde générale et technologique,Tronc commun,8. Seconde générale et technologique — année scolaire 2026-2027 > 8.6 Thème 4 — Dynamiques et ruptures dans les sociétés des XVIIe et XVIIIe siècles > 8.6.4 Newcomen : 1712 est la précision maximale utile actuellement,2486
OCC-0215,SRC-0192,SRC-0192,https://www.nms.ac.uk/discover-catalogue/the-newcomen-engine-and-its-role-in-britains-industrial-revolution,Seconde générale et technologique,Tronc commun,8. Seconde générale et technologique — année scolaire 2026-2027 > 8.6 Thème 4 — Dynamiques et ruptures dans les sociétés des XVIIe et XVIIIe siècles > 8.6.4 Newcomen : 1712 est la précision maximale utile actuellement,2487
OCC-0216,SRC-0193,SRC-0193,https://catalogue.bnf.fr/ark:/12148/cb31605047d,Seconde générale et technologique,Tronc commun,8. Seconde générale et technologique — année scolaire 2026-2027 > 8.6 Thème 4 — Dynamiques et ruptures dans les sociétés des XVIIe et XVIIIe siècles > 8.6.5 Émilie du Châtelet : utiliser des événements scientifiques précis,2493
OCC-0217,SRC-0214,SRC-0193,https://catalogue.bnf.fr/ark:/12148/cb31605047d,Seconde générale et technologique,Tronc commun,8. Seconde générale et technologique — année scolaire 2026-2027 > 8.10 Sources principales — Seconde > Vérification historique,2649
OCC-0218,SRC-0215,SRC-0215,https://www.education.gouv.fr/sites/default/files/imported_files/documents/spe577_annexe2_1062939.pdf,Première générale,Tronc commun,9. Première générale — année scolaire 2026-2027 > 9.1 Programme applicable,2671
OCC-0219,SRC-0217,SRC-0217,https://eduscol.education.gouv.fr/6072/entrees-defense-dans-les-programmes-scolaires-et-les-thematiques,Première générale,Tronc commun,9. Première générale — année scolaire 2026-2027 > 9.1 Programme applicable,2673
OCC-0220,SRC-0218,SRC-0218,https://www.assemblee-nationale.fr/dyn/histoire-et-patrimoine/revolution-francaise/proces-et-execution-de-louis-xvi,Première générale,Tronc commun,9. Première générale — année scolaire 2026-2027 > 9.2 Thème 1 — L’Europe face aux révolutions > 9.2.2 Premier lot canonique — Révolution et Empire,2711
OCC-0221,SRC-0219,SRC-0219,https://essentiels.bnf.fr/fr/article/dfafcf75-8903-420b-8344-4f97df270803-madame-roland-girondine-et-memorialiste,Première générale,Tronc commun,9. Première générale — année scolaire 2026-2027 > 9.2 Thème 1 — L’Europe face aux révolutions > 9.2.2 Premier lot canonique — Révolution et Empire,2712
OCC-0222,SRC-0220,SRC-0220,https://www.legifrance.gouv.fr/codes/section_lc/LEGITEXT000006070721/LEGISCTA000006089696/1804-03-21,Première générale,Tronc commun,9. Première générale — année scolaire 2026-2027 > 9.2 Thème 1 — L’Europe face aux révolutions > 9.2.2 Premier lot canonique — Révolution et Empire,2713
OCC-0223,SRC-0221,SRC-0221,https://www.vie-publique.fr/files/rapport/pdf/074000613.pdf,Première générale,Tronc commun,"9. Première générale — année scolaire 2026-2027 > 9.3 Thème 2 — La France dans l’Europe des nationalités : politique et société (1848-1871) > 9.3.2 1848 : créer un cluster, pas un seul événement « Révolution de 1848 »",2795
OCC-0224,SRC-0222,SRC-0222,https://www.elysee.fr/louis-napoleon-bonaparte,Première générale,Tronc commun,"9. Première générale — année scolaire 2026-2027 > 9.3 Thème 2 — La France dans l’Europe des nationalités : politique et société (1848-1871) > 9.3.2 1848 : créer un cluster, pas un seul événement « Révolution de 1848 »",2796
OCC-0225,SRC-0223,SRC-0223,https://www.legifrance.gouv.fr/jorf/id/JORFTEXT000000705024,Première générale,Tronc commun,"9. Première générale — année scolaire 2026-2027 > 9.3 Thème 2 — La France dans l’Europe des nationalités : politique et société (1848-1871) > 9.3.4 Industrialisation, Haussmann, Pereire et droit de grève",2821
OCC-0226,SRC-0224,SRC-0224,https://archivesdiplomatiques.diplomatie.gouv.fr/ark:/14366/cbptrdsh6gf0,Première générale,Tronc commun,"9. Première générale — année scolaire 2026-2027 > 9.3 Thème 2 — La France dans l’Europe des nationalités : politique et société (1848-1871) > 9.3.5 Nice, Savoie et unité allemande",2835
OCC-0227,SRC-0225,SRC-0225,https://www.dhm.de/lemo/rueckblick/lemo-rueckblick-1871-reichsgruendung-im-krieg,Première générale,Tronc commun,"9. Première générale — année scolaire 2026-2027 > 9.3 Thème 2 — La France dans l’Europe des nationalités : politique et société (1848-1871) > 9.3.5 Nice, Savoie et unité allemande",2836
OCC-0228,SRC-0226,SRC-0226,https://www.paris.fr/pages/les-150-ans-de-la-commune-l-origine-1-5-16961,Première générale,Tronc commun,"9. Première générale — année scolaire 2026-2027 > 9.4 Thème 3 — La Troisième République avant 1914 : un régime politique, un empire colonial > 9.4.2 Commune de Paris et Louise Michel",2876
OCC-0229,SRC-0227,SRC-0227,https://www.parismuseescollections.paris.fr/fr/maison-de-victor-hugo/oeuvres/funerailles-de-victor-hugo-foule-et-personnalites-devant-la-1,Première générale,Tronc commun,"9. Première générale — année scolaire 2026-2027 > 9.4 Thème 3 — La Troisième République avant 1914 : un régime politique, un empire colonial > 9.4.3 Victor Hugo et la République",2895
OCC-0230,SRC-0228,SRC-0228,https://www.legifrance.gouv.fr/loda/id/JORFTEXT000000508749,Première générale,Tronc commun,"9. Première générale — année scolaire 2026-2027 > 9.4 Thème 3 — La Troisième République avant 1914 : un régime politique, un empire colonial > 9.4.4 Loi de séparation : date de la loi ≠ date d’entrée en vigueur de tous ses articles",2913
OCC-0231,SRC-0229,SRC-0229,https://www.archives-nationales.culture.gouv.fr/ateliers-pedagogiques/fourmies-et-le-mouvement-ouvrier,Première générale,Tronc commun,"9. Première générale — année scolaire 2026-2027 > 9.4 Thème 3 — La Troisième République avant 1914 : un régime politique, un empire colonial > 9.4.5 Société française : Fourmies, expositions, Le Creusot",2928
OCC-0232,SRC-0230,SRC-0230,https://www.cheminsdememoire.gouv.fr/fr/permanence-historique-de-lengagement-feminin,Première générale,Tronc commun,9. Première générale — année scolaire 2026-2027 > 9.5 Thème 4 — La Première Guerre mondiale : le « suicide de l’Europe » et la fin des empires européens > 9.5.3 Marie Curie : un PPO de processus,3018
OCC-0233,SRC-0231,SRC-0231,https://curie.fr/lheritage-de-marie-curie-perpetuer-lesprit-dune-pionniere,Première générale,Tronc commun,9. Première générale — année scolaire 2026-2027 > 9.5 Thème 4 — La Première Guerre mondiale : le « suicide de l’Europe » et la fin des empires européens > 9.5.3 Marie Curie : un PPO de processus,3019
OCC-0234,SRC-0232,SRC-0232,https://www.armenian-genocide.org/Affirmation.160/current_category.7/affirmation_detail.html,Première générale,Tronc commun,9. Première générale — année scolaire 2026-2027 > 9.5 Thème 4 — La Première Guerre mondiale : le « suicide de l’Europe » et la fin des empires européens > 9.5.4 24 mai 1915 : un PPO exceptionnellement précis,3040
OCC-0235,SRC-0233,SRC-0233,https://encyclopedia.ushmm.org/content/en/article/the-armenian-genocide-1915-16-in-depth,Première générale,Tronc commun,9. Première générale — année scolaire 2026-2027 > 9.5 Thème 4 — La Première Guerre mondiale : le « suicide de l’Europe » et la fin des empires européens > 9.5.4 24 mai 1915 : un PPO exceptionnellement précis,3041
OCC-0236,SRC-0234,SRC-0234,https://archivesdiplomatiques.diplomatie.gouv.fr/ark:/14366/4p1xk3cglbv7,Première générale,Tronc commun,9. Première générale — année scolaire 2026-2027 > 9.5 Thème 4 — La Première Guerre mondiale : le « suicide de l’Europe » et la fin des empires européens > 9.5.6 1919-1923 : éclater le PPO « traités de paix » en six dates majeures,3072
OCC-0237,SRC-0235,SRC-0235,https://www.cheminsdememoire.gouv.fr/fr/arc-de-triomphe,Première générale,Tronc commun,9. Première générale — année scolaire 2026-2027 > 9.5 Thème 4 — La Première Guerre mondiale : le « suicide de l’Europe » et la fin des empires européens > 9.5.7 Soldat inconnu : le repère 1920 cache trois événements différents,3084
OCC-0238,SRC-0236,SRC-0236,https://www.unhcr.org/fr-fr/editions/pieces-didentite-pour-les-refugies,Première générale,Tronc commun,"9. Première générale — année scolaire 2026-2027 > 9.5 Thème 4 — La Première Guerre mondiale : le « suicide de l’Europe » et la fin des empires européens > 9.5.8 Passeport Nansen : 1922 devient 5 juillet 1922, avec une nuance de périmètre",3105
OCC-0239,SRC-0237,SRC-0237,https://www.unhcr.org/fr-fr/linternational/assurer-un-meilleur-avenir/solutions-durables/les-voies-complementaires/titres-de,Première générale,Tronc commun,"9. Première générale — année scolaire 2026-2027 > 9.5 Thème 4 — La Première Guerre mondiale : le « suicide de l’Europe » et la fin des empires européens > 9.5.8 Passeport Nansen : 1922 devient 5 juillet 1922, avec une nuance de périmètre",3106
OCC-0240,SRC-0238,SRC-0238,https://www.education.gouv.fr/sites/default/files/imported_files/document/spe243_annexe1_1159172.pdf,Terminale générale,Tronc commun,10. Terminale générale — année scolaire 2026-2027 > 10.1 Programme applicable,3222
OCC-0241,SRC-0269,SRC-0238,https://www.education.gouv.fr/sites/default/files/imported_files/document/spe243_annexe1_1159172.pdf,Terminale générale,Tronc commun,10. Terminale générale — année scolaire 2026-2027 > 10.9 Sources principales — Terminale > Sources curriculaires,3913
OCC-0242,SRC-0240,SRC-0240,https://www.fdrlibrary.org/great-depression-facts,Seconde générale et technologique,Tronc commun,"10. Terminale générale — année scolaire 2026-2027 > 10.2 Thème 1 — Fragilités des démocraties, totalitarismes et Seconde Guerre mondiale (1929-1945) > 10.2.3 Roosevelt et le New Deal : 1933 cache deux objets différents",3281
OCC-0243,SRC-0272,SRC-0240,https://www.fdrlibrary.org/great-depression-facts,Terminale générale,Tronc commun,10. Terminale générale — année scolaire 2026-2027 > 10.9 Sources principales — Terminale > Vérification historique,3919
OCC-0244,SRC-0241,SRC-0241,https://www2.assemblee-nationale.fr/static/evenements/1936/Les_accords_de_Matignon7juin36.pdf,Seconde générale et technologique,Tronc commun,"10. Terminale générale — année scolaire 2026-2027 > 10.2 Thème 1 — Fragilités des démocraties, totalitarismes et Seconde Guerre mondiale (1929-1945) > 10.2.4 Accords Matignon : juin 1936 devient 7-8 juin 1936",3304
OCC-0245,SRC-0273,SRC-0241,https://www2.assemblee-nationale.fr/static/evenements/1936/Les_accords_de_Matignon7juin36.pdf,Terminale générale,Tronc commun,10. Terminale générale — année scolaire 2026-2027 > 10.9 Sources principales — Terminale > Vérification historique,3920
OCC-0246,SRC-0242,SRC-0242,https://encyclopedia.ushmm.org/content/fr/article/kristallnacht,Seconde générale et technologique,Tronc commun,"10. Terminale générale — année scolaire 2026-2027 > 10.2 Thème 1 — Fragilités des démocraties, totalitarismes et Seconde Guerre mondiale (1929-1945) > 10.2.6 Nuit de cristal",3332
OCC-0247,SRC-0274,SRC-0242,https://encyclopedia.ushmm.org/content/fr/article/kristallnacht,Terminale générale,Tronc commun,10. Terminale générale — année scolaire 2026-2027 > 10.9 Sources principales — Terminale > Vérification historique,3921
OCC-0248,SRC-0243,SRC-0243,https://www.cheminsdememoire.gouv.fr/sites/default/files/editeur/MC11.pdf,Seconde générale et technologique,Tronc commun,"10. Terminale générale — année scolaire 2026-2027 > 10.2 Thème 1 — Fragilités des démocraties, totalitarismes et Seconde Guerre mondiale (1929-1945) > 10.2.8 Juin 1940 : un cluster obligatoire",3366
OCC-0249,SRC-0275,SRC-0243,https://www.cheminsdememoire.gouv.fr/sites/default/files/editeur/MC11.pdf,Terminale générale,Tronc commun,10. Terminale générale — année scolaire 2026-2027 > 10.9 Sources principales — Terminale > Vérification historique,3922
OCC-0250,SRC-0244,SRC-0244,https://www.cheminsdememoire.gouv.fr/fr/lappel-du-18-juin,Seconde générale et technologique,Tronc commun,"10. Terminale générale — année scolaire 2026-2027 > 10.2 Thème 1 — Fragilités des démocraties, totalitarismes et Seconde Guerre mondiale (1929-1945) > 10.2.8 Juin 1940 : un cluster obligatoire",3367
OCC-0251,SRC-0245,SRC-0245,https://www.cheminsdememoire.gouv.fr/fr/6-juin-1944-le-debarquement-de-normandie,Seconde générale et technologique,Tronc commun,"10. Terminale générale — année scolaire 2026-2027 > 10.2 Thème 1 — Fragilités des démocraties, totalitarismes et Seconde Guerre mondiale (1929-1945) > 10.2.11 Juin 1944 : deux offensives, deux dates",3411
OCC-0252,SRC-0276,SRC-0245,https://www.cheminsdememoire.gouv.fr/fr/6-juin-1944-le-debarquement-de-normandie,Terminale générale,Tronc commun,10. Terminale générale — année scolaire 2026-2027 > 10.9 Sources principales — Terminale > Vérification historique,3923
OCC-0253,SRC-0246,SRC-0246,https://www.cheminsdememoire.gouv.fr/fr/search?page=15,Seconde générale et technologique,Tronc commun,"10. Terminale générale — année scolaire 2026-2027 > 10.2 Thème 1 — Fragilités des démocraties, totalitarismes et Seconde Guerre mondiale (1929-1945) > 10.2.11 Juin 1944 : deux offensives, deux dates",3412
OCC-0254,SRC-0247,SRC-0247,https://www.archives.gov/news/topics/hiroshima-nagasaki-75,Seconde générale et technologique,Tronc commun,"10. Terminale générale — année scolaire 2026-2027 > 10.2 Thème 1 — Fragilités des démocraties, totalitarismes et Seconde Guerre mondiale (1929-1945) > 10.2.12 Hiroshima et Nagasaki",3423
OCC-0255,SRC-0277,SRC-0247,https://www.archives.gov/news/topics/hiroshima-nagasaki-75,Terminale générale,Tronc commun,10. Terminale générale — année scolaire 2026-2027 > 10.9 Sources principales — Terminale > Vérification historique,3924
OCC-0256,SRC-0248,SRC-0248,https://museedelaresistanceenligne.org/media2839-Programme-daction-du-CNR,Terminale générale,Tronc commun,10. Terminale générale — année scolaire 2026-2027 > 10.3 Thème 2 — La multiplication des acteurs internationaux dans un monde bipolaire (1945-début des années 1970) > 10.3.2 Programme du CNR,3464
OCC-0257,SRC-0278,SRC-0248,https://museedelaresistanceenligne.org/media2839-Programme-daction-du-CNR,Terminale générale,Tronc commun,10. Terminale générale — année scolaire 2026-2027 > 10.9 Sources principales — Terminale > Vérification historique,3925
OCC-0258,SRC-0249,SRC-0249,https://main.knesset.gov.il/EN/About/pages/declaration.aspx,Terminale générale,Tronc commun,10. Terminale générale — année scolaire 2026-2027 > 10.3 Thème 2 — La multiplication des acteurs internationaux dans un monde bipolaire (1945-début des années 1970) > 10.3.3 Naissance de l’État d’Israël : 1948 devient 14 mai 1948 pour la proclamation,3481
OCC-0259,SRC-0279,SRC-0249,https://main.knesset.gov.il/EN/About/pages/declaration.aspx,Terminale générale,Tronc commun,10. Terminale générale — année scolaire 2026-2027 > 10.9 Sources principales — Terminale > Vérification historique,3926
OCC-0260,SRC-0319,SRC-0249,https://main.knesset.gov.il/EN/About/pages/declaration.aspx,,HGGSP,11. HGGSP — Première et Terminale générales — année scolaire 2026-2027 > 11.7 Sources de vérification prioritaires — HGGSP > Espace / mers / guerre et paix,4485
OCC-0261,SRC-0250,SRC-0250,https://history.state.gov/historicaldocuments/frus1948v04/ch8,Terminale générale,Tronc commun,10. Terminale générale — année scolaire 2026-2027 > 10.3 Thème 2 — La multiplication des acteurs internationaux dans un monde bipolaire (1945-début des années 1970) > 10.3.4 Coup de Prague,3502
OCC-0262,SRC-0280,SRC-0250,https://history.state.gov/historicaldocuments/frus1948v04/ch8,Terminale générale,Tronc commun,10. Terminale générale — année scolaire 2026-2027 > 10.9 Sources principales — Terminale > Vérification historique,3927
OCC-0263,SRC-0251,SRC-0251,https://www.cvce.eu/fr/education/unit-content/-/unit/55c09dcc-a9f2-45e9-b240-eaef64452cae/c8b56d7a-ed52-43cb-b729-063c8dba4417/Resources,Terminale générale,Tronc commun,10. Terminale générale — année scolaire 2026-2027 > 10.3 Thème 2 — La multiplication des acteurs internationaux dans un monde bipolaire (1945-début des années 1970) > 10.3.4 Coup de Prague,3503
OCC-0264,SRC-0252,SRC-0252,https://microsites.jfklibrary.org/cmc/oct16,Terminale générale,Tronc commun,10. Terminale générale — année scolaire 2026-2027 > 10.3 Thème 2 — La multiplication des acteurs internationaux dans un monde bipolaire (1945-début des années 1970) > 10.3.5 Crise des missiles de Cuba,3519
OCC-0265,SRC-0281,SRC-0252,https://microsites.jfklibrary.org/cmc/oct16,Terminale générale,Tronc commun,10. Terminale générale — année scolaire 2026-2027 > 10.9 Sources principales — Terminale > Vérification historique,3928
OCC-0266,SRC-0253,SRC-0253,https://www.servicehistorique.sga.defense.gouv.fr/bibliographie-la-guerre-dindochine,Terminale générale,Tronc commun,"10. Terminale générale — année scolaire 2026-2027 > 10.3 Thème 2 — La multiplication des acteurs internationaux dans un monde bipolaire (1945-début des années 1970) > 10.3.6 Guerre d’Indochine : utiliser la convention 19 décembre 1946 - 21 juillet 1954, garder les jalons",3537
OCC-0267,SRC-0282,SRC-0253,https://www.servicehistorique.sga.defense.gouv.fr/bibliographie-la-guerre-dindochine,Terminale générale,Tronc commun,10. Terminale générale — année scolaire 2026-2027 > 10.9 Sources principales — Terminale > Vérification historique,3929
OCC-0268,SRC-0254,SRC-0254,https://www.diplomatie.gouv.fr/IMG/pdf/indochine_v4_cle0382d7.pdf,Terminale générale,Tronc commun,"10. Terminale générale — année scolaire 2026-2027 > 10.3 Thème 2 — La multiplication des acteurs internationaux dans un monde bipolaire (1945-début des années 1970) > 10.3.6 Guerre d’Indochine : utiliser la convention 19 décembre 1946 - 21 juillet 1954, garder les jalons",3538
OCC-0269,SRC-0255,SRC-0255,https://www.cheminsdememoire.gouv.fr/fr/la-bataille-de-dien-bien-phu,Terminale générale,Tronc commun,"10. Terminale générale — année scolaire 2026-2027 > 10.3 Thème 2 — La multiplication des acteurs internationaux dans un monde bipolaire (1945-début des années 1970) > 10.3.6 Guerre d’Indochine : utiliser la convention 19 décembre 1946 - 21 juillet 1954, garder les jalons",3539
OCC-0270,SRC-0256,SRC-0256,https://qpc360.conseil-constitutionnel.fr/constitution-4-octobre-1958,Terminale générale,Tronc commun,10. Terminale générale — année scolaire 2026-2027 > 10.3 Thème 2 — La multiplication des acteurs internationaux dans un monde bipolaire (1945-début des années 1970) > 10.3.11 Constitution de 1958,3605
OCC-0271,SRC-0283,SRC-0256,https://qpc360.conseil-constitutionnel.fr/constitution-4-octobre-1958,Terminale générale,Tronc commun,10. Terminale générale — année scolaire 2026-2027 > 10.9 Sources principales — Terminale > Vérification historique,3930
OCC-0272,SRC-0257,SRC-0257,https://english.www.gov.cn/policies/latestreleases/202111/16/content_WS6193a935c6d0df57f98e50b0.html,Terminale générale,Tronc commun,"10. Terminale générale — année scolaire 2026-2027 > 10.4 Thème 3 — Les remises en cause économiques, politiques et sociales des années 1970 à 1991 > 10.4.2 Reagan et Deng Xiaoping : personnes + processus économiques",3636
OCC-0273,SRC-0258,SRC-0258,https://www.reaganlibrary.gov/reagans/reagan-administration/inauguration-facts,Terminale générale,Tronc commun,"10. Terminale générale — année scolaire 2026-2027 > 10.4 Thème 3 — Les remises en cause économiques, politiques et sociales des années 1970 à 1991 > 10.4.2 Reagan et Deng Xiaoping : personnes + processus économiques",3637
OCC-0274,SRC-0259,SRC-0259,https://www.legifrance.gouv.fr/jorf/id/JORFTEXT000000700230,Terminale générale,Tronc commun,"10. Terminale générale — année scolaire 2026-2027 > 10.4 Thème 3 — Les remises en cause économiques, politiques et sociales des années 1970 à 1991 > 10.4.4 IVG : 1975 devient 17 janvier 1975, avec entrée en vigueur le 18 janvier",3659
OCC-0275,SRC-0284,SRC-0259,https://www.legifrance.gouv.fr/jorf/id/JORFTEXT000000700230,Terminale générale,Tronc commun,10. Terminale générale — année scolaire 2026-2027 > 10.9 Sources principales — Terminale > Vérification historique,3931
OCC-0276,SRC-0260,SRC-0260,https://www.legifrance.gouv.fr/loda/id/LEGITEXT000006068718,Terminale générale,Tronc commun,"10. Terminale générale — année scolaire 2026-2027 > 10.4 Thème 3 — Les remises en cause économiques, politiques et sociales des années 1970 à 1991 > 10.4.5 Abolition de la peine de mort : 9 octobre 1981 / 10 octobre 1981",3670
OCC-0277,SRC-0285,SRC-0260,https://www.legifrance.gouv.fr/loda/id/LEGITEXT000006068718,Terminale générale,Tronc commun,10. Terminale générale — année scolaire 2026-2027 > 10.9 Sources principales — Terminale > Vérification historique,3932
OCC-0278,SRC-0261,SRC-0261,https://www.pasteur.fr/fr/file/53841/download,Terminale générale,Tronc commun,"10. Terminale générale — année scolaire 2026-2027 > 10.4 Thème 3 — Les remises en cause économiques, politiques et sociales des années 1970 à 1991 > 10.4.6 Sida en France : processus, avec événements scientifiques précis",3682
OCC-0279,SRC-0286,SRC-0261,https://www.pasteur.fr/fr/file/53841/download,Terminale générale,Tronc commun,10. Terminale générale — année scolaire 2026-2027 > 10.9 Sources principales — Terminale > Vérification historique,3933
OCC-0280,SRC-0262,SRC-0262,https://www.archives.gov/news/topics/9-11-anniversary,Terminale générale,Tronc commun,"10. Terminale générale — année scolaire 2026-2027 > 10.5 Thème 4 — Le monde, l’Europe et la France depuis les années 1990, entre coopérations et conflits > 10.5.3 Attentats du 11 septembre 2001",3722
OCC-0281,SRC-0287,SRC-0262,https://www.archives.gov/news/topics/9-11-anniversary,Terminale générale,Tronc commun,10. Terminale générale — année scolaire 2026-2027 > 10.9 Sources principales — Terminale > Vérification historique,3934
OCC-0282,SRC-0263,SRC-0263,https://www.getlinkgroup.com/groupe/histoire,Terminale générale,Tronc commun,"10. Terminale générale — année scolaire 2026-2027 > 10.5 Thème 4 — Le monde, l’Europe et la France depuis les années 1990, entre coopérations et conflits > 10.5.4 Tunnel sous la Manche",3741
OCC-0283,SRC-0288,SRC-0263,https://www.getlinkgroup.com/groupe/histoire,Terminale générale,Tronc commun,10. Terminale générale — année scolaire 2026-2027 > 10.9 Sources principales — Terminale > Vérification historique,3935
OCC-0284,SRC-0264,SRC-0264,https://www.ecb.europa.eu/euro/intro/html/index.en.html,Terminale générale,Tronc commun,"10. Terminale générale — année scolaire 2026-2027 > 10.5 Thème 4 — Le monde, l’Europe et la France depuis les années 1990, entre coopérations et conflits > 10.5.5 Euro : 1999 ≠ 2002",3753
OCC-0285,SRC-0289,SRC-0264,https://www.ecb.europa.eu/euro/intro/html/index.en.html,Terminale générale,Tronc commun,10. Terminale générale — année scolaire 2026-2027 > 10.9 Sources principales — Terminale > Vérification historique,3936
OCC-0286,SRC-0265,SRC-0265,https://www.ecb.europa.eu/press/key/date/2001/html/sp010917.en.html,Terminale générale,Tronc commun,"10. Terminale générale — année scolaire 2026-2027 > 10.5 Thème 4 — Le monde, l’Europe et la France depuis les années 1990, entre coopérations et conflits > 10.5.5 Euro : 1999 ≠ 2002",3754
OCC-0287,SRC-0266,SRC-0266,https://www.legifrance.gouv.fr/jorf/id/JORFTEXT000000396412,Terminale générale,Tronc commun,"10. Terminale générale — année scolaire 2026-2027 > 10.5 Thème 4 — Le monde, l’Europe et la France depuis les années 1990, entre coopérations et conflits > 10.5.6 Parité : principe constitutionnel puis mise en œuvre législative",3768
OCC-0288,SRC-0290,SRC-0266,https://www.legifrance.gouv.fr/jorf/id/JORFTEXT000000396412,Terminale générale,Tronc commun,10. Terminale générale — année scolaire 2026-2027 > 10.9 Sources principales — Terminale > Vérification historique,3937
OCC-0289,SRC-0267,SRC-0267,https://www.legifrance.gouv.fr/jorf/id/JORFTEXT000000400185,Terminale générale,Tronc commun,"10. Terminale générale — année scolaire 2026-2027 > 10.5 Thème 4 — Le monde, l’Europe et la France depuis les années 1990, entre coopérations et conflits > 10.5.6 Parité : principe constitutionnel puis mise en œuvre législative",3769
OCC-0290,SRC-0291,SRC-0267,https://www.legifrance.gouv.fr/jorf/id/JORFTEXT000000400185,Terminale générale,Tronc commun,10. Terminale générale — année scolaire 2026-2027 > 10.9 Sources principales — Terminale > Vérification historique,3938
OCC-0291,SRC-0268,SRC-0268,https://www.legifrance.gouv.fr/jorf/id/JORFTEXT000000601882,Terminale générale,Tronc commun,"10. Terminale générale — année scolaire 2026-2027 > 10.5 Thème 4 — Le monde, l’Europe et la France depuis les années 1990, entre coopérations et conflits > 10.5.7 Approfondissement de la décentralisation",3780
OCC-0292,SRC-0292,SRC-0268,https://www.legifrance.gouv.fr/jorf/id/JORFTEXT000000601882,Terminale générale,Tronc commun,10. Terminale générale — année scolaire 2026-2027 > 10.9 Sources principales — Terminale > Vérification historique,3939
OCC-0293,SRC-0271,SRC-0271,https://eduscol.education.gouv.fr/sites/default/files/document/ra21lyceegthisttheme2multiplication-acteurs-internationaux-monde-bipolairepdf-73089.pdf,Terminale générale,Tronc commun,10. Terminale générale — année scolaire 2026-2027 > 10.9 Sources principales — Terminale > Sources curriculaires,3915
OCC-0294,SRC-0293,SRC-0293,https://eduscol.education.gouv.fr/5802/programmes-et-ressources-en-histoire-geographie-geopolitique-et-sciences-politiques-voie-g,,HGGSP,"11. HGGSP — Première et Terminale générales — année scolaire 2026-2027 > 11.1 Périmètre, statut et méthode",3955
OCC-0295,SRC-0297,SRC-0293,https://eduscol.education.gouv.fr/5802/programmes-et-ressources-en-histoire-geographie-geopolitique-et-sciences-politiques-voie-g,,HGGSP,11. HGGSP — Première et Terminale générales — année scolaire 2026-2027 > 11.7 Sources de vérification prioritaires — HGGSP > Programme et examen,4457
OCC-0296,SRC-0294,SRC-0294,https://eduscol.education.gouv.fr/sites/default/files/document/spe576annexe1062925pdf-83244.pdf,,HGGSP,"11. HGGSP — Première et Terminale générales — année scolaire 2026-2027 > 11.1 Périmètre, statut et méthode",3956
OCC-0297,SRC-0298,SRC-0294,https://eduscol.education.gouv.fr/sites/default/files/document/spe576annexe1062925pdf-83244.pdf,,HGGSP,11. HGGSP — Première et Terminale générales — année scolaire 2026-2027 > 11.7 Sources de vérification prioritaires — HGGSP > Programme et examen,4458
OCC-0298,SRC-0295,SRC-0295,https://eduscol.education.gouv.fr/sites/default/files/document/spe254annexe1159180pdf-83247.pdf,,HGGSP,"11. HGGSP — Première et Terminale générales — année scolaire 2026-2027 > 11.1 Périmètre, statut et méthode",3957
OCC-0299,SRC-0299,SRC-0295,https://eduscol.education.gouv.fr/sites/default/files/document/spe254annexe1159180pdf-83247.pdf,,HGGSP,11. HGGSP — Première et Terminale générales — année scolaire 2026-2027 > 11.7 Sources de vérification prioritaires — HGGSP > Programme et examen,4459
OCC-0300,SRC-0296,SRC-0296,https://www.education.gouv.fr/bo/2026/Special4/MENE2622655N,,HGGSP,11. HGGSP — Première et Terminale générales — année scolaire 2026-2027 > 11.4 Rotation des thèmes à l’épreuve du baccalauréat — session 2027,4327
OCC-0301,SRC-0300,SRC-0296,https://www.education.gouv.fr/bo/2026/Special4/MENE2622655N,,HGGSP,11. HGGSP — Première et Terminale générales — année scolaire 2026-2027 > 11.7 Sources de vérification prioritaires — HGGSP > Programme et examen,4460
OCC-0302,SRC-0301,SRC-0301,https://catalogue.bnf.fr/ark:/12148/cb178787929,,HGGSP,11. HGGSP — Première et Terminale générales — année scolaire 2026-2027 > 11.7 Sources de vérification prioritaires — HGGSP > Démocratie / frontières / information / religions,4464
OCC-0303,SRC-0302,SRC-0302,https://catalogue.bnf.fr/ark:/12148/cb11948318h,,HGGSP,11. HGGSP — Première et Terminale générales — année scolaire 2026-2027 > 11.7 Sources de vérification prioritaires — HGGSP > Démocratie / frontières / information / religions,4465
OCC-0304,SRC-0303,SRC-0303,https://www.parlamento.pt/Parlamento/Paginas/dias-democracia.aspx,,HGGSP,11. HGGSP — Première et Terminale générales — année scolaire 2026-2027 > 11.7 Sources de vérification prioritaires — HGGSP > Démocratie / frontières / information / religions,4466
OCC-0305,SRC-0304,SRC-0304,https://boe.es/diario_boe/txt.php?id=BOE-A-1978-27525,,HGGSP,11. HGGSP — Première et Terminale générales — année scolaire 2026-2027 > 11.7 Sources de vérification prioritaires — HGGSP > Démocratie / frontières / information / religions,4467
OCC-0306,SRC-0305,SRC-0305,https://www.boe.es/eli/es/c/1978/12/27/%281%29/dof/mul/pdf,,HGGSP,11. HGGSP — Première et Terminale générales — année scolaire 2026-2027 > 11.7 Sources de vérification prioritaires — HGGSP > Démocratie / frontières / information / religions,4468
OCC-0307,SRC-0306,SRC-0306,https://archiv.diplo.de/arc-en/the-political-archive/general-act-2684414,,HGGSP,11. HGGSP — Première et Terminale générales — année scolaire 2026-2027 > 11.7 Sources de vérification prioritaires — HGGSP > Démocratie / frontières / information / religions,4469
OCC-0308,SRC-0307,SRC-0307,https://www.archives.gov/milestone-documents/armistice-agreement-restoration-south-korean-state,,HGGSP,11. HGGSP — Première et Terminale générales — année scolaire 2026-2027 > 11.7 Sources de vérification prioritaires — HGGSP > Démocratie / frontières / information / religions,4470
OCC-0309,SRC-0308,SRC-0308,https://treaties.un.org/Pages/showDetails.aspx?clang=_fr&objid=0800000280043ad5,,HGGSP,11. HGGSP — Première et Terminale générales — année scolaire 2026-2027 > 11.7 Sources de vérification prioritaires — HGGSP > Démocratie / frontières / information / religions,4471
OCC-0310,SRC-0309,SRC-0309,https://eur-lex.europa.eu/legal-content/FR/TXT?uri=LEGISSUM:schengen_agreement,,HGGSP,11. HGGSP — Première et Terminale générales — année scolaire 2026-2027 > 11.7 Sources de vérification prioritaires — HGGSP > Démocratie / frontières / information / religions,4472
OCC-0311,SRC-0310,SRC-0310,https://www.afp.com/fr/lagence/notre-actualite/lactualite-de-lafp/20-aout-1944-naissance-de-lafp-heritiere-de-lagence,,HGGSP,11. HGGSP — Première et Terminale générales — année scolaire 2026-2027 > 11.7 Sources de vérification prioritaires — HGGSP > Démocratie / frontières / information / religions,4473
OCC-0312,SRC-0311,SRC-0311,https://cdn.tbmm.gov.tr/TbmmWeb/Yayinlar/MeclisHaberDergisi/38219f5e-2c32-49ce-a8cb-acacc0967c87.pdf,,HGGSP,11. HGGSP — Première et Terminale générales — année scolaire 2026-2027 > 11.7 Sources de vérification prioritaires — HGGSP > Démocratie / frontières / information / religions,4474
OCC-0313,SRC-0312,SRC-0312,https://www.nasa.gov/history/dawn-of-the-space-age,,HGGSP,11. HGGSP — Première et Terminale générales — année scolaire 2026-2027 > 11.7 Sources de vérification prioritaires — HGGSP > Espace / mers / guerre et paix,4478
OCC-0314,SRC-0313,SRC-0313,https://www.nasa.gov/history/SP-4219/Chapter7.html,,HGGSP,11. HGGSP — Première et Terminale générales — année scolaire 2026-2027 > 11.7 Sources de vérification prioritaires — HGGSP > Espace / mers / guerre et paix,4479
OCC-0315,SRC-0314,SRC-0314,https://www.nasa.gov/history/apollo-11-mission-overview,,HGGSP,11. HGGSP — Première et Terminale générales — année scolaire 2026-2027 > 11.7 Sources de vérification prioritaires — HGGSP > Espace / mers / guerre et paix,4480
OCC-0316,SRC-0315,SRC-0315,https://www.nasa.gov/missions/station/the-international-space-station-20-years-of-communications-excellence,,HGGSP,11. HGGSP — Première et Terminale générales — année scolaire 2026-2027 > 11.7 Sources de vérification prioritaires — HGGSP > Espace / mers / guerre et paix,4481
OCC-0317,SRC-0316,SRC-0316,https://www.un.org/bbnjagreement/fr,,HGGSP,11. HGGSP — Première et Terminale générales — année scolaire 2026-2027 > 11.7 Sources de vérification prioritaires — HGGSP > Espace / mers / guerre et paix,4482
OCC-0318,SRC-0317,SRC-0317,https://www.bundestag.de/parlament/praesidium/reden/2017/007-531974,,HGGSP,11. HGGSP — Première et Terminale générales — année scolaire 2026-2027 > 11.7 Sources de vérification prioritaires — HGGSP > Espace / mers / guerre et paix,4483
OCC-0319,SRC-0318,SRC-0318,https://www.un.org/sg/fr/former-sg/kofi-annan,,HGGSP,11. HGGSP — Première et Terminale générales — année scolaire 2026-2027 > 11.7 Sources de vérification prioritaires — HGGSP > Espace / mers / guerre et paix,4484
OCC-0320,SRC-0320,SRC-0320,https://history.state.gov/milestones/1989-1992/gulf-war,,HGGSP,11. HGGSP — Première et Terminale générales — année scolaire 2026-2027 > 11.7 Sources de vérification prioritaires — HGGSP > Espace / mers / guerre et paix,4486
OCC-0321,SRC-0321,SRC-0321,https://history.state.gov/countries/iraq,,HGGSP,11. HGGSP — Première et Terminale générales — année scolaire 2026-2027 > 11.7 Sources de vérification prioritaires — HGGSP > Espace / mers / guerre et paix,4487
OCC-0322,SRC-0322,SRC-0322,https://www.icty.org/fr/le-tribunal-en-bref/le-tribunal/la-creation-du-tribunal,,HGGSP,11. HGGSP — Première et Terminale générales — année scolaire 2026-2027 > 11.7 Sources de vérification prioritaires — HGGSP > Justice / mémoire / patrimoine,4491
OCC-0323,SRC-0323,SRC-0323,https://www.icty.org/fr/content/20-ans-de-justice-internationale,,HGGSP,11. HGGSP — Première et Terminale générales — année scolaire 2026-2027 > 11.7 Sources de vérification prioritaires — HGGSP > Justice / mémoire / patrimoine,4492
OCC-0324,SRC-0324,SRC-0324,https://encyclopedia.ushmm.org/content/fr/article/how-were-the-crimes-defined,,HGGSP,11. HGGSP — Première et Terminale générales — année scolaire 2026-2027 > 11.7 Sources de vérification prioritaires — HGGSP > Justice / mémoire / patrimoine,4493
OCC-0325,SRC-0325,SRC-0325,https://www.icc-cpi.int/fr/mali/al-mahdi,,HGGSP,11. HGGSP — Première et Terminale générales — année scolaire 2026-2027 > 11.7 Sources de vérification prioritaires — HGGSP > Justice / mémoire / patrimoine,4494
OCC-0326,SRC-0326,SRC-0326,https://whc.unesco.org/fr/canopee/tombouctou,,HGGSP,11. HGGSP — Première et Terminale générales — année scolaire 2026-2027 > 11.7 Sources de vérification prioritaires — HGGSP > Justice / mémoire / patrimoine,4495
OCC-0327,SRC-0327,SRC-0327,https://whc.unesco.org/fr/list/1360/documents,,HGGSP,11. HGGSP — Première et Terminale générales — année scolaire 2026-2027 > 11.7 Sources de vérification prioritaires — HGGSP > Justice / mémoire / patrimoine,4496
OCC-0328,SRC-0328,SRC-0328,https://ich.unesco.org/en/RL/gastronomic-meal-of-the-frenchs-00437,,HGGSP,11. HGGSP — Première et Terminale générales — année scolaire 2026-2027 > 11.7 Sources de vérification prioritaires — HGGSP > Justice / mémoire / patrimoine,4497
OCC-0329,SRC-0329,SRC-0329,https://www.un.org/fr/conferences/environment/stockholm1972,,HGGSP,11. HGGSP — Première et Terminale générales — année scolaire 2026-2027 > 11.7 Sources de vérification prioritaires — HGGSP > Environnement / connaissance / cyber,4501
OCC-0330,SRC-0330,SRC-0330,https://www.un.org/fr/conferences/environment/rio1992,,HGGSP,11. HGGSP — Première et Terminale générales — année scolaire 2026-2027 > 11.7 Sources de vérification prioritaires — HGGSP > Environnement / connaissance / cyber,4502
OCC-0331,SRC-0331,SRC-0331,https://www.unfccc.int/process-and-meetings/the-kyoto-protocol,,HGGSP,11. HGGSP — Première et Terminale générales — année scolaire 2026-2027 > 11.7 Sources de vérification prioritaires — HGGSP > Environnement / connaissance / cyber,4503
OCC-0332,SRC-0332,SRC-0332,https://www.unfccc.int/process-and-meetings/the-paris-agreement,,HGGSP,11. HGGSP — Première et Terminale générales — année scolaire 2026-2027 > 11.7 Sources de vérification prioritaires — HGGSP > Environnement / connaissance / cyber,4504
OCC-0333,SRC-0333,SRC-0333,https://www.nps.gov/articles/quick-nps-history.htm,,HGGSP,11. HGGSP — Première et Terminale générales — année scolaire 2026-2027 > 11.7 Sources de vérification prioritaires — HGGSP > Environnement / connaissance / cyber,4505
OCC-0334,SRC-0334,SRC-0334,https://www.epa.gov/history/origins-epa,,HGGSP,11. HGGSP — Première et Terminale générales — année scolaire 2026-2027 > 11.7 Sources de vérification prioritaires — HGGSP > Environnement / connaissance / cyber,4506
OCC-0335,SRC-0335,SRC-0335,https://www.academie-sciences.fr/pdf/dossiers/Becquerel/Becquerel_pubd1.htm,,HGGSP,11. HGGSP — Première et Terminale générales — année scolaire 2026-2027 > 11.7 Sources de vérification prioritaires — HGGSP > Environnement / connaissance / cyber,4507
OCC-0336,SRC-0336,SRC-0336,https://www.bnf.fr/fr/les-cahiers-de-marie-curie-conserves-la-bnf-sont-ils-radioactifs,,HGGSP,11. HGGSP — Première et Terminale générales — année scolaire 2026-2027 > 11.7 Sources de vérification prioritaires — HGGSP > Environnement / connaissance / cyber,4508
OCC-0337,SRC-0337,SRC-0337,https://www.legifrance.gouv.fr/jorf/id/JORFTEXT000020828212,,HGGSP,11. HGGSP — Première et Terminale générales — année scolaire 2026-2027 > 11.7 Sources de vérification prioritaires — HGGSP > Environnement / connaissance / cyber,4509
