curriculum_object_event_id,curriculum_object_id,event_id,relation_type,notes
COE7-0001,COBJ-0001,EVT-0346,DIRECT,
COE7-0002,COBJ-0002,EVT-0166,DIRECT,
COE7-0003,COBJ-0003,EVT-0347,DIRECT,
COE7-0004,COBJ-0004,EVT-0348,DIRECT,
COE7-0005,COBJ-0004,EVT-0334,COMPONENT,Existing child/anchor event retained alongside V6 canonical curriculum object.
COE7-0006,COBJ-0004,EVT-0173,COMPONENT,Existing child/anchor event retained alongside V6 canonical curriculum object.
COE7-0007,COBJ-0004,EVT-0174,COMPONENT,Existing child/anchor event retained alongside V6 canonical curriculum object.
COE7-0008,COBJ-0004,EVT-0175,COMPONENT,Existing child/anchor event retained alongside V6 canonical curriculum object.
COE7-0009,COBJ-0005,EVT-0349,DIRECT,
COE7-0010,COBJ-0006,EVT-0009,DIRECT,
COE7-0011,COBJ-0007,EVT-0350,DIRECT,
COE7-0012,COBJ-0008,EVT-0188,DIRECT,
COE7-0013,COBJ-0009,EVT-0351,DIRECT,
COE7-0014,COBJ-0010,EVT-0352,DIRECT,
COE7-0015,COBJ-0011,EVT-0227,DIRECT,
COE7-0016,COBJ-0012,EVT-0187,DIRECT,
COE7-0017,COBJ-0013,EVT-0353,DIRECT,
COE7-0018,COBJ-0014,EVT-0003,COMPONENT,
COE7-0019,COBJ-0014,EVT-0004,COMPONENT,
COE7-0020,COBJ-0015,EVT-0082,COMPONENT,
COE7-0021,COBJ-0015,EVT-0083,COMPONENT,
COE7-0022,COBJ-0015,EVT-0084,COMPONENT,
COE7-0023,COBJ-0015,EVT-0085,COMPONENT,
COE7-0024,COBJ-0016,EVT-0005,DIRECT,
COE7-0025,COBJ-0017,EVT-0012,DIRECT,
COE7-0026,COBJ-0018,EVT-0354,DIRECT,
COE7-0027,COBJ-0019,EVT-0355,DIRECT,
COE7-0028,COBJ-0020,EVT-0356,DIRECT,
COE7-0029,COBJ-0020,EVT-0093,COMPONENT,Existing child/anchor event retained alongside V6 canonical curriculum object.
COE7-0030,COBJ-0020,EVT-0094,COMPONENT,Existing child/anchor event retained alongside V6 canonical curriculum object.
COE7-0031,COBJ-0020,EVT-0095,COMPONENT,Existing child/anchor event retained alongside V6 canonical curriculum object.
COE7-0032,COBJ-0020,EVT-0096,COMPONENT,Existing child/anchor event retained alongside V6 canonical curriculum object.
COE7-0033,COBJ-0021,EVT-0013,DIRECT,
COE7-0034,COBJ-0022,EVT-0357,COMPONENT,
COE7-0035,COBJ-0022,EVT-0358,COMPONENT,
COE7-0036,COBJ-0023,EVT-0359,DIRECT,
COE7-0037,COBJ-0024,EVT-0118,DIRECT,
COE7-0038,COBJ-0025,EVT-0120,COMPONENT,
COE7-0039,COBJ-0025,EVT-0121,COMPONENT,
COE7-0040,COBJ-0025,EVT-0122,COMPONENT,
COE7-0041,COBJ-0025,EVT-0123,COMPONENT,
COE7-0042,COBJ-0025,EVT-0124,COMPONENT,
COE7-0043,COBJ-0026,EVT-0114,DIRECT,
COE7-0044,COBJ-0027,EVT-0360,DIRECT,
COE7-0045,COBJ-0027,EVT-0109,COMPONENT,Existing child/anchor event retained alongside V6 canonical curriculum object.
COE7-0046,COBJ-0027,EVT-0100,COMPONENT,Existing child/anchor event retained alongside V6 canonical curriculum object.
COE7-0047,COBJ-0027,EVT-0006,COMPONENT,Existing child/anchor event retained alongside V6 canonical curriculum object.
COE7-0048,COBJ-0027,EVT-0007,COMPONENT,Existing child/anchor event retained alongside V6 canonical curriculum object.
COE7-0049,COBJ-0028,EVT-0361,COMPONENT,
COE7-0050,COBJ-0028,EVT-0362,COMPONENT,
COE7-0051,COBJ-0029,EVT-0363,DIRECT,
COE7-0052,COBJ-0030,EVT-0132,DIRECT,
COE7-0053,COBJ-0031,EVT-0364,DIRECT,
COE7-0054,COBJ-0032,EVT-0365,DIRECT,
COE7-0055,COBJ-0033,EVT-0062,DIRECT,
COE7-0056,COBJ-0034,EVT-0063,DIRECT,
COE7-0057,COBJ-0035,EVT-0348,DIRECT,
COE7-0058,COBJ-0035,EVT-0334,COMPONENT,Existing child/anchor event retained alongside V6 canonical curriculum object.
COE7-0059,COBJ-0035,EVT-0173,COMPONENT,Existing child/anchor event retained alongside V6 canonical curriculum object.
COE7-0060,COBJ-0036,EVT-0029,ANCHOR,
COE7-0061,COBJ-0036,EVT-0136,ANCHOR,
COE7-0062,COBJ-0037,EVT-0262,DIRECT,
COE7-0063,COBJ-0038,EVT-0263,COMPONENT,
COE7-0064,COBJ-0038,EVT-0264,COMPONENT,
COE7-0065,COBJ-0039,EVT-0265,DIRECT,
COE7-0066,COBJ-0040,EVT-0266,COMPONENT,
COE7-0067,COBJ-0040,EVT-0267,COMPONENT,
COE7-0068,COBJ-0040,EVT-0268,COMPONENT,
COE7-0069,COBJ-0040,EVT-0269,COMPONENT,
COE7-0070,COBJ-0040,EVT-0270,COMPONENT,
COE7-0071,COBJ-0042,EVT-0271,ANCHOR,
COE7-0072,COBJ-0042,EVT-0272,ANCHOR,
COE7-0073,COBJ-0044,EVT-0115,ANCHOR,
COE7-0074,COBJ-0052,EVT-0273,COMPONENT,
COE7-0075,COBJ-0052,EVT-0274,COMPONENT,
COE7-0076,COBJ-0053,EVT-0275,COMPONENT,
COE7-0077,COBJ-0053,EVT-0276,COMPONENT,
COE7-0078,COBJ-0054,EVT-0277,ANCHOR,
COE7-0079,COBJ-0055,EVT-0278,COMPONENT,
COE7-0080,COBJ-0055,EVT-0279,COMPONENT,
COE7-0081,COBJ-0056,EVT-0280,COMPONENT,
COE7-0082,COBJ-0056,EVT-0281,COMPONENT,
COE7-0083,COBJ-0056,EVT-0282,COMPONENT,
COE7-0084,COBJ-0062,EVT-0082,COMPONENT,
COE7-0085,COBJ-0062,EVT-0083,COMPONENT,
COE7-0086,COBJ-0062,EVT-0084,COMPONENT,
COE7-0087,COBJ-0062,EVT-0085,COMPONENT,
COE7-0088,COBJ-0063,EVT-0283,COMPONENT,
COE7-0089,COBJ-0063,EVT-0284,COMPONENT,
COE7-0090,COBJ-0063,EVT-0285,COMPONENT,
COE7-0091,COBJ-0068,EVT-0044,DIRECT,
COE7-0092,COBJ-0070,EVT-0366,DIRECT,
COE7-0093,COBJ-0075,EVT-0286,ANCHOR,
COE7-0094,COBJ-0075,EVT-0287,ANCHOR,
COE7-0095,COBJ-0075,EVT-0288,ANCHOR,
COE7-0096,COBJ-0075,EVT-0289,ANCHOR,
COE7-0097,COBJ-0075,EVT-0290,ANCHOR,
COE7-0098,COBJ-0075,EVT-0291,ANCHOR,
COE7-0099,COBJ-0077,EVT-0290,COMPONENT,
COE7-0100,COBJ-0077,EVT-0291,COMPONENT,
COE7-0101,COBJ-0078,EVT-0278,COMPONENT,
COE7-0102,COBJ-0078,EVT-0279,COMPONENT,
COE7-0103,COBJ-0078,EVT-0293,COMPONENT,
COE7-0104,COBJ-0078,EVT-0294,COMPONENT,
COE7-0105,COBJ-0083,EVT-0295,DIRECT,
COE7-0106,COBJ-0084,EVT-0296,COMPONENT,
COE7-0107,COBJ-0084,EVT-0297,COMPONENT,
COE7-0108,COBJ-0085,EVT-0298,ANCHOR,
COE7-0109,COBJ-0086,EVT-0299,COMPONENT,
COE7-0110,COBJ-0086,EVT-0300,COMPONENT,
COE7-0111,COBJ-0086,EVT-0301,COMPONENT,
COE7-0112,COBJ-0086,EVT-0302,COMPONENT,
COE7-0113,COBJ-0087,EVT-0012,ANCHOR,
COE7-0114,COBJ-0087,EVT-0089,ANCHOR,
COE7-0115,COBJ-0088,EVT-0120,ANCHOR,
COE7-0116,COBJ-0088,EVT-0121,ANCHOR,
COE7-0117,COBJ-0088,EVT-0122,ANCHOR,
COE7-0118,COBJ-0088,EVT-0123,ANCHOR,
COE7-0119,COBJ-0088,EVT-0124,ANCHOR,
COE7-0120,COBJ-0090,EVT-0305,COMPONENT,
COE7-0121,COBJ-0090,EVT-0306,COMPONENT,
COE7-0122,COBJ-0092,EVT-0307,ANCHOR,
COE7-0123,COBJ-0092,EVT-0308,ANCHOR,
COE7-0124,COBJ-0094,EVT-0154,ANCHOR,
COE7-0125,COBJ-0094,EVT-0200,ANCHOR,
COE7-0126,COBJ-0096,EVT-0192,ANCHOR,
COE7-0127,COBJ-0097,EVT-0309,COMPONENT,
COE7-0128,COBJ-0097,EVT-0310,COMPONENT,
COE7-0129,COBJ-0098,EVT-0142,ANCHOR,
COE7-0130,COBJ-0100,EVT-0311,DIRECT,
COE7-0131,COBJ-0101,EVT-0312,DIRECT,
COE7-0132,COBJ-0102,EVT-0367,DIRECT,
COE7-0133,COBJ-0103,EVT-0340,ANCHOR,
COE7-0134,COBJ-0103,EVT-0009,ANCHOR,
COE7-0135,COBJ-0103,EVT-0010,ANCHOR,
COE7-0136,COBJ-0105,EVT-0316,COMPONENT,
COE7-0137,COBJ-0105,EVT-0317,COMPONENT,
COE7-0138,COBJ-0105,EVT-0318,COMPONENT,
COE7-0139,COBJ-0105,EVT-0319,COMPONENT,
COE7-0140,COBJ-0105,EVT-0320,COMPONENT,
COE7-0141,COBJ-0105,EVT-0321,COMPONENT,
COE7-0142,COBJ-0106,EVT-0313,COMPONENT,
COE7-0143,COBJ-0106,EVT-0314,COMPONENT,
COE7-0144,COBJ-0106,EVT-0315,COMPONENT,
COE7-0145,COBJ-0107,EVT-0316,ANCHOR,
COE7-0146,COBJ-0107,EVT-0317,ANCHOR,
COE7-0147,COBJ-0107,EVT-0318,ANCHOR,
COE7-0148,COBJ-0107,EVT-0319,ANCHOR,
COE7-0149,COBJ-0107,EVT-0320,ANCHOR,
COE7-0150,COBJ-0107,EVT-0321,ANCHOR,
COE7-0151,COBJ-0108,EVT-0086,ANCHOR,
COE7-0152,COBJ-0108,EVT-0087,ANCHOR,
COE7-0153,COBJ-0108,EVT-0088,ANCHOR,
COE7-0154,COBJ-0109,EVT-0322,ANCHOR,
COE7-0155,COBJ-0109,EVT-0323,ANCHOR,
COE7-0156,COBJ-0109,EVT-0324,ANCHOR,
COE7-0157,COBJ-0109,EVT-0325,ANCHOR,
COE7-0158,COBJ-0113,EVT-0326,DIRECT,
