change_id,event_id,title_before,category,before,after,reason,specific_source_url
CHG16-001,EVT-0552,Éruption du Vésuve ensevelissant Pompéi et Herculanum,GENERAL_CULTURE_QA,"{""date_text"": ""24 août 79"", ""date_status"": ""DISPUTED"", ""secondary_dates"": """", ""playable"": ""FALSE"", ""playable_mode"": ""NOT_AUTOMATIC"", ""playable_reason"": ""Datation approximative ou discutée : pas de question automatique.""}","{""date_text"": ""24 août 79 traditionnel ; une datation automnale, notamment fin octobre, reste discutée"", ""date_status"": ""DISPUTED"", ""secondary_dates"": ""La tradition manuscrite majoritaire donne le 24 août ; des arguments archéologiques et travaux récents proposent une date automnale, parfois entre le 24 octobre et le 1er novembre."", ""playable"": ""FALSE"", ""playable_mode"": ""NOT_AUTOMATIC"", ""playable_reason"": ""Jour exact débattu : ne pas générer de question automatique au jour.""}",La date du 24 août est traditionnelle mais la date exacte de l’éruption reste débattue.,https://en.wikipedia.org/wiki/Eruption_of_Mount_Vesuvius_in_79_AD
CHG16-002,EVT-0570,Éruption minoenne de Santorin,GENERAL_CULTURE_QA,"{""date_text"": ""1600 av. J.-C."", ""start_year"": ""-1600"", ""start_month"": """", ""start_day"": """", ""end_year"": """", ""end_month"": """", ""end_day"": """", ""precision"": ""YEAR"", ""date_status"": ""APPROXIMATE"", ""secondary_dates"": """", ""playable"": ""FALSE"", ""playable_mode"": ""NOT_AUTOMATIC"", ""playable_reason"": ""Datation approximative ou discutée : pas de question automatique.""}","{""date_text"": ""vers 1600 av. J.-C. ; datation discutée, approximativement entre le XVIIe et le XVIe siècle av. J.-C."", ""start_year"": ""-1609"", ""start_month"": """", ""start_day"": """", ""end_year"": ""-1500"", ""end_month"": """", ""end_day"": """", ""precision"": ""YEAR_RANGE"", ""date_status"": ""DISPUTED"", ""secondary_dates"": ""Les estimations modernes varient selon les méthodes ; plusieurs modèles placent l’éruption autour de 1600 av. J.-C., avec des fourchettes s’étendant dans le XVIe siècle."", ""playable"": ""FALSE"", ""playable_mode"": ""NOT_AUTOMATIC"", ""playable_reason"": ""Datation archéologique discutée : contexte uniquement.""}",La datation de l’éruption minoenne ne doit pas être figée à -1600 comme une année exacte.,https://en.wikipedia.org/wiki/Minoan_eruption
CHG16-003,EVT-0663,Bataille de la Boyne,GENERAL_CULTURE_QA,"{""date_text"": ""1 juillet 1690"", ""calendar_system"": ""GREGORIAN_OR_HISTORICAL_STANDARD"", ""secondary_dates"": """"}","{""date_text"": ""1er juillet 1690 (calendrier julien alors en usage ; 11 juillet grégorien)"", ""calendar_system"": ""JULIAN"", ""secondary_dates"": ""11 juillet 1690 en calendrier grégorien ; la commémoration moderne du « Twelfth » est liée à des conventions calendaires et à Aughrim.""}",La bataille est historiquement datée du 1er juillet Old Style ; la conversion grégorienne est le 11 juillet.,https://en.wikipedia.org/wiki/Battle_of_the_Boyne
CHG16-004,EVT-0692,Réalisation de la plus ancienne photographie permanente connue par Nicéphore Niépce,GENERAL_CULTURE_QA,"{""date_text"": ""1826"", ""start_year"": ""1826"", ""start_month"": """", ""start_day"": """", ""end_year"": """", ""end_month"": """", ""end_day"": """", ""precision"": ""YEAR"", ""date_status"": ""APPROXIMATE"", ""secondary_dates"": """", ""playable"": ""FALSE"", ""playable_mode"": ""NOT_AUTOMATIC"", ""playable_reason"": ""Datation approximative ou discutée : pas de question automatique.""}","{""date_text"": ""1826 ou 1827"", ""start_year"": ""1826"", ""start_month"": """", ""start_day"": """", ""end_year"": ""1827"", ""end_month"": """", ""end_day"": """", ""precision"": ""YEAR_RANGE"", ""date_status"": ""DISPUTED"", ""secondary_dates"": ""La datation traditionnelle 1826 a été remise en cause ; plusieurs travaux retiennent 1827, avec une proposition entre début juin et mi-juillet 1827."", ""playable"": ""FALSE"", ""playable_mode"": ""NOT_AUTOMATIC"", ""playable_reason"": ""Année de prise de vue discutée entre 1826 et 1827.""}",La plus ancienne photographie conservée ne doit pas être fixée à 1826 sans nuance.,https://en.wikipedia.org/wiki/View_from_the_Window_at_Le_Gras
CHG16-005,EVT-0701,Abolition du servage dans l’Empire russe,GENERAL_CULTURE_QA,"{""title_canonical"": ""Abolition du servage dans l’Empire russe"", ""date_text"": ""19 février 1861"", ""start_year"": ""1861"", ""start_month"": ""2"", ""start_day"": ""19"", ""precision"": ""DAY"", ""date_status"": ""CONVENTIONAL"", ""calendar_system"": ""GREGORIAN_OR_HISTORICAL_STANDARD"", ""secondary_dates"": """"}","{""title_canonical"": ""Entrée en vigueur de l’abolition du servage dans l’Empire russe"", ""date_text"": ""3 mars 1861 (19 février selon le calendrier julien alors en usage en Russie)"", ""start_year"": ""1861"", ""start_month"": ""3"", ""start_day"": ""3"", ""precision"": ""DAY"", ""date_status"": ""EXACT"", ""calendar_system"": ""GREGORIAN"", ""secondary_dates"": ""19 février 1861 calendrier julien (Old Style).""}",Normalisation en calendrier grégorien tout en conservant la date russe Old Style.,https://fr.wikipedia.org/wiki/Abolition_du_servage_de_1861
CHG16-006,EVT-0702,Publication des Misérables de Victor Hugo,GENERAL_CULTURE_QA,"{""title_canonical"": ""Publication des Misérables de Victor Hugo"", ""date_text"": ""mai 1862"", ""start_year"": ""1862"", ""start_month"": ""5"", ""start_day"": """", ""precision"": ""MONTH"", ""date_status"": ""CONVENTIONAL"", ""secondary_dates"": """"}","{""title_canonical"": ""Début de la publication des Misérables de Victor Hugo"", ""date_text"": ""30 mars 1862 à Bruxelles ; 3 avril 1862 à Paris"", ""start_year"": ""1862"", ""start_month"": ""3"", ""start_day"": ""30"", ""precision"": ""DAY"", ""date_status"": ""EXACT"", ""secondary_dates"": ""3 avril 1862 : parution à Paris ; 15 mai : parties II et III ; 30 juin : parties IV et V.""}",« Les Misérables » paraît en plusieurs vagues ; le 30 mars marque le début de publication à Bruxelles.,https://fr.wikipedia.org/wiki/Les_Mis%C3%A9rables
CHG16-007,EVT-0704,Publication des travaux de Gregor Mendel sur l’hérédité,GENERAL_CULTURE_QA,"{""title_canonical"": ""Publication des travaux de Gregor Mendel sur l’hérédité"", ""date_text"": ""1865"", ""start_year"": ""1865"", ""start_month"": """", ""start_day"": """", ""precision"": ""YEAR"", ""date_status"": ""CONVENTIONAL"", ""secondary_dates"": """"}","{""title_canonical"": ""Publication des travaux de Gregor Mendel sur l’hérédité"", ""date_text"": ""1866"", ""start_year"": ""1866"", ""start_month"": """", ""start_day"": """", ""precision"": ""YEAR"", ""date_status"": ""EXACT"", ""secondary_dates"": ""8 février et 8 mars 1865 : présentation des résultats devant la Société d’histoire naturelle de Brünn.""}",Les résultats ont été présentés en 1865 mais l’article a été publié en 1866.,https://en.wikipedia.org/wiki/Experiments_on_Plant_Hybridization
CHG16-008,EVT-0715,Démonstration d’une lampe à incandescence durable par Edison,GENERAL_CULTURE_QA,"{""title_canonical"": ""Démonstration d’une lampe à incandescence durable par Edison"", ""date_text"": ""21 octobre 1879"", ""start_year"": ""1879"", ""start_month"": ""10"", ""start_day"": ""21"", ""precision"": ""DAY"", ""date_status"": ""CONVENTIONAL"", ""secondary_dates"": """", ""playable"": ""TRUE"", ""playable_mode"": ""DAY"", ""playable_reason"": ""Jouable au jour.""}","{""title_canonical"": ""Mise au point d’une lampe à incandescence durable par Edison"", ""date_text"": ""octobre 1879 ; jour exact à ne pas figer"", ""start_year"": ""1879"", ""start_month"": ""10"", ""start_day"": """", ""precision"": ""MONTH"", ""date_status"": ""APPROXIMATE"", ""secondary_dates"": ""Décembre 1879 : première démonstration publique du système d’éclairage d’Edison à Menlo Park."", ""playable"": ""FALSE"", ""playable_mode"": ""NOT_AUTOMATIC"", ""playable_reason"": ""Le mois est solide mais la date du 21 octobre souvent citée est contestée par les travaux historiques du NPS.""}",Le NPS indique que la date précise du 21 octobre souvent répétée est erronée.,https://www.nps.gov/edis/learn/historyculture/edison-biography.htm
CHG16-009,EVT-0760,Première démonstration publique du phonographe d’Edison,GENERAL_CULTURE_QA,"{""title_canonical"": ""Première démonstration publique du phonographe d’Edison"", ""date_text"": ""6 décembre 1877"", ""start_year"": ""1877"", ""start_month"": ""12"", ""start_day"": ""6"", ""precision"": ""DAY"", ""date_status"": ""CONVENTIONAL"", ""secondary_dates"": """"}","{""title_canonical"": ""Démonstration du phonographe d’Edison au Scientific American"", ""date_text"": ""7 décembre 1877"", ""start_year"": ""1877"", ""start_month"": ""12"", ""start_day"": ""7"", ""precision"": ""DAY"", ""date_status"": ""EXACT"", ""secondary_dates"": ""29 novembre 1877 : première démonstration de l’appareil selon la chronologie du phonographe.""}","La démonstration documentée au Scientific American a lieu le 7 décembre, pas le 6.",https://home.nps.gov/edis/learn/historyculture/origins-of-sound-recording-thomas-edison.htm
CHG16-010,EVT-0765,Reconnaissance internationale de l’État indépendant du Congo,GENERAL_CULTURE_QA,"{""title_canonical"": ""Reconnaissance internationale de l’État indépendant du Congo"", ""date_text"": ""29 décembre 1885"", ""start_year"": ""1885"", ""start_month"": ""12"", ""start_day"": ""29"", ""precision"": ""DAY"", ""date_status"": ""CONVENTIONAL"", ""secondary_dates"": """"}","{""title_canonical"": ""Proclamation officielle de l’État indépendant du Congo à Vivi"", ""date_text"": ""1er juillet 1885"", ""start_year"": ""1885"", ""start_month"": ""7"", ""start_day"": ""1"", ""precision"": ""DAY"", ""date_status"": ""EXACT"", ""secondary_dates"": ""30 avril 1885 : Léopold II assume le titre de souverain ; 29 mai : annonce du nom ; 1er août : le nom remplace officiellement celui de l’Association internationale du Congo.""}",La reconnaissance internationale est un processus ; le 1er juillet correspond à la proclamation officielle de l’État.,https://en.wikipedia.org/wiki/Proclamation_of_the_Congo_Free_State
CHG16-011,EVT-0797,Fondation du Parti communiste chinois,GENERAL_CULTURE_QA,"{""title_canonical"": ""Fondation du Parti communiste chinois"", ""date_text"": ""1 juillet 1921"", ""start_year"": ""1921"", ""start_month"": ""7"", ""start_day"": ""1"", ""precision"": ""DAY"", ""date_status"": ""CONVENTIONAL"", ""secondary_dates"": """"}","{""title_canonical"": ""Ouverture du Ier congrès fondateur du Parti communiste chinois"", ""date_text"": ""23 juillet 1921"", ""start_year"": ""1921"", ""start_month"": ""7"", ""start_day"": ""23"", ""precision"": ""DAY"", ""date_status"": ""EXACT"", ""secondary_dates"": ""1er juillet : anniversaire officiel du PCC, fixé ultérieurement ; le congrès fondateur s’ouvre le 23 juillet.""}",Le 1er juillet est une date commémorative ; les archives situent l’ouverture du congrès fondateur au 23 juillet.,https://en.wikipedia.org/wiki/Chinese_Communist_Party
CHG16-012,EVT-0805,Découverte de Pluton annoncée après observation par Clyde Tombaugh,GENERAL_CULTURE_QA,"{""title_canonical"": ""Découverte de Pluton annoncée après observation par Clyde Tombaugh"", ""date_text"": ""18 février 1930"", ""start_year"": ""1930"", ""start_month"": ""2"", ""start_day"": ""18"", ""precision"": ""DAY"", ""date_status"": ""CONVENTIONAL"", ""secondary_dates"": """"}","{""title_canonical"": ""Découverte de Pluton par Clyde Tombaugh"", ""date_text"": ""18 février 1930"", ""start_year"": ""1930"", ""start_month"": ""2"", ""start_day"": ""18"", ""precision"": ""DAY"", ""date_status"": ""EXACT"", ""secondary_dates"": ""13 mars 1930 : annonce publique de la découverte ; 1er mai 1930 : adoption officielle du nom Pluton.""}","Le 18 février est la date de la découverte, tandis que l’annonce publique intervient le 13 mars.",https://en.wikipedia.org/wiki/Clyde_Tombaugh
CHG16-013,EVT-0840,Première chaîne d’assemblage automobile mobile de Ford,GENERAL_CULTURE_QA,"{""date_text"": ""1 avril 1913"", ""start_year"": ""1913"", ""start_month"": ""4"", ""start_day"": ""1"", ""precision"": ""DAY"", ""date_status"": ""CONVENTIONAL""}","{""date_text"": ""7 octobre 1913"", ""start_year"": ""1913"", ""start_month"": ""10"", ""start_day"": ""7"", ""precision"": ""DAY"", ""date_status"": ""EXACT""}","La chaîne mobile du Model T commence à fonctionner le 7 octobre 1913, pas le 1er avril.",https://en.wikipedia.org/wiki/Assembly_line
CHG16-014,EVT-0845,Première réunion du Conseil de la Société des Nations,GENERAL_CULTURE_QA,"{""date_text"": ""10 janvier 1920"", ""start_year"": ""1920"", ""start_month"": ""1"", ""start_day"": ""10"", ""precision"": ""DAY"", ""date_status"": ""EXACT"", ""secondary_dates"": """"}","{""date_text"": ""16 janvier 1920"", ""start_year"": ""1920"", ""start_month"": ""1"", ""start_day"": ""16"", ""precision"": ""DAY"", ""date_status"": ""EXACT"", ""secondary_dates"": ""10 janvier 1920 : entrée en vigueur du traité de Versailles et naissance juridique de la Société des Nations.""}",La première session du Conseil de la SDN se tient le 16 janvier ; le 10 janvier correspond à l’entrée en vigueur de la SDN.,https://en.wikipedia.org/wiki/Organisation_of_the_League_of_Nations
CHG16-015,EVT-0859,Début de la Longue Marche des communistes chinois,GENERAL_CULTURE_QA,"{""date_text"": ""16 octobre 1934"", ""start_year"": ""1934"", ""start_month"": ""10"", ""start_day"": ""16"", ""precision"": ""DAY"", ""date_status"": ""CONVENTIONAL"", ""secondary_dates"": """"}","{""date_text"": ""10 octobre 1934"", ""start_year"": ""1934"", ""start_month"": ""10"", ""start_day"": ""10"", ""precision"": ""DAY"", ""date_status"": ""EXACT"", ""secondary_dates"": ""Le départ de la Première Armée rouge depuis le Jiangxi, le 10 octobre, marque le début de la Longue Marche.""}",La chronologie détaillée de la Longue Marche donne le 10 octobre plutôt que le 16.,https://en.wikipedia.org/wiki/Long_March
CHG16-016,EVT-0864,Victoire électorale du Parti national et début officiel de l’apartheid en Afrique du Sud,GENERAL_CULTURE_QA,"{""title_canonical"": ""Victoire électorale du Parti national et début officiel de l’apartheid en Afrique du Sud"", ""date_text"": ""26 mai 1948"", ""secondary_dates"": """"}","{""title_canonical"": ""Victoire électorale du Parti national en Afrique du Sud"", ""date_text"": ""26 mai 1948"", ""secondary_dates"": ""La victoire électorale ouvre la période de gouvernement nationaliste qui institutionnalise progressivement l’apartheid.""}","Le 26 mai date l’élection ; l’apartheid est ensuite institutionnalisé par une série de lois, pas par un acte unique ce jour-là.",https://en.wikipedia.org/wiki/1948_South_African_general_election
CHG16-017,EVT-0879,Création de la NASA,GENERAL_CULTURE_QA,"{""title_canonical"": ""Création de la NASA"", ""date_text"": ""29 juillet 1958"", ""secondary_dates"": """"}","{""title_canonical"": ""Signature du National Aeronautics and Space Act créant la NASA"", ""date_text"": ""29 juillet 1958"", ""secondary_dates"": ""1er octobre 1958 : la NASA commence officiellement ses opérations.""}",La loi créant la NASA est signée le 29 juillet ; l’agence ouvre officiellement le 1er octobre.,https://www.nasa.gov/history/president-eisenhower-signs-nasa-into-existence/
CHG16-018,EVT-0928,Première page web mise en ligne au CERN,GENERAL_CULTURE_QA,"{""title_canonical"": ""Première page web mise en ligne au CERN"", ""date_text"": ""20 décembre 1990"", ""start_year"": ""1990"", ""start_month"": ""12"", ""start_day"": ""20"", ""precision"": ""DAY"", ""date_status"": ""CONVENTIONAL"", ""secondary_dates"": """", ""playable"": ""TRUE"", ""playable_mode"": ""DAY"", ""playable_reason"": ""Jouable au jour.""}","{""title_canonical"": ""Mise en service des premiers éléments du Web au CERN"", ""date_text"": ""fin 1990"", ""start_year"": ""1990"", ""start_month"": """", ""start_day"": """", ""precision"": ""YEAR"", ""date_status"": ""APPROXIMATE"", ""secondary_dates"": ""Fin 1990 : première page HTTP et premier serveur ; été 1991 : le Web devient accessible plus largement sur Internet."", ""playable"": ""FALSE"", ""playable_mode"": ""NOT_AUTOMATIC"", ""playable_reason"": ""Les sources de Berners-Lee indiquent « fin 1990 » plutôt qu’un jour exact fiable.""}",La date du 20 décembre n’est pas suffisamment établie par les sources primaires W3C ; conserver « fin 1990 ».,https://www.w3.org/People/Berners-Lee/FAQ.html
CHG16-019,EVT-0937,Annonce de la naissance de la brebis Dolly,GENERAL_CULTURE_QA,"{""title_canonical"": ""Annonce de la naissance de la brebis Dolly"", ""date_text"": ""5 juillet 1996"", ""secondary_dates"": """"}","{""title_canonical"": ""Naissance de Dolly, première brebis clonée à partir d’une cellule somatique adulte"", ""date_text"": ""5 juillet 1996"", ""secondary_dates"": ""22 février 1997 : annonce publique de l’existence de Dolly.""}",Le 5 juillet est la naissance de Dolly ; l’annonce publique a lieu le 22 février 1997.,https://en.wikipedia.org/wiki/Dolly_%28sheep%29
CHG16-020,EVT-0966,Bobby Fischer devient champion du monde d’échecs,GENERAL_CULTURE_QA,"{""date_text"": ""23 juillet 1972"", ""start_year"": ""1972"", ""start_month"": ""7"", ""start_day"": ""23"", ""precision"": ""DAY"", ""date_status"": ""CONVENTIONAL""}","{""date_text"": ""1er septembre 1972"", ""start_year"": ""1972"", ""start_month"": ""9"", ""start_day"": ""1"", ""precision"": ""DAY"", ""date_status"": ""EXACT""}","Spassky abandonne la partie ajournée le 1er septembre, donnant officiellement le titre mondial à Fischer.",https://en.wikipedia.org/wiki/World_Chess_Championship_1972
CHG16-021,EVT-0970,Mise en vente de l’Apple II,GENERAL_CULTURE_QA,"{""date_text"": ""5 juin 1977"", ""start_year"": ""1977"", ""start_month"": ""6"", ""start_day"": ""5"", ""precision"": ""DAY"", ""date_status"": ""CONVENTIONAL""}","{""date_text"": ""10 juin 1977"", ""start_year"": ""1977"", ""start_month"": ""6"", ""start_day"": ""10"", ""precision"": ""DAY"", ""date_status"": ""EXACT""}",Les premiers Apple II sont mis en vente le 10 juin 1977.,https://en.wikipedia.org/wiki/Apple_II
CHG16-022,EVT-1031,Brevet britannique de Marconi pour la télégraphie sans fil,GENERAL_CULTURE_QA,"{""title_canonical"": ""Brevet britannique de Marconi pour la télégraphie sans fil"", ""date_text"": ""2 mars 1897"", ""start_year"": ""1897"", ""start_month"": ""3"", ""start_day"": ""2"", ""precision"": ""DAY"", ""date_status"": ""CONVENTIONAL"", ""secondary_dates"": """"}","{""title_canonical"": ""Octroi du brevet britannique n° 12039 à Guglielmo Marconi pour la télégraphie sans fil"", ""date_text"": ""2 juillet 1897"", ""start_year"": ""1897"", ""start_month"": ""7"", ""start_day"": ""2"", ""precision"": ""DAY"", ""date_status"": ""EXACT"", ""secondary_dates"": ""2 juin 1896 : dépôt de la demande complète ; 2 mars 1897 : dépôt de la spécification complète ; 2 juillet 1897 : brevet accepté/octroyé.""}","Le 2 mars 1897 correspond à la spécification complète, pas à l’octroi du brevet.",https://en.wikipedia.org/wiki/Guglielmo_Marconi
CHG16-023,EVT-1035,Publication de L’Interprétation du rêve de Sigmund Freud,GENERAL_CULTURE_QA,"{""date_text"": ""septembre 1900"", ""start_year"": ""1900"", ""start_month"": ""9"", ""start_day"": """", ""precision"": ""MONTH"", ""date_status"": ""CONVENTIONAL"", ""secondary_dates"": """"}","{""date_text"": ""4 novembre 1899 (ouvrage daté 1900)"", ""start_year"": ""1899"", ""start_month"": ""11"", ""start_day"": ""4"", ""precision"": ""DAY"", ""date_status"": ""EXACT"", ""secondary_dates"": ""La première édition porte la date 1900 malgré une mise en vente le 4 novembre 1899.""}",La première édition de Die Traumdeutung paraît le 4 novembre 1899 tout en étant datée 1900.,https://en.wikipedia.org/wiki/The_Interpretation_of_Dreams
