old_source_id,canonical_source_id,normalized_url,reason
SRC-0005,SRC-0002,https://www.education.gouv.fr/sites/default/files/document/boenjs22pdf-516809.pdf,Duplicate URL after normalization; canonical source keeps the lowest legacy SRC id.
SRC-0012,SRC-0001,https://eduscol.education.gouv.fr/4791/ressources-d-accompagnement-du-programme-d-histoire-et-geographie-au-cycle-3,Duplicate URL after normalization; canonical source keeps the lowest legacy SRC id.
SRC-0013,SRC-0001,https://eduscol.education.gouv.fr/4791/ressources-d-accompagnement-du-programme-d-histoire-et-geographie-au-cycle-3,Duplicate URL after normalization; canonical source keeps the lowest legacy SRC id.
SRC-0022,SRC-0001,https://eduscol.education.gouv.fr/4791/ressources-d-accompagnement-du-programme-d-histoire-et-geographie-au-cycle-3,Duplicate URL after normalization; canonical source keeps the lowest legacy SRC id.
SRC-0051,SRC-0006,https://catalogue.bnf.fr/ark:/12148/cb16559188k,Duplicate URL after normalization; canonical source keeps the lowest legacy SRC id.
SRC-0053,SRC-0038,https://expositions.bnf.fr/rouge/bande/grand/116.htm,Duplicate URL after normalization; canonical source keeps the lowest legacy SRC id.
SRC-0054,SRC-0037,https://aa.usno.navy.mil/downloads/c15_usb_online.pdf,Duplicate URL after normalization; canonical source keeps the lowest legacy SRC id.
SRC-0055,SRC-0040,https://www.vatican.va/content/paul-vi/fr/speeches/1965/documents/hf-p-vi-spe-19651207-common-declaration.html,Duplicate URL after normalization; canonical source keeps the lowest legacy SRC id.
SRC-0056,SRC-0041,https://catalogue.bnf.fr/ark:/12148/cb15590665t,Duplicate URL after normalization; canonical source keeps the lowest legacy SRC id.
SRC-0057,SRC-0043,https://www.persee.fr/doc/bsnaf_0081-1181_1967_num_1966_1_7564,Duplicate URL after normalization; canonical source keeps the lowest legacy SRC id.
SRC-0058,SRC-0045,https://catalogue.bnf.fr/ark:/12148/cb119864858,Duplicate URL after normalization; canonical source keeps the lowest legacy SRC id.
SRC-0059,SRC-0047,https://catalogue.bnf.fr/ark:/12148/cb11943274h,Duplicate URL after normalization; canonical source keeps the lowest legacy SRC id.
SRC-0060,SRC-0049,https://www.loc.gov/item/92501264,Duplicate URL after normalization; canonical source keeps the lowest legacy SRC id.
SRC-0061,SRC-0050,https://ghdi.ghi-dc.org/pdf/eng/Doc.37-ENG-95%20Thesen.pdf,Duplicate URL after normalization; canonical source keeps the lowest legacy SRC id.
SRC-0062,SRC-0006,https://catalogue.bnf.fr/ark:/12148/cb16559188k,Duplicate URL after normalization; canonical source keeps the lowest legacy SRC id.
SRC-0063,SRC-0052,https://www.chateauversailles.fr/decouvrir/les-ressources/versailles-cour,Duplicate URL after normalization; canonical source keeps the lowest legacy SRC id.
SRC-0064,SRC-0034,https://eduscol.education.gouv.fr/4362/enseigner-au-cycle-4,Duplicate URL after normalization; canonical source keeps the lowest legacy SRC id.
SRC-0082,SRC-0015,https://www.legifrance.gouv.fr/jorf/id/JORFTEXT000000877118,Duplicate URL after normalization; canonical source keeps the lowest legacy SRC id.
SRC-0085,SRC-0016,https://www.legifrance.gouv.fr/loda/id/JORFTEXT000000508749/1905-12-09,Duplicate URL after normalization; canonical source keeps the lowest legacy SRC id.
SRC-0089,SRC-0034,https://eduscol.education.gouv.fr/4362/enseigner-au-cycle-4,Duplicate URL after normalization; canonical source keeps the lowest legacy SRC id.
SRC-0090,SRC-0065,https://eduscol.education.gouv.fr/sites/default/files/document/c4his4th1xviiiesiecleexpansionslumieresrevolutions-dm593815pdf-78219.pdf,Duplicate URL after normalization; canonical source keeps the lowest legacy SRC id.
SRC-0091,SRC-0075,https://eduscol.education.gouv.fr/sites/default/files/document/c4his4th2leuropeetlemondexixesiecle-dm593819pdf-78222.pdf,Duplicate URL after normalization; canonical source keeps the lowest legacy SRC id.
SRC-0092,SRC-0079,https://eduscol.education.gouv.fr/sites/default/files/document/c4his4th3societecultureetpolitiquedanslafranceduxixesiecle-dm593821pdf-78225.pdf,Duplicate URL after normalization; canonical source keeps the lowest legacy SRC id.
SRC-0093,SRC-0066,https://catalogue.bnf.fr/ark:/12148/cb11931970c.public,Duplicate URL after normalization; canonical source keeps the lowest legacy SRC id.
SRC-0094,SRC-0070,https://www.assemblee-nationale.fr/dyn/histoire-et-patrimoine/revolution-francaise/le-coup-d-etat-des-18-et-19-brumaire-an-viii,Duplicate URL after normalization; canonical source keeps the lowest legacy SRC id.
SRC-0095,SRC-0071,https://www.napoleon.org/histoire-des-2-empires/articles/le-role-de-caulaincourt-dans-labdication-de-napoleon-ier-et-la-negociation-du-traite-de-fontainebleau-en-avril-1814,Duplicate URL after normalization; canonical source keeps the lowest legacy SRC id.
SRC-0096,SRC-0072,https://www.napoleon.org/histoire-des-2-empires/chronologies/vie-et-regne-de-napoleon,Duplicate URL after normalization; canonical source keeps the lowest legacy SRC id.
SRC-0097,SRC-0073,https://www.napoleon.org/histoire-des-2-empires/articles/22-juin-1815-lavenement-de-napoleon-ii,Duplicate URL after normalization; canonical source keeps the lowest legacy SRC id.
SRC-0098,SRC-0074,https://www.assemblee-nationale.fr/dyn/histoire-et-patrimoine/consulat-et-premier-empire/la-codification-juridique,Duplicate URL after normalization; canonical source keeps the lowest legacy SRC id.
SRC-0099,SRC-0068,https://www2.assemblee-nationale.fr/14/evenements/2016/abolition-de-l-esclavage-1794-et-1848,Duplicate URL after normalization; canonical source keeps the lowest legacy SRC id.
SRC-0100,SRC-0076,https://www.assemblee-nationale.fr/dyn/histoire-et-patrimoine/deuxieme-republique/l-abolition-de-l-esclavage,Duplicate URL after normalization; canonical source keeps the lowest legacy SRC id.
SRC-0101,SRC-0077,https://www.gov.ie/en/office-of-public-works/organisation-information/history-of-the-office-of-public-works,Duplicate URL after normalization; canonical source keeps the lowest legacy SRC id.
SRC-0102,SRC-0078,https://www.paris.fr/pages/sur-les-traces-des-expositions-universelles-de-paris-2-2-19671,Duplicate URL after normalization; canonical source keeps the lowest legacy SRC id.
SRC-0103,SRC-0080,https://www.vie-publique.fr/fiches/23911-quelles-sont-les-etapes-de-la-conquetes-du-droit-de-vote,Duplicate URL after normalization; canonical source keeps the lowest legacy SRC id.
SRC-0104,SRC-0081,https://www2.assemblee-nationale.fr/decouvrir-l-assemblee/histoire/le-suffrage-universel/la-republique-et-le-suffrage-universel/1870-1940-la-iiieme-republique-ou-l-avenement-du-suffrage-universel-masculin,Duplicate URL after normalization; canonical source keeps the lowest legacy SRC id.
SRC-0105,SRC-0015,https://www.legifrance.gouv.fr/jorf/id/JORFTEXT000000877118,Duplicate URL after normalization; canonical source keeps the lowest legacy SRC id.
SRC-0106,SRC-0083,https://www.legifrance.gouv.fr/loda/id/LEGITEXT000006070887,Duplicate URL after normalization; canonical source keeps the lowest legacy SRC id.
SRC-0107,SRC-0084,https://francearchives.gouv.fr/fr/pages_histoire/39548,Duplicate URL after normalization; canonical source keeps the lowest legacy SRC id.
SRC-0108,SRC-0016,https://www.legifrance.gouv.fr/loda/id/JORFTEXT000000508749/1905-12-09,Duplicate URL after normalization; canonical source keeps the lowest legacy SRC id.
SRC-0109,SRC-0086,https://ccfr.bnf.fr/portailccfr/ark:/16871/004b1720868,Duplicate URL after normalization; canonical source keeps the lowest legacy SRC id.
SRC-0110,SRC-0088,https://www.legifrance.gouv.fr/jorf/id/JORFTEXT000000508986,Duplicate URL after normalization; canonical source keeps the lowest legacy SRC id.
SRC-0111,SRC-0034,https://eduscol.education.gouv.fr/4362/enseigner-au-cycle-4,Duplicate URL after normalization; canonical source keeps the lowest legacy SRC id.
SRC-0112,SRC-0035,https://eduscol.education.gouv.fr/5730/ressources-d-accompagnement-du-programme-d-histoire-geographie-au-cycle-4,Duplicate URL after normalization; canonical source keeps the lowest legacy SRC id.
SRC-0129,SRC-0125,https://www.bundesregierung.de/breg-de/schwerpunkte/deutsche-einheit/die-mauer-ist-offen--403858,Duplicate URL after normalization; canonical source keeps the lowest legacy SRC id.
SRC-0131,SRC-0119,https://www.assemblee-nationale.fr/dyn/histoire-et-patrimoine/deuxieme-guerre-mondiale/creation-du-conseil-de-la-resistance-et-programme-du-cnr,Duplicate URL after normalization; canonical source keeps the lowest legacy SRC id.
SRC-0136,SRC-0034,https://eduscol.education.gouv.fr/4362/enseigner-au-cycle-4,Duplicate URL after normalization; canonical source keeps the lowest legacy SRC id.
SRC-0137,SRC-0035,https://eduscol.education.gouv.fr/5730/ressources-d-accompagnement-du-programme-d-histoire-geographie-au-cycle-4,Duplicate URL after normalization; canonical source keeps the lowest legacy SRC id.
SRC-0138,SRC-0113,https://eduscol.education.gouv.fr/sites/default/files/document/c4his3th1leuropetheatremajeurguerrestotales-dm593802pdf-78228.pdf,Duplicate URL after normalization; canonical source keeps the lowest legacy SRC id.
SRC-0139,SRC-0121,https://eduscol.education.gouv.fr/sites/default/files/document/c4his3th2lemondedepuis1945593805pdf-78231.pdf,Duplicate URL after normalization; canonical source keeps the lowest legacy SRC id.
SRC-0140,SRC-0130,https://eduscol.education.gouv.fr/sites/default/files/document/c4his3th3francaisesfrancaisrepubliquerepensee-dm593817pdf-78234.pdf,Duplicate URL after normalization; canonical source keeps the lowest legacy SRC id.
SRC-0141,SRC-0115,https://encyclopedia.ushmm.org/content/en/timeline-event/holocaust/1933-1938/hitler-appointed-chancellor,Duplicate URL after normalization; canonical source keeps the lowest legacy SRC id.
SRC-0142,SRC-0114,https://encyclopedia.ushmm.org/content/en/timeline-event/holocaust/before-1933/the-armenian-genocide,Duplicate URL after normalization; canonical source keeps the lowest legacy SRC id.
SRC-0143,SRC-0116,https://www.assemblee-nationale.fr/dyn/histoire-et-patrimoine/troisieme-republique/adoption-et-publication-du-programme-du-rassemblement-populaire-victoire-du-front-populaire,Duplicate URL after normalization; canonical source keeps the lowest legacy SRC id.
SRC-0144,SRC-0118,https://www.assemblee-nationale.fr/dyn/histoire-et-patrimoine/deuxieme-guerre-mondiale/des-decrets-lois-du-gouvernement-daladier-au-vote-par-la-chambre-des-deputes-et-le-senat-des-pleins-pouvoirs-au-marechal-petain,Duplicate URL after normalization; canonical source keeps the lowest legacy SRC id.
SRC-0145,SRC-0120,https://www.memorialdelashoah.org/16-et-17-juillet-1942-la-rafle-du-vel-dhiv.html,Duplicate URL after normalization; canonical source keeps the lowest legacy SRC id.
SRC-0146,SRC-0119,https://www.assemblee-nationale.fr/dyn/histoire-et-patrimoine/deuxieme-guerre-mondiale/creation-du-conseil-de-la-resistance-et-programme-du-cnr,Duplicate URL after normalization; canonical source keeps the lowest legacy SRC id.
SRC-0147,SRC-0122,https://history.state.gov/milestones/1945-1952/truman-doctrine,Duplicate URL after normalization; canonical source keeps the lowest legacy SRC id.
SRC-0148,SRC-0123,https://history.state.gov/milestones/1945-1952/berlin-airlift,Duplicate URL after normalization; canonical source keeps the lowest legacy SRC id.
SRC-0149,SRC-0124,https://www.stiftung-berliner-mauer.de/de/themen/die-berliner-mauer,Duplicate URL after normalization; canonical source keeps the lowest legacy SRC id.
SRC-0150,SRC-0125,https://www.bundesregierung.de/breg-de/schwerpunkte/deutsche-einheit/die-mauer-ist-offen--403858,Duplicate URL after normalization; canonical source keeps the lowest legacy SRC id.
SRC-0151,SRC-0126,https://european-union.europa.eu/principles-countries-history/history-eu/1945-59_fr,Duplicate URL after normalization; canonical source keeps the lowest legacy SRC id.
SRC-0152,SRC-0127,https://www.consilium.europa.eu/fr/schuman-declaration,Duplicate URL after normalization; canonical source keeps the lowest legacy SRC id.
SRC-0153,SRC-0128,https://www.diplomatie.gouv.fr/fr/archives-bibliotheque/publications-et-travaux-scientifiques/hors-collection/vers-la-paix-en-algerie-les-negociations-d-evian-dans-les-archives-diplomatiques-francaises,Duplicate URL after normalization; canonical source keeps the lowest legacy SRC id.
SRC-0154,SRC-0132,https://www.elysee.fr/francois-mitterrand/1981/05/10/declaration-de-m-francois-mitterrand-a-lannonce-de-son-election-a-la-presidence-de-la-republique-chateau-chinon-dimanche-10-mai-1981,Duplicate URL after normalization; canonical source keeps the lowest legacy SRC id.
SRC-0155,SRC-0133,https://www.legifrance.gouv.fr/loda/id/JORFTEXT000000693433,Duplicate URL after normalization; canonical source keeps the lowest legacy SRC id.
SRC-0156,SRC-0134,https://www.legifrance.gouv.fr/loda/id/JORFTEXT000000700039,Duplicate URL after normalization; canonical source keeps the lowest legacy SRC id.
SRC-0157,SRC-0135,https://www.legifrance.gouv.fr/loda/id/JORFTEXT000000880039,Duplicate URL after normalization; canonical source keeps the lowest legacy SRC id.
SRC-0162,SRC-0017,https://www2.assemblee-nationale.fr/decouvrir-l-assemblee/histoire/le-suffrage-universel/la-conquete-de-la-citoyennete-politique-des-femmes/chronologie-du-droit-de-vote-et-d-eligibilite-des-femmes,Duplicate URL after normalization; canonical source keeps the lowest legacy SRC id.
SRC-0170,SRC-0169,https://eduscol.education.gouv.fr/sites/default/files/document/spe577annexe1corr1063699pdf-83007.pdf,Duplicate URL after normalization; canonical source keeps the lowest legacy SRC id.
SRC-0175,SRC-0173,https://www.museivaticani.va/content/museivaticani/fr/collezioni/musei/cappella-sistina/volta.html,Duplicate URL after normalization; canonical source keeps the lowest legacy SRC id.
SRC-0180,SRC-0006,https://catalogue.bnf.fr/ark:/12148/cb16559188k,Duplicate URL after normalization; canonical source keeps the lowest legacy SRC id.
SRC-0194,SRC-0168,https://eduscol.education.gouv.fr/5799/programmes-et-ressources-en-histoire-geographie-voie-gt,Duplicate URL after normalization; canonical source keeps the lowest legacy SRC id.
SRC-0195,SRC-0169,https://eduscol.education.gouv.fr/sites/default/files/document/spe577annexe1corr1063699pdf-83007.pdf,Duplicate URL after normalization; canonical source keeps the lowest legacy SRC id.
SRC-0196,SRC-0171,https://eduscol.education.gouv.fr/sites/default/files/document/ra19lyceegtcom2histtheme1antiquitemoyenage1169453pdf-83022.pdf,Duplicate URL after normalization; canonical source keeps the lowest legacy SRC id.
SRC-0197,SRC-0174,https://eduscol.education.gouv.fr/sites/default/files/document/ra20lyceegt2histgeotheme2-xve-xvie-nouveau-rapport-monde1293851pdf-83025.pdf,Duplicate URL after normalization; canonical source keeps the lowest legacy SRC id.
SRC-0198,SRC-0184,https://eduscol.education.gouv.fr/sites/default/files/document/ra20lyceegt2histgeotheme3-etat-epoque-moderne1293912pdf-83028.pdf,Duplicate URL after normalization; canonical source keeps the lowest legacy SRC id.
SRC-0199,SRC-0176,https://www.legifrance.gouv.fr/loda/id/JORFTEXT000000501354,Duplicate URL after normalization; canonical source keeps the lowest legacy SRC id.
SRC-0200,SRC-0173,https://www.museivaticani.va/content/museivaticani/fr/collezioni/musei/cappella-sistina/volta.html,Duplicate URL after normalization; canonical source keeps the lowest legacy SRC id.
SRC-0201,SRC-0179,https://www.chateauversailles.fr/decouvrir/histoire/grandes-dates/versailles-capitale-royaume,Duplicate URL after normalization; canonical source keeps the lowest legacy SRC id.
SRC-0202,SRC-0006,https://catalogue.bnf.fr/ark:/12148/cb16559188k,Duplicate URL after normalization; canonical source keeps the lowest legacy SRC id.
SRC-0203,SRC-0181,https://www.chateauversailles.fr/sites/default/files/file/av-maintenon-150419-bd-planche.pdf,Duplicate URL after normalization; canonical source keeps the lowest legacy SRC id.
SRC-0204,SRC-0177,https://catalogue.bnf.fr/ark:/12148/cb12567708x,Duplicate URL after normalization; canonical source keeps the lowest legacy SRC id.
SRC-0205,SRC-0178,https://catalogue.bnf.fr/ark:/12148/cb33821221b,Duplicate URL after normalization; canonical source keeps the lowest legacy SRC id.
SRC-0206,SRC-0182,https://www.legislation.gov.uk/aep/Cha2/31/2/contents,Duplicate URL after normalization; canonical source keeps the lowest legacy SRC id.
SRC-0207,SRC-0183,https://www.legislation.gov.uk/aep/WillandMarSess2/1/2/enacted,Duplicate URL after normalization; canonical source keeps the lowest legacy SRC id.
SRC-0208,SRC-0187,https://www.archives.gov/legislative/features/gw-inauguration,Duplicate URL after normalization; canonical source keeps the lowest legacy SRC id.
SRC-0209,SRC-0185,https://catalogue.bnf.fr/rechercher.do?index=TIT3&numNotice=12098476,Duplicate URL after normalization; canonical source keeps the lowest legacy SRC id.
SRC-0210,SRC-0186,https://catalogue.bnf.fr/ark:/12148/cb316049240,Duplicate URL after normalization; canonical source keeps the lowest legacy SRC id.
SRC-0211,SRC-0188,https://www2.museogalileo.it/it/biblioteca-e-istituto-di-ricerca/progetti/incontra-galileo/31-opere/454-sidereus-nuncius-1610.html,Duplicate URL after normalization; canonical source keeps the lowest legacy SRC id.
SRC-0212,SRC-0189,https://catalogo.museogalileo.it/multimedia/ProcessoGalileoBis.html,Duplicate URL after normalization; canonical source keeps the lowest legacy SRC id.
SRC-0213,SRC-0190,https://blog.sciencemuseum.org.uk/a-new-age,Duplicate URL after normalization; canonical source keeps the lowest legacy SRC id.
SRC-0214,SRC-0193,https://catalogue.bnf.fr/ark:/12148/cb31605047d,Duplicate URL after normalization; canonical source keeps the lowest legacy SRC id.
SRC-0216,SRC-0168,https://eduscol.education.gouv.fr/5799/programmes-et-ressources-en-histoire-geographie-voie-gt,Duplicate URL after normalization; canonical source keeps the lowest legacy SRC id.
SRC-0239,SRC-0168,https://eduscol.education.gouv.fr/5799/programmes-et-ressources-en-histoire-geographie-voie-gt,Duplicate URL after normalization; canonical source keeps the lowest legacy SRC id.
SRC-0269,SRC-0238,https://www.education.gouv.fr/sites/default/files/imported_files/document/spe243_annexe1_1159172.pdf,Duplicate URL after normalization; canonical source keeps the lowest legacy SRC id.
SRC-0270,SRC-0168,https://eduscol.education.gouv.fr/5799/programmes-et-ressources-en-histoire-geographie-voie-gt,Duplicate URL after normalization; canonical source keeps the lowest legacy SRC id.
SRC-0272,SRC-0240,https://www.fdrlibrary.org/great-depression-facts,Duplicate URL after normalization; canonical source keeps the lowest legacy SRC id.
SRC-0273,SRC-0241,https://www2.assemblee-nationale.fr/static/evenements/1936/Les_accords_de_Matignon7juin36.pdf,Duplicate URL after normalization; canonical source keeps the lowest legacy SRC id.
SRC-0274,SRC-0242,https://encyclopedia.ushmm.org/content/fr/article/kristallnacht,Duplicate URL after normalization; canonical source keeps the lowest legacy SRC id.
SRC-0275,SRC-0243,https://www.cheminsdememoire.gouv.fr/sites/default/files/editeur/MC11.pdf,Duplicate URL after normalization; canonical source keeps the lowest legacy SRC id.
SRC-0276,SRC-0245,https://www.cheminsdememoire.gouv.fr/fr/6-juin-1944-le-debarquement-de-normandie,Duplicate URL after normalization; canonical source keeps the lowest legacy SRC id.
SRC-0277,SRC-0247,https://www.archives.gov/news/topics/hiroshima-nagasaki-75,Duplicate URL after normalization; canonical source keeps the lowest legacy SRC id.
SRC-0278,SRC-0248,https://museedelaresistanceenligne.org/media2839-Programme-daction-du-CNR,Duplicate URL after normalization; canonical source keeps the lowest legacy SRC id.
SRC-0279,SRC-0249,https://main.knesset.gov.il/EN/About/pages/declaration.aspx,Duplicate URL after normalization; canonical source keeps the lowest legacy SRC id.
SRC-0280,SRC-0250,https://history.state.gov/historicaldocuments/frus1948v04/ch8,Duplicate URL after normalization; canonical source keeps the lowest legacy SRC id.
SRC-0281,SRC-0252,https://microsites.jfklibrary.org/cmc/oct16,Duplicate URL after normalization; canonical source keeps the lowest legacy SRC id.
SRC-0282,SRC-0253,https://www.servicehistorique.sga.defense.gouv.fr/bibliographie-la-guerre-dindochine,Duplicate URL after normalization; canonical source keeps the lowest legacy SRC id.
SRC-0283,SRC-0256,https://qpc360.conseil-constitutionnel.fr/constitution-4-octobre-1958,Duplicate URL after normalization; canonical source keeps the lowest legacy SRC id.
SRC-0284,SRC-0259,https://www.legifrance.gouv.fr/jorf/id/JORFTEXT000000700230,Duplicate URL after normalization; canonical source keeps the lowest legacy SRC id.
SRC-0285,SRC-0260,https://www.legifrance.gouv.fr/loda/id/LEGITEXT000006068718,Duplicate URL after normalization; canonical source keeps the lowest legacy SRC id.
SRC-0286,SRC-0261,https://www.pasteur.fr/fr/file/53841/download,Duplicate URL after normalization; canonical source keeps the lowest legacy SRC id.
SRC-0287,SRC-0262,https://www.archives.gov/news/topics/9-11-anniversary,Duplicate URL after normalization; canonical source keeps the lowest legacy SRC id.
SRC-0288,SRC-0263,https://www.getlinkgroup.com/groupe/histoire,Duplicate URL after normalization; canonical source keeps the lowest legacy SRC id.
SRC-0289,SRC-0264,https://www.ecb.europa.eu/euro/intro/html/index.en.html,Duplicate URL after normalization; canonical source keeps the lowest legacy SRC id.
SRC-0290,SRC-0266,https://www.legifrance.gouv.fr/jorf/id/JORFTEXT000000396412,Duplicate URL after normalization; canonical source keeps the lowest legacy SRC id.
SRC-0291,SRC-0267,https://www.legifrance.gouv.fr/jorf/id/JORFTEXT000000400185,Duplicate URL after normalization; canonical source keeps the lowest legacy SRC id.
SRC-0292,SRC-0268,https://www.legifrance.gouv.fr/jorf/id/JORFTEXT000000601882,Duplicate URL after normalization; canonical source keeps the lowest legacy SRC id.
SRC-0297,SRC-0293,https://eduscol.education.gouv.fr/5802/programmes-et-ressources-en-histoire-geographie-geopolitique-et-sciences-politiques-voie-g,Duplicate URL after normalization; canonical source keeps the lowest legacy SRC id.
SRC-0298,SRC-0294,https://eduscol.education.gouv.fr/sites/default/files/document/spe576annexe1062925pdf-83244.pdf,Duplicate URL after normalization; canonical source keeps the lowest legacy SRC id.
SRC-0299,SRC-0295,https://eduscol.education.gouv.fr/sites/default/files/document/spe254annexe1159180pdf-83247.pdf,Duplicate URL after normalization; canonical source keeps the lowest legacy SRC id.
SRC-0300,SRC-0296,https://www.education.gouv.fr/bo/2026/Special4/MENE2622655N,Duplicate URL after normalization; canonical source keeps the lowest legacy SRC id.
SRC-0319,SRC-0249,https://main.knesset.gov.il/EN/About/pages/declaration.aspx,Duplicate URL after normalization; canonical source keeps the lowest legacy SRC id.
