collection_tag_id,collection_id,tag_id,relation_type
CTAG-0001,COL-0001,TAG-0001,DEFINING_TAG
CTAG-0002,COL-0002,TAG-0002,DEFINING_TAG
CTAG-0003,COL-0003,TAG-0003,DEFINING_TAG
CTAG-0004,COL-0004,TAG-0004,DEFINING_TAG
CTAG-0005,COL-0005,TAG-0005,DEFINING_TAG
CTAG-0006,COL-0006,TAG-0006,DEFINING_TAG
CTAG-0007,COL-0007,TAG-0007,DEFINING_TAG
CTAG-0008,COL-0008,TAG-0008,DEFINING_TAG
CTAG-0009,COL-0009,TAG-0009,DEFINING_TAG
CTAG-0010,COL-0010,TAG-0010,DEFINING_TAG
CTAG-0011,COL-0011,TAG-0011,DEFINING_TAG
CTAG-0012,COL-0012,TAG-0012,DEFINING_TAG
CTAG-0013,COL-0013,TAG-0013,DEFINING_TAG
CTAG-0014,COL-0014,TAG-0014,DEFINING_TAG
CTAG-0015,COL-0015,TAG-0015,DEFINING_TAG
CTAG-0016,COL-0016,TAG-0016,DEFINING_TAG
CTAG-0017,COL-0017,TAG-0017,DEFINING_TAG
CTAG-0018,COL-0018,TAG-0018,DEFINING_TAG
CTAG-0019,COL-0019,TAG-0019,DEFINING_TAG
CTAG-0020,COL-0020,TAG-0020,DEFINING_TAG
CTAG-0021,COL-0021,TAG-0021,DEFINING_TAG
CTAG-0022,COL-0022,TAG-0022,DEFINING_TAG
CTAG-0023,COL-0023,TAG-0023,DEFINING_TAG
CTAG-0024,COL-0024,TAG-0024,DEFINING_TAG
CTAG-0025,COL-0025,TAG-0025,DEFINING_TAG
CTAG-0026,COL-0026,TAG-0026,DEFINING_TAG
CTAG-0027,COL-0027,TAG-0027,DEFINING_TAG
CTAG-0028,COL-0028,TAG-0028,DEFINING_TAG
CTAG-0029,COL-0029,TAG-0029,DEFINING_TAG
CTAG-0030,COL-0030,TAG-0030,DEFINING_TAG
CTAG-0031,COL-0031,TAG-0031,DEFINING_TAG
CTAG-0032,COL-0032,TAG-0032,DEFINING_TAG
CTAG-0033,COL-0033,TAG-0033,DEFINING_TAG
CTAG-0034,COL-0034,TAG-0034,DEFINING_TAG
CTAG-0035,COL-0035,TAG-0035,DEFINING_TAG
CTAG-0036,COL-0036,TAG-0036,DEFINING_TAG
CTAG-0037,COL-0037,TAG-0037,DEFINING_TAG
CTAG-0038,COL-0038,TAG-0038,DEFINING_TAG
CTAG-0039,COL-0039,TAG-0039,DEFINING_TAG
CTAG-0040,COL-0040,TAG-0040,DEFINING_TAG
CTAG-0041,COL-0041,TAG-0041,DEFINING_TAG
CTAG-0042,COL-0042,TAG-0042,DEFINING_TAG
CTAG-0043,COL-0043,TAG-0043,DEFINING_TAG
CTAG-0044,COL-0044,TAG-0044,DEFINING_TAG
CTAG-0045,COL-0045,TAG-0045,DEFINING_TAG
CTAG-0046,COL-0046,TAG-0046,DEFINING_TAG
CTAG-0047,COL-0047,TAG-0047,DEFINING_TAG
CTAG-0048,COL-0048,TAG-0048,DEFINING_TAG
CTAG-0049,COL-0049,TAG-0049,DEFINING_TAG
CTAG-0050,COL-0050,TAG-0050,DEFINING_TAG
CTAG-0051,COL-0051,TAG-0051,DEFINING_TAG
CTAG-0052,COL-0052,TAG-0052,DEFINING_TAG
CTAG-0053,COL-0053,TAG-0053,DEFINING_TAG
CTAG-0054,COL-0054,TAG-0054,DEFINING_TAG
CTAG-0055,COL-0055,TAG-0055,DEFINING_TAG
CTAG-0056,COL-0056,TAG-0056,DEFINING_TAG
CTAG-0057,COL-0057,TAG-0057,DEFINING_TAG
CTAG-0058,COL-0058,TAG-0058,DEFINING_TAG
CTAG-0059,COL-0061,TAG-0157,FILTER_TAG
CTAG-0060,COL-0062,TAG-0154,FILTER_TAG
CTAG-0061,COL-0063,TAG-0148,FILTER_TAG
CTAG-0062,COL-0064,TAG-0149,FILTER_TAG
CTAG-0063,COL-0065,TAG-0150,FILTER_TAG
CTAG-0064,COL-0066,TAG-0151,FILTER_TAG
CTAG-0065,COL-0067,TAG-0152,FILTER_TAG
CTAG-0066,COL-0068,TAG-0113,FILTER_TAG
CTAG-0067,COL-0069,TAG-0111,FILTER_TAG
CTAG-0068,COL-0069,TAG-0112,FILTER_TAG
CTAG-0069,COL-0070,TAG-0130,FILTER_TAG
CTAG-0070,COL-0071,TAG-0127,FILTER_TAG
CTAG-0071,COL-0072,TAG-0119,FILTER_TAG
CTAG-0072,COL-0073,TAG-0110,FILTER_TAG
CTAG-0073,COL-0074,TAG-0136,FILTER_TAG
CTAG-0074,COL-0075,TAG-0117,FILTER_TAG
CTAG-0075,COL-0076,TAG-0134,FILTER_TAG
CTAG-0076,COL-0081,TAG-0103,FILTER_TAG
CTAG-0077,COL-0082,TAG-0104,FILTER_TAG
CTAG-0078,COL-0083,TAG-0206,DEFINING_TAG
CTAG-0079,COL-0085,TAG-0258,DEFINING_TAG
CTAG-0080,COL-0087,TAG-0269,DEFINING_TAG
CTAG-0081,COL-0088,TAG-0270,DEFINING_TAG
CTAG-0082,COL-0089,TAG-0271,DEFINING_TAG
CTAG-0083,COL-0090,TAG-0272,DEFINING_TAG
CTAG-0084,COL-0091,TAG-0273,DEFINING_TAG
CTAG-0085,COL-0092,TAG-0274,DEFINING_TAG
CTAG-0086,COL-0093,TAG-0275,DEFINING_TAG
CTAG-0087,COL-0094,TAG-0276,DEFINING_TAG
CTAG-0088,COL-0095,TAG-0277,DEFINING_TAG
CTAG-0089,COL-0096,TAG-0278,DEFINING_TAG
CTAG-0090,COL-0097,TAG-0279,DEFINING_TAG
CTAG-0091,COL-0098,TAG-0280,DEFINING_TAG
CTAG-0092,COL-0099,TAG-0281,DEFINING_TAG
CTAG-0093,COL-0100,TAG-0282,DEFINING_TAG
CTAG-0094,COL-0101,TAG-0283,DEFINING_TAG
CTAG-0095,COL-0102,TAG-0284,DEFINING_TAG
CTAG-0096,COL-0103,TAG-0285,DEFINING_TAG
CTAG-0097,COL-0104,TAG-0286,DEFINING_TAG
