theme_id,school_year,level,program_scope,theme_title,section_path,source_line
THM-001,2026-2027,CM2,Tronc commun,Thème 1 — Le temps de la République,3. CM2 — année scolaire 2026-2027 > 3.2 Thème 1 — Le temps de la République,200
THM-002,2026-2027,CM2,Tronc commun,Thème 2 — L’âge industriel en France,3. CM2 — année scolaire 2026-2027 > 3.3 Thème 2 — L’âge industriel en France,215
THM-003,2026-2027,CM2,Tronc commun,Thème 3 — Guerres mondiales et construction européenne,3. CM2 — année scolaire 2026-2027 > 3.4 Thème 3 — Guerres mondiales et construction européenne,231
THM-004,2026-2027,6e,Tronc commun,Thème 1 — La longue histoire de l’humanité et des migrations,4. 6e — année scolaire 2026-2027 > 4.2 Thème 1 — La longue histoire de l’humanité et des migrations,290
THM-005,2026-2027,6e,Tronc commun,"Thème 2 — Récits fondateurs, croyances et citoyenneté dans la Méditerranée antique","4. 6e — année scolaire 2026-2027 > 4.3 Thème 2 — Récits fondateurs, croyances et citoyenneté dans la Méditerranée antique",333
THM-006,2026-2027,6e,Tronc commun,Thème 3 — L’Empire romain dans le monde antique,4. 6e — année scolaire 2026-2027 > 4.4 Thème 3 — L’Empire romain dans le monde antique,394
THM-007,2026-2027,5e,Tronc commun,"Thème 1 — Chrétientés et islam (VIe-XIIIe siècles), des mondes en contact","5. 5e — année scolaire 2026-2027 > 5.2 Thème 1 — Chrétientés et islam (VIe-XIIIe siècles), des mondes en contact",560
THM-008,2026-2027,5e,Tronc commun,Événements complémentaires directement utiles au thème 1,"5. 5e — année scolaire 2026-2027 > 5.2 Thème 1 — Chrétientés et islam (VIe-XIIIe siècles), des mondes en contact > Événements complémentaires directement utiles au thème 1",649
THM-009,2026-2027,5e,Tronc commun,"Thème 2 — Société, Église et pouvoir politique dans l'Occident féodal (XIe-XVe siècles)","5. 5e — année scolaire 2026-2027 > 5.3 Thème 2 — Société, Église et pouvoir politique dans l'Occident féodal (XIe-XVe siècles)",666
THM-010,2026-2027,5e,Tronc commun,Autres événements directement exploitables pour le thème 2,"5. 5e — année scolaire 2026-2027 > 5.3 Thème 2 — Société, Église et pouvoir politique dans l'Occident féodal (XIe-XVe siècles) > Autres événements directement exploitables pour le thème 2",738
THM-011,2026-2027,5e,Tronc commun,Thème 3 — Transformations de l'Europe et ouverture sur le monde aux XVIe et XVIIe siècles,5. 5e — année scolaire 2026-2027 > 5.4 Thème 3 — Transformations de l'Europe et ouverture sur le monde aux XVIe et XVIIe siècles,755
THM-012,2026-2027,5e,Tronc commun,Événements complémentaires directement utiles au thème 3,5. 5e — année scolaire 2026-2027 > 5.4 Thème 3 — Transformations de l'Europe et ouverture sur le monde aux XVIe et XVIIe siècles > Événements complémentaires directement utiles au thème 3,856
THM-013,2026-2027,4e,Tronc commun,"Thème 1 — Le XVIIIe siècle. Expansions, Lumières et révolutions","6. 4e — année scolaire 2026-2027 > 6.2 Thème 1 — Le XVIIIe siècle. Expansions, Lumières et révolutions",972
THM-014,2026-2027,4e,Tronc commun,Thème 2 — L'Europe et le monde au XIXe siècle,6. 4e — année scolaire 2026-2027 > 6.3 Thème 2 — L'Europe et le monde au XIXe siècle,1106
THM-015,2026-2027,4e,Tronc commun,"Thème 3 — Société, culture et politique dans la France du XIXe siècle","6. 4e — année scolaire 2026-2027 > 6.4 Thème 3 — Société, culture et politique dans la France du XIXe siècle",1244
THM-016,2026-2027,3e,Tronc commun,"Thème 1 — L'Europe, un théâtre majeur des guerres totales (1914-1945)","7. 3e — année scolaire 2026-2027 > 7.2 Thème 1 — L'Europe, un théâtre majeur des guerres totales (1914-1945)",1529
THM-017,2026-2027,3e,Tronc commun,Thème 2 — Le monde depuis 1945,7. 3e — année scolaire 2026-2027 > 7.3 Thème 2 — Le monde depuis 1945,1694
THM-018,2026-2027,3e,Tronc commun,Thème 3 — Françaises et Français dans une République repensée,7. 3e — année scolaire 2026-2027 > 7.4 Thème 3 — Françaises et Français dans une République repensée,1832
THM-019,2026-2027,Seconde générale et technologique,Tronc commun,Thème 1 — Le monde méditerranéen : empreintes de l’Antiquité et du Moyen Âge,8. Seconde générale et technologique — année scolaire 2026-2027 > 8.3 Thème 1 — Le monde méditerranéen : empreintes de l’Antiquité et du Moyen Âge,2158
THM-020,2026-2027,Seconde générale et technologique,Tronc commun,"Thème 2 — XVe-XVIe siècles : un nouveau rapport au monde, un temps de mutation intellectuelle","8. Seconde générale et technologique — année scolaire 2026-2027 > 8.4 Thème 2 — XVe-XVIe siècles : un nouveau rapport au monde, un temps de mutation intellectuelle",2208
THM-021,2026-2027,Seconde générale et technologique,Tronc commun,Thème 3 — L’État à l’époque moderne : France et Angleterre,8. Seconde générale et technologique — année scolaire 2026-2027 > 8.5 Thème 3 — L’État à l’époque moderne : France et Angleterre,2278
THM-022,2026-2027,Seconde générale et technologique,Tronc commun,Thème 4 — Dynamiques et ruptures dans les sociétés des XVIIe et XVIIIe siècles,8. Seconde générale et technologique — année scolaire 2026-2027 > 8.6 Thème 4 — Dynamiques et ruptures dans les sociétés des XVIIe et XVIIIe siècles,2420
THM-023,2026-2027,Seconde générale et technologique,Tronc commun,Les autres PPO du thème 4 sont surtout des processus sociaux,8. Seconde générale et technologique — année scolaire 2026-2027 > 8.6 Thème 4 — Dynamiques et ruptures dans les sociétés des XVIIe et XVIIIe siècles > 8.6.6 Les autres PPO du thème 4 sont surtout des processus sociaux,2495
THM-024,2026-2027,Première générale,Tronc commun,Thème 1 — L’Europe face aux révolutions,9. Première générale — année scolaire 2026-2027 > 9.2 Thème 1 — L’Europe face aux révolutions,2677
THM-025,2026-2027,Première générale,Tronc commun,Thème 2 — La France dans l’Europe des nationalités : politique et société (1848-1871),9. Première générale — année scolaire 2026-2027 > 9.3 Thème 2 — La France dans l’Europe des nationalités : politique et société (1848-1871),2759
THM-026,2026-2027,Première générale,Tronc commun,"Thème 3 — La Troisième République avant 1914 : un régime politique, un empire colonial","9. Première générale — année scolaire 2026-2027 > 9.4 Thème 3 — La Troisième République avant 1914 : un régime politique, un empire colonial",2840
THM-027,2026-2027,Première générale,Tronc commun,Thème 4 — La Première Guerre mondiale : le « suicide de l’Europe » et la fin des empires européens,9. Première générale — année scolaire 2026-2027 > 9.5 Thème 4 — La Première Guerre mondiale : le « suicide de l’Europe » et la fin des empires européens,2963
THM-028,2026-2027,Seconde générale et technologique,Tronc commun,"Thème 1 — Fragilités des démocraties, totalitarismes et Seconde Guerre mondiale (1929-1945)","10. Terminale générale — année scolaire 2026-2027 > 10.2 Thème 1 — Fragilités des démocraties, totalitarismes et Seconde Guerre mondiale (1929-1945)",3227
THM-029,2026-2027,Terminale générale,Tronc commun,Thème 2 — La multiplication des acteurs internationaux dans un monde bipolaire (1945-début des années 1970),10. Terminale générale — année scolaire 2026-2027 > 10.3 Thème 2 — La multiplication des acteurs internationaux dans un monde bipolaire (1945-début des années 1970),3427
THM-030,2026-2027,Terminale générale,Tronc commun,"Thème 3 — Les remises en cause économiques, politiques et sociales des années 1970 à 1991","10. Terminale générale — année scolaire 2026-2027 > 10.4 Thème 3 — Les remises en cause économiques, politiques et sociales des années 1970 à 1991",3609
THM-031,2026-2027,Terminale générale,Tronc commun,"Thème 4 — Le monde, l’Europe et la France depuis les années 1990, entre coopérations et conflits","10. Terminale générale — année scolaire 2026-2027 > 10.5 Thème 4 — Le monde, l’Europe et la France depuis les années 1990, entre coopérations et conflits",3686
THM-032,2026-2027,Terminale générale,Tronc commun,Thème 1,"10. Terminale générale — année scolaire 2026-2027 > 10.6 Événements de contexte explicitement demandés par le BO, hors PPO datés > Thème 1",3788
THM-033,2026-2027,Terminale générale,Tronc commun,Thème 2,"10. Terminale générale — année scolaire 2026-2027 > 10.6 Événements de contexte explicitement demandés par le BO, hors PPO datés > Thème 2",3795
THM-034,2026-2027,Terminale générale,Tronc commun,Thème 3,"10. Terminale générale — année scolaire 2026-2027 > 10.6 Événements de contexte explicitement demandés par le BO, hors PPO datés > Thème 3",3807
THM-035,2026-2027,Terminale générale,Tronc commun,Thème 4,"10. Terminale générale — année scolaire 2026-2027 > 10.6 Événements de contexte explicitement demandés par le BO, hors PPO datés > Thème 4",3817
THM-036,2026-2027,Première HGGSP,HGGSP,Thème 1 — Comprendre un régime politique : la démocratie,11. HGGSP — Première et Terminale générales — année scolaire 2026-2027 > 11.2 HGGSP Première — « Acquérir des clefs de compréhension du monde contemporain » > 11.2.1 Thème 1 — Comprendre un régime politique : la démocratie,3983
THM-037,2026-2027,Première HGGSP,HGGSP,Thème 2 — Analyser les dynamiques des puissances internationales,11. HGGSP — Première et Terminale générales — année scolaire 2026-2027 > 11.2 HGGSP Première — « Acquérir des clefs de compréhension du monde contemporain » > 11.2.2 Thème 2 — Analyser les dynamiques des puissances internationales,4019
THM-038,2026-2027,Première HGGSP,HGGSP,Thème 3 — Étudier les divisions politiques du monde : les frontières,11. HGGSP — Première et Terminale générales — année scolaire 2026-2027 > 11.2 HGGSP Première — « Acquérir des clefs de compréhension du monde contemporain » > 11.2.3 Thème 3 — Étudier les divisions politiques du monde : les frontières,4044
THM-039,2026-2027,Première HGGSP,HGGSP,Thème 4 — S’informer : un regard critique sur les sources et modes de communication,11. HGGSP — Première et Terminale générales — année scolaire 2026-2027 > 11.2 HGGSP Première — « Acquérir des clefs de compréhension du monde contemporain » > 11.2.4 Thème 4 — S’informer : un regard critique sur les sources et modes de communication,4082
THM-040,2026-2027,Première HGGSP,HGGSP,Thème 5 — Analyser les relations entre États et religions,11. HGGSP — Première et Terminale générales — année scolaire 2026-2027 > 11.2 HGGSP Première — « Acquérir des clefs de compréhension du monde contemporain » > 11.2.5 Thème 5 — Analyser les relations entre États et religions,4110
THM-041,2026-2027,Terminale HGGSP,HGGSP,Thème 1 — De nouveaux espaces de conquête,11. HGGSP — Première et Terminale générales — année scolaire 2026-2027 > 11.3 HGGSP Terminale > 11.3.1 Thème 1 — De nouveaux espaces de conquête,4137
THM-042,2026-2027,Terminale HGGSP,HGGSP,"Thème 2 — Faire la guerre, faire la paix : formes de conflits et modes de résolution","11. HGGSP — Première et Terminale générales — année scolaire 2026-2027 > 11.3 HGGSP Terminale > 11.3.2 Thème 2 — Faire la guerre, faire la paix : formes de conflits et modes de résolution",4169
THM-043,2026-2027,Terminale HGGSP,HGGSP,Thème 3 — Histoire et mémoires,11. HGGSP — Première et Terminale générales — année scolaire 2026-2027 > 11.3 HGGSP Terminale > 11.3.3 Thème 3 — Histoire et mémoires,4199
THM-044,2026-2027,Terminale HGGSP,HGGSP,"Thème 4 — Identifier, protéger et valoriser le patrimoine : enjeux géopolitiques","11. HGGSP — Première et Terminale générales — année scolaire 2026-2027 > 11.3 HGGSP Terminale > 11.3.4 Thème 4 — Identifier, protéger et valoriser le patrimoine : enjeux géopolitiques",4228
THM-045,2026-2027,Terminale HGGSP,HGGSP,"Thème 5 — L’environnement, entre exploitation et protection : un enjeu planétaire","11. HGGSP — Première et Terminale générales — année scolaire 2026-2027 > 11.3 HGGSP Terminale > 11.3.5 Thème 5 — L’environnement, entre exploitation et protection : un enjeu planétaire",4256
THM-046,2026-2027,Terminale HGGSP,HGGSP,Thème 6 — L’enjeu de la connaissance,11. HGGSP — Première et Terminale générales — année scolaire 2026-2027 > 11.3 HGGSP Terminale > 11.3.6 Thème 6 — L’enjeu de la connaissance,4287
